response_id,random_text_flag,gender,region_raw,age,education_raw,residency_status_raw,ideology_scale_raw,party_id_raw,religion_raw,direct_pride_korea,direct_pride_korea_initial,list_pride_count,list_pride_treatment_arm,direct_nksk_maintain,list_nksk_count,list_nksk_treatment_arm,national_identity_strength
R_4cS4dAaQfPqLPGa,1,남성,경북,48,대학교,예,5,국민의힘,기독교,어느 정도 자랑스럽다,매우 자랑스럽다,3,Q61|Q62,약간 찬성함,2,Q64|Q65,6
R_4CjkL3IgMs1f2yB,1,여성,경기도,23,대학교,예,"1
진보",더불어민주당,천주교,별로 자랑스럽지 않다,전혀 자랑스럽지 않다,1,Q60|Q62,약간 찬성함,2,Q63|Q65,10
R_4ANUbio9X2Llw77,1,남성,서울,54,대학교,예,6,국민의힘,기독교,어느 정도 자랑스럽다,어느 정도 자랑스럽다,3,Q60|Q62,매우 찬성함,2,Q64|Q65,8
R_4Aj6HZZJeKRPKEx,0,남성,경기도,37,대학교,예,5,더불어민주당,무교,어느 정도 자랑스럽다,어느 정도 자랑스럽다,4,Q61|Q62,별로 찬성하지 않음,1,Q63|Q65,10
R_4uW7kWvrWbzvxBL,0,남성,경기도,42,대학교,예,5,잘 모르겠다,무교,어느 정도 자랑스럽다,어느 정도 자랑스럽다,1,Q61|Q62,별로 찬성하지 않음,1,Q64|Q65,10
R_4akPKaLPXwR7elK,0,여성,경북,40,전문 대학교(기술 학교 포함),예,5,잘 모르겠다,불교,매우 자랑스럽다,매우 자랑스럽다,1,Q60|Q62,매우 찬성함,2,Q64|Q65,7
R_4mwnDqrvMkE3K9j,1,남성,서울,46,대학교,예,3,더불어민주당,무교,어느 정도 자랑스럽다,어느 정도 자랑스럽다,2,Q61|Q62,매우 찬성함,1,Q63|Q65,9
R_4coHYl1LLktDos1,0,남성,서울,59,고등학교,예,3,더불어민주당,기독교,전혀 자랑스럽지 않다,전혀 자랑스럽지 않다,2,Q61|Q62,약간 찬성함,1,Q63|Q65,3
R_4bVHzBcpj0ZLYch,0,여성,경기도,45,대학교,예,5,잘 모르겠다,기독교,전혀 자랑스럽지 않다,전혀 자랑스럽지 않다,1,Q60|Q62,매우 찬성함,1,Q63|Q65,5
R_42K2FdicrYtheVS,1,남성,충북,37,대학교,예,6,다른 정당,기독교,별로 자랑스럽지 않다,별로 자랑스럽지 않다,1,Q61|Q62,별로 찬성하지 않음,2,Q63|Q65,4
R_4IlFpC7UO6rphLP,0,남성,서울,52,대학원 이상,예,6,더불어민주당,기독교,어느 정도 자랑스럽다,어느 정도 자랑스럽다,1,Q61|Q62,약간 찬성함,2,Q64|Q65,6
R_4TTOGLRx3U3ezoB,0,남성,경기도,53,대학교,예,6,국민의힘,무교,어느 정도 자랑스럽다,어느 정도 자랑스럽다,3,Q61|Q62,약간 찬성함,2,Q63|Q65,6
R_4J7ORglin78e0aB,0,남성,서울,56,대학교,예,5,국민의힘,무교,어느 정도 자랑스럽다,어느 정도 자랑스럽다,3,Q61|Q62,매우 찬성함,2,Q64|Q65,8
R_4WSxHCjBxvN85sn,1,여성,서울,26,대학교,예,6,더불어민주당,천주교,별로 자랑스럽지 않다,어느 정도 자랑스럽다,0,Q60|Q62,약간 찬성함,2,Q64|Q65,6
R_4IPYn7l8KHThGwh,1,남성,경기도,61,고등학교,예,3,더불어민주당,무교,어느 정도 자랑스럽다,어느 정도 자랑스럽다,2,Q60|Q62,전혀 찬성하지 않음,1,Q63|Q65,9
R_4R9J9QL9q2k1fNl,0,여성,서울,30,대학교,예,2,더불어민주당,기타,어느 정도 자랑스럽다,어느 정도 자랑스럽다,2,Q61|Q62,전혀 찬성하지 않음,1,Q64|Q65,10
R_44PxjPW0RdLDPCF,1,남성,경남,55,대학원 이상,예,5,더불어민주당,무교,어느 정도 자랑스럽다,어느 정도 자랑스럽다,2,Q61|Q62,별로 찬성하지 않음,2,Q63|Q65,8
R_4i41dMuqneqTQkz,0,남성,경북,48,대학교,예,5,국민의힘,무교,어느 정도 자랑스럽다,어느 정도 자랑스럽다,4,Q61|Q62,약간 찬성함,1,Q63|Q65,10
R_4nOYpHc5vO2A5ei,1,여성,서울,26,전문 대학교(기술 학교 포함),예,5,잘 모르겠다,무교,별로 자랑스럽지 않다,어느 정도 자랑스럽다,3,Q60|Q62,매우 찬성함,1,Q63|Q65,6
R_4zcDzPKV6j6qpF0,0,여성,서울,35,대학원 이상,예,4,더불어민주당,무교,어느 정도 자랑스럽다,어느 정도 자랑스럽다,3,Q60|Q62,전혀 찬성하지 않음,1,Q63|Q65,10
R_4asK4ZXzmsSYh2J,0,여성,전남,68,대학교,예,4,더불어민주당,기독교,매우 자랑스럽다,매우 자랑스럽다,3,Q60|Q62,약간 찬성함,2,Q64|Q65,10
R_4Cwj25nbYek8xb7,1,여성,경기도,42,고등학교,예,5,더불어민주당,무교,어느 정도 자랑스럽다,어느 정도 자랑스럽다,2,Q61|Q62,약간 찬성함,1,Q64|Q65,3
R_40BHiXzQYav6HdL,0,남성,경기도,41,전문 대학교(기술 학교 포함),예,6,잘 모르겠다,기독교,매우 자랑스럽다,매우 자랑스럽다,3,Q61|Q62,매우 찬성함,1,Q63|Q65,10
R_4Tv2ld5T6mqAjmy,0,남성,경기도,68,대학원 이상,예,7,국민의힘,무교,별로 자랑스럽지 않다,어느 정도 자랑스럽다,2,Q60|Q62,별로 찬성하지 않음,1,Q63|Q65,10
R_4Mm7beXEwoVquR8,0,여성,서울,37,대학교,예,5,국민의힘,무교,어느 정도 자랑스럽다,어느 정도 자랑스럽다,1,Q61|Q62,약간 찬성함,1,Q63|Q65,10
R_4kOAvxEs6k9nbz3,0,남성,경북,57,대학교,예,6,국민의힘,천주교,매우 자랑스럽다,매우 자랑스럽다,4,Q61|Q62,별로 찬성하지 않음,1,Q63|Q65,10
R_4oyyJuGj9jWmA05,0,여성,서울,32,대학교,예,5,잘 모르겠다,무교,어느 정도 자랑스럽다,어느 정도 자랑스럽다,2,Q61|Q62,약간 찬성함,1,Q63|Q65,8
R_4gM7Q1UQK2MrDgh,0,남성,경기도,67,대학교,예,6,국민의힘,천주교,어느 정도 자랑스럽다,어느 정도 자랑스럽다,4,Q61|Q62,전혀 찬성하지 않음,1,Q64|Q65,10
R_4rMO6Aoo7MxFjD2,1,남성,경북,71,고등학교,예,8,국민의힘,무교,전혀 자랑스럽지 않다,별로 자랑스럽지 않다,1,Q60|Q62,전혀 찬성하지 않음,1,Q63|Q65,10
R_42IViC7XwoMDd4d,1,남성,경기도,60,대학원 이상,예,5,잘 모르겠다,무교,어느 정도 자랑스럽다,어느 정도 자랑스럽다,2,Q60|Q62,약간 찬성함,1,Q63|Q65,7
R_4PUC9egZYLrzqv5,0,남성,경기도,60,대학교,예,3,다른 정당,기독교,별로 자랑스럽지 않다,전혀 자랑스럽지 않다,1,Q60|Q62,약간 찬성함,2,Q64|Q65,10
R_4fvoorRlcunlQrb,0,남성,서울,70,대학교,예,6,국민의힘,천주교,매우 자랑스럽다,매우 자랑스럽다,3,Q60|Q62,매우 찬성함,1,Q63|Q65,10
R_4s76ZEoInkstSCZ,1,남성,서울,58,대학교,예,7,국민의힘,기독교,매우 자랑스럽다,매우 자랑스럽다,3,Q60|Q62,전혀 찬성하지 않음,1,Q64|Q65,9
R_4LUWl6leBkhIzey,1,남성,경기도,72,대학교,예,5,잘 모르겠다,무교,별로 자랑스럽지 않다,별로 자랑스럽지 않다,3,Q60|Q62,매우 찬성함,1,Q63|Q65,8
R_4MAv6MALwpJ46z9,1,남성,서울,55,대학교,예,5,잘 모르겠다,무교,어느 정도 자랑스럽다,어느 정도 자랑스럽다,3,Q61|Q62,약간 찬성함,1,Q63|Q65,7
R_4uUU1v12rTljm31,0,남성,강원도,63,대학교,예,7,국민의힘,천주교,어느 정도 자랑스럽다,어느 정도 자랑스럽다,3,Q60|Q62,약간 찬성함,2,Q64|Q65,8
R_4fH7AT1uqgIxoGN,0,남성,경기도,62,대학교,예,5,국민의힘,무교,어느 정도 자랑스럽다,어느 정도 자랑스럽다,4,Q61|Q62,약간 찬성함,2,Q63|Q65,9
R_4EhYvrud8xRm2P7,0,남성,서울,44,대학교,예,"10
보수",국민의힘,불교,매우 자랑스럽다,매우 자랑스럽다,1,Q60|Q62,매우 찬성함,1,Q64|Q65,10
R_4k6dUkh9NN7iOIT,0,남성,경북,61,대학교,예,7,국민의힘,불교,매우 자랑스럽다,매우 자랑스럽다,4,Q61|Q62,약간 찬성함,1,Q64|Q65,10
R_4j3xVSAdczFP4dQ,0,남성,서울,60,대학교,예,5,더불어민주당,천주교,어느 정도 자랑스럽다,어느 정도 자랑스럽다,2,Q60|Q62,약간 찬성함,1,Q63|Q65,10
R_44oR8ImRliH4DuT,1,남성,강원도,67,대학교,예,5,더불어민주당,무교,어느 정도 자랑스럽다,어느 정도 자랑스럽다,3,Q60|Q62,전혀 찬성하지 않음,1,Q63|Q65,9
R_4O6sLzTcWqO8QUP,0,남성,서울,57,대학원 이상,예,5,국민의힘,기독교,어느 정도 자랑스럽다,어느 정도 자랑스럽다,4,Q61|Q62,별로 찬성하지 않음,1,Q64|Q65,9
R_4GwdCsFP10wgBtY,1,남성,서울,56,대학교,예,4,녹색정의당,무교,전혀 자랑스럽지 않다,전혀 자랑스럽지 않다,2,Q60|Q62,매우 찬성함,3,Q64|Q65,7
R_4GDOdXuT4lrkIVs,1,남성,서울,68,대학교,예,4,다른 정당,기독교,별로 자랑스럽지 않다,별로 자랑스럽지 않다,1,Q61|Q62,전혀 찬성하지 않음,1,Q64|Q65,9
R_4FW3WlFFbJnJoQj,1,남성,서울,64,대학원 이상,예,5,잘 모르겠다,무교,어느 정도 자랑스럽다,어느 정도 자랑스럽다,1,Q60|Q62,약간 찬성함,2,Q64|Q65,10
R_4gYR59gsynOkeOm,0,남성,서울,73,고등학교,예,5,국민의힘,무교,매우 자랑스럽다,매우 자랑스럽다,3,Q61|Q62,별로 찬성하지 않음,2,Q63|Q65,10
R_4npVZXfEImzQ0CH,0,남성,서울,67,대학원 이상,예,9,국민의힘,기독교,어느 정도 자랑스럽다,어느 정도 자랑스럽다,3,Q60|Q62,매우 찬성함,2,Q64|Q65,9
R_4ndx0nt6SZUTkM2,1,남성,경기도,72,대학교,예,9,국민의힘,무교,별로 자랑스럽지 않다,별로 자랑스럽지 않다,2,Q60|Q62,매우 찬성함,2,Q64|Q65,8
R_4PtyAaDI1o4W8YF,1,남성,경기도,62,대학원 이상,예,5,잘 모르겠다,무교,어느 정도 자랑스럽다,어느 정도 자랑스럽다,2,Q60|Q62,약간 찬성함,3,Q64|Q65,10
R_4EiHSY45ijD8bsx,0,남성,서울,55,대학교,예,9,국민의힘,무교,매우 자랑스럽다,어느 정도 자랑스럽다,2,Q61|Q62,매우 찬성함,1,Q64|Q65,9
R_4rIY0d15bCenCSt,1,남성,경기도,70,대학원 이상,예,9,국민의힘,기독교,매우 자랑스럽다,매우 자랑스럽다,2,Q60|Q62,매우 찬성함,2,Q63|Q65,10
R_43x3Ng5LVia5UvD,0,남성,서울,59,대학교,예,6,다른 정당,불교,매우 자랑스럽다,매우 자랑스럽다,4,Q61|Q62,약간 찬성함,1,Q63|Q65,10
R_4EpclGUx13HsVgG,1,남성,서울,59,대학원 이상,예,5,더불어민주당,기타,어느 정도 자랑스럽다,어느 정도 자랑스럽다,2,Q60|Q62,전혀 찬성하지 않음,1,Q64|Q65,6
R_4dBpIQdvRE4D4u2,1,남성,서울,64,대학교,예,7,국민의힘,무교,매우 자랑스럽다,매우 자랑스럽다,3,Q61|Q62,전혀 찬성하지 않음,1,Q64|Q65,10
R_4zUTHPXvHp0oQFO,0,남성,경기도,65,대학원 이상,예,4,더불어민주당,무교,어느 정도 자랑스럽다,어느 정도 자랑스럽다,3,Q61|Q62,전혀 찬성하지 않음,1,Q63|Q65,8
R_4kFxrskBQ6F9OAz,1,남성,경기도,75,대학교,예,6,국민의힘,불교,매우 자랑스럽다,매우 자랑스럽다,3,Q61|Q62,약간 찬성함,2,Q64|Q65,9
R_4jOhjrfADBpZ8aJ,0,남성,경북,57,대학교,예,5,잘 모르겠다,불교,어느 정도 자랑스럽다,어느 정도 자랑스럽다,1,Q60|Q62,약간 찬성함,1,Q63|Q65,2
R_4iVW5RYwgXs5JHH,1,남성,서울,54,대학원 이상,예,8,국민의힘,천주교,어느 정도 자랑스럽다,어느 정도 자랑스럽다,2,Q61|Q62,별로 찬성하지 않음,1,Q64|Q65,8
R_4rckq8E7c4OkIKJ,0,남성,서울,78,대학교,예,8,국민의힘,무교,매우 자랑스럽다,매우 자랑스럽다,4,Q61|Q62,매우 찬성함,2,Q64|Q65,9
R_4KxeZftMOXb6XrW,1,남성,경기도,61,대학원 이상,예,6,국민의힘,천주교,매우 자랑스럽다,매우 자랑스럽다,2,Q60|Q62,약간 찬성함,2,Q64|Q65,10
R_4qvv7P243IKaxhf,1,남성,경기도,68,대학원 이상,예,4,더불어민주당,기독교,어느 정도 자랑스럽다,어느 정도 자랑스럽다,2,Q61|Q62,전혀 찬성하지 않음,1,Q64|Q65,10
R_4Hhlc1r1TTgQ1V0,1,남성,서울,56,고등학교,예,4,더불어민주당,불교,전혀 자랑스럽지 않다,전혀 자랑스럽지 않다,3,Q60|Q62,전혀 찬성하지 않음,0,Q63|Q65,8
R_4MytjBEzhS2UBtR,1,남성,서울,67,대학교,예,5,국민의힘,무교,매우 자랑스럽다,매우 자랑스럽다,1,Q61|Q62,전혀 찬성하지 않음,1,Q64|Q65,5
R_4pW7JtZ86u0JrmE,0,남성,경기도,66,고등학교,예,5,잘 모르겠다,무교,매우 자랑스럽다,어느 정도 자랑스럽다,2,Q60|Q62,별로 찬성하지 않음,1,Q63|Q65,10
R_49U7loaIo1WREFr,1,남성,서울,58,전문 대학교(기술 학교 포함),예,5,잘 모르겠다,무교,전혀 자랑스럽지 않다,별로 자랑스럽지 않다,2,Q61|Q62,약간 찬성함,2,Q64|Q65,5
R_4oGCyrLcpJ23T7y,1,남성,서울,60,대학교,예,5,더불어민주당,기독교,어느 정도 자랑스럽다,어느 정도 자랑스럽다,3,Q61|Q62,약간 찬성함,1,Q64|Q65,9
R_4QFovG5ABwYZn7O,0,남성,서울,46,대학교,예,2,녹색정의당,무교,별로 자랑스럽지 않다,별로 자랑스럽지 않다,3,Q61|Q62,별로 찬성하지 않음,2,Q64|Q65,8
R_4niwtDB1x8vnFzx,0,남성,서울,55,고등학교,예,3,더불어민주당,무교,어느 정도 자랑스럽다,어느 정도 자랑스럽다,2,Q60|Q62,별로 찬성하지 않음,1,Q63|Q65,10
R_4dMI6Z81gCil9Ei,1,남성,경기도,58,대학교,예,5,잘 모르겠다,무교,매우 자랑스럽다,매우 자랑스럽다,2,Q60|Q62,전혀 찬성하지 않음,1,Q64|Q65,10
R_4BGMI3zpGD7e5X3,1,남성,서울,59,대학교,예,8,국민의힘,무교,매우 자랑스럽다,매우 자랑스럽다,4,Q61|Q62,매우 찬성함,2,Q64|Q65,10
R_4yk69krMHpBeJKF,1,남성,경북,65,대학원 이상,예,3,잘 모르겠다,무교,매우 자랑스럽다,매우 자랑스럽다,4,Q61|Q62,별로 찬성하지 않음,1,Q64|Q65,10
R_4kNqXSNQqdOPZDD,1,남성,충남,61,대학교,예,3,더불어민주당,천주교,매우 자랑스럽다,매우 자랑스럽다,2,Q60|Q62,약간 찬성함,1,Q63|Q65,10
R_4RBfnib367KTaJH,1,남성,충남,60,대학교,예,8,국민의힘,무교,매우 자랑스럽다,매우 자랑스럽다,1,Q60|Q62,약간 찬성함,1,Q64|Q65,10
R_4V9GHYbrzJT4ewu,0,남성,서울,56,대학교,예,5,다른 정당,무교,어느 정도 자랑스럽다,어느 정도 자랑스럽다,1,Q60|Q62,별로 찬성하지 않음,1,Q63|Q65,7
R_41u3POBnsXDSBNv,0,남성,경기도,56,전문 대학교(기술 학교 포함),예,7,국민의힘,기독교,매우 자랑스럽다,매우 자랑스럽다,2,Q61|Q62,전혀 찬성하지 않음,1,Q64|Q65,9
R_4HXKrmdgA7xnr2x,1,남성,경기도,64,대학원 이상,예,9,국민의힘,기독교,어느 정도 자랑스럽다,매우 자랑스럽다,4,Q61|Q62,매우 찬성함,1,Q63|Q65,10
R_4O1GbDHtBRk8HUB,0,남성,서울,57,대학교,예,8,국민의힘,불교,어느 정도 자랑스럽다,어느 정도 자랑스럽다,3,Q60|Q62,별로 찬성하지 않음,1,Q63|Q65,10
R_4dGIZcDPYgTAMNk,0,남성,경북,59,대학교,예,5,더불어민주당,무교,어느 정도 자랑스럽다,어느 정도 자랑스럽다,1,Q60|Q62,약간 찬성함,2,Q64|Q65,8
R_4LHym5bedP4csNx,0,남성,경기도,57,대학교,예,5,잘 모르겠다,무교,어느 정도 자랑스럽다,어느 정도 자랑스럽다,0,Q61|Q62,약간 찬성함,1,Q64|Q65,10
R_4WVFOHZlDHKbful,0,남성,서울,64,대학교,예,2,더불어민주당,무교,별로 자랑스럽지 않다,별로 자랑스럽지 않다,3,Q60|Q62,매우 찬성함,3,Q63|Q65,3
R_41inj2J4LgAoMHo,0,남성,경기도,66,전문 대학교(기술 학교 포함),예,8,국민의힘,천주교,별로 자랑스럽지 않다,별로 자랑스럽지 않다,2,Q61|Q62,매우 찬성함,1,Q63|Q65,10
R_4YK4URMxtQZBER3,0,남성,서울,57,대학원 이상,예,6,국민의힘,천주교,어느 정도 자랑스럽다,어느 정도 자랑스럽다,1,Q60|Q62,매우 찬성함,2,Q64|Q65,9
R_411iAzP8mzwUzuw,1,남성,서울,62,대학교,예,6,더불어민주당,무교,별로 자랑스럽지 않다,별로 자랑스럽지 않다,2,Q61|Q62,별로 찬성하지 않음,1,Q63|Q65,8
R_4C25yIDVFK8lkzG,1,남성,서울,59,대학교,예,6,국민의힘,기독교,어느 정도 자랑스럽다,어느 정도 자랑스럽다,4,Q61|Q62,별로 찬성하지 않음,2,Q64|Q65,8
R_4KTk2MF0oCy7i3d,1,남성,경기도,56,대학교,예,5,더불어민주당,무교,어느 정도 자랑스럽다,별로 자랑스럽지 않다,2,Q61|Q62,약간 찬성함,2,Q64|Q65,7
R_4RkiQ66p6GiNj4M,1,남성,경기도,59,대학교,예,7,잘 모르겠다,무교,별로 자랑스럽지 않다,별로 자랑스럽지 않다,1,Q60|Q62,약간 찬성함,3,Q64|Q65,10
R_4e7QuSFbvgT1Ktr,1,남성,경기도,51,대학교,예,5,더불어민주당,기독교,매우 자랑스럽다,어느 정도 자랑스럽다,4,Q61|Q62,별로 찬성하지 않음,3,Q64|Q65,10
R_4xPJEZkGotetFbS,1,남성,경기도,61,대학교,예,5,다른 정당,무교,어느 정도 자랑스럽다,어느 정도 자랑스럽다,3,Q61|Q62,별로 찬성하지 않음,1,Q64|Q65,8
R_42Rv03VhQRTYa2I,1,남성,서울,57,대학교,예,3,더불어민주당,불교,어느 정도 자랑스럽다,어느 정도 자랑스럽다,2,Q60|Q62,별로 찬성하지 않음,1,Q64|Q65,10
R_4vmtg5XsUgz3HUJ,1,남성,전남,56,대학교,예,5,다른 정당,기타,별로 자랑스럽지 않다,별로 자랑스럽지 않다,3,Q60|Q62,전혀 찬성하지 않음,1,Q64|Q65,7
R_4obxyBGWvIdDHvF,1,남성,경북,57,대학교,예,5,잘 모르겠다,무교,어느 정도 자랑스럽다,어느 정도 자랑스럽다,2,Q60|Q62,약간 찬성함,0,Q63|Q65,6
R_4azqOMD6n1p3x5H,1,남성,경기도,56,대학교,예,5,더불어민주당,무교,어느 정도 자랑스럽다,어느 정도 자랑스럽다,1,Q61|Q62,약간 찬성함,1,Q63|Q65,8
R_4DP4XPB0YjpfWfm,1,남성,충남,64,대학교,예,4,잘 모르겠다,불교,매우 자랑스럽다,매우 자랑스럽다,4,Q61|Q62,약간 찬성함,1,Q64|Q65,9
R_4STex2QsCOHGMh3,0,남성,경북,58,고등학교,예,6,더불어민주당,기타,어느 정도 자랑스럽다,매우 자랑스럽다,3,Q60|Q62,약간 찬성함,3,Q64|Q65,7
R_4jbDn5kESvrwwjn,1,남성,충북,61,대학교,예,5,더불어민주당,불교,매우 자랑스럽다,매우 자랑스럽다,2,Q60|Q62,별로 찬성하지 않음,1,Q63|Q65,10
R_4Phs8IjAMOpfyS5,0,남성,경기도,57,고등학교,예,"1
진보",더불어민주당,무교,어느 정도 자랑스럽다,어느 정도 자랑스럽다,3,Q60|Q62,약간 찬성함,1,Q64|Q65,8
R_4rPlkuoCe3MHmh2,1,남성,서울,67,대학교,예,6,국민의힘,무교,어느 정도 자랑스럽다,어느 정도 자랑스럽다,3,Q61|Q62,약간 찬성함,3,Q64|Q65,8
R_4plMKIxTA7kUc8N,0,남성,전북,62,고등학교,예,3,더불어민주당,무교,별로 자랑스럽지 않다,별로 자랑스럽지 않다,1,Q61|Q62,전혀 찬성하지 않음,1,Q63|Q65,5
R_4OZ88l8ar9EBmxj,1,남성,경남,59,대학교,예,5,잘 모르겠다,불교,별로 자랑스럽지 않다,별로 자랑스럽지 않다,0,Q60|Q62,약간 찬성함,0,Q63|Q65,8
R_4tLsSnB8GwfUHyj,0,남성,경기도,58,대학교,예,2,더불어민주당,무교,어느 정도 자랑스럽다,어느 정도 자랑스럽다,4,Q61|Q62,약간 찬성함,1,Q63|Q65,6
R_4VNCVoGHtg21gyK,1,남성,서울,71,고등학교,예,"1
진보",더불어민주당,천주교,별로 자랑스럽지 않다,별로 자랑스럽지 않다,2,Q61|Q62,전혀 찬성하지 않음,0,Q63|Q65,5
R_4qKRhAejrA8z1KN,0,남성,경남,72,대학교,예,6,국민의힘,불교,매우 자랑스럽다,매우 자랑스럽다,2,Q60|Q62,매우 찬성함,1,Q64|Q65,10
R_4ctRDD5bEEBcIja,0,남성,충남,58,대학교,예,5,더불어민주당,불교,매우 자랑스럽다,매우 자랑스럽다,2,Q61|Q62,전혀 찬성하지 않음,2,Q63|Q65,7
R_44JmJVqkQuy6qTA,1,남성,경기도,58,대학원 이상,예,6,국민의힘,불교,매우 자랑스럽다,매우 자랑스럽다,3,Q60|Q62,매우 찬성함,1,Q63|Q65,5
R_4jV5te3U4nZBgGJ,0,남성,서울,68,대학교,예,6,국민의힘,천주교,매우 자랑스럽다,매우 자랑스럽다,3,Q60|Q62,약간 찬성함,1,Q63|Q65,10
R_4YFF479o17Y3ug1,0,남성,경기도,55,고등학교,예,5,더불어민주당,기독교,어느 정도 자랑스럽다,어느 정도 자랑스럽다,3,Q61|Q62,전혀 찬성하지 않음,1,Q64|Q65,8
R_4qf3EEyJ5QSNDev,0,남성,서울,66,고등학교,예,5,녹색정의당,무교,어느 정도 자랑스럽다,어느 정도 자랑스럽다,1,Q61|Q62,매우 찬성함,2,Q64|Q65,6
R_4fr8wNZ54kd4f2p,1,남성,경기도,55,고등학교,예,2,더불어민주당,무교,어느 정도 자랑스럽다,어느 정도 자랑스럽다,2,Q60|Q62,약간 찬성함,1,Q63|Q65,8
R_4ZB7rkHLa1GlH45,0,남성,서울,60,대학원 이상,예,7,국민의힘,천주교,어느 정도 자랑스럽다,어느 정도 자랑스럽다,2,Q60|Q62,매우 찬성함,3,Q64|Q65,7
R_4LqJiHhylfMgwLP,1,남성,경기도,54,대학교,예,7,잘 모르겠다,기독교,어느 정도 자랑스럽다,어느 정도 자랑스럽다,3,Q61|Q62,약간 찬성함,1,Q63|Q65,7
R_4KrQnRRAG2QLSZd,1,남성,경기도,58,대학교,예,3,더불어민주당,무교,어느 정도 자랑스럽다,어느 정도 자랑스럽다,2,Q61|Q62,전혀 찬성하지 않음,2,Q64|Q65,9
R_4qjxcVOcpxvJloN,1,남성,경기도,35,대학교,예,7,국민의힘,무교,어느 정도 자랑스럽다,어느 정도 자랑스럽다,3,Q61|Q62,별로 찬성하지 않음,3,Q64|Q65,8
R_4jFGSFCqvgJ1IpX,1,남성,경기도,65,대학교,예,6,국민의힘,불교,매우 자랑스럽다,매우 자랑스럽다,2,Q60|Q62,별로 찬성하지 않음,1,Q63|Q65,10
R_4VF6Kxn0ztrCI0h,0,남성,서울,57,대학원 이상,예,5,잘 모르겠다,무교,어느 정도 자랑스럽다,어느 정도 자랑스럽다,1,Q60|Q62,별로 찬성하지 않음,1,Q64|Q65,10
R_4E6wgOQ8PigZreX,0,남성,서울,58,대학교,예,5,더불어민주당,무교,어느 정도 자랑스럽다,매우 자랑스럽다,1,Q60|Q62,별로 찬성하지 않음,2,Q64|Q65,9
R_46WGGtpckRDaDyF,1,남성,경남,74,대학교,예,8,국민의힘,불교,매우 자랑스럽다,어느 정도 자랑스럽다,3,Q60|Q62,매우 찬성함,1,Q63|Q65,10
R_4oBAGtOkaLBymz9,0,남성,경기도,59,대학원 이상,예,6,국민의힘,천주교,어느 정도 자랑스럽다,어느 정도 자랑스럽다,1,Q60|Q62,약간 찬성함,2,Q64|Q65,5
R_42rnJrWR9QARsfj,1,남성,경기도,59,대학교,예,5,잘 모르겠다,불교,어느 정도 자랑스럽다,어느 정도 자랑스럽다,2,Q60|Q62,전혀 찬성하지 않음,1,Q63|Q65,10
R_4NtDzvFbzMgyCUO,0,남성,서울,56,대학교,예,7,국민의힘,무교,매우 자랑스럽다,매우 자랑스럽다,2,Q60|Q62,약간 찬성함,2,Q64|Q65,10
R_4qIHYiLeSWD0Vw4,1,남성,서울,65,대학교,예,9,국민의힘,기독교,어느 정도 자랑스럽다,어느 정도 자랑스럽다,3,Q60|Q62,약간 찬성함,1,Q63|Q65,9
R_4PhuKNS9idw9Qlw,0,남성,전남,65,대학교,예,4,더불어민주당,기독교,매우 자랑스럽다,매우 자랑스럽다,3,Q60|Q62,전혀 찬성하지 않음,2,Q64|Q65,10
R_4elJzwprFdFSRI5,0,남성,경기도,56,대학교,예,6,국민의힘,기독교,매우 자랑스럽다,매우 자랑스럽다,1,Q60|Q62,매우 찬성함,2,Q64|Q65,10
R_4FK9yJ6Edxpp9kG,1,남성,서울,53,대학교,예,3,더불어민주당,무교,매우 자랑스럽다,매우 자랑스럽다,2,Q61|Q62,약간 찬성함,3,Q64|Q65,9
R_44NxEjZWDyTgPz5,0,남성,경남,69,대학원 이상,예,7,국민의힘,천주교,어느 정도 자랑스럽다,어느 정도 자랑스럽다,2,Q60|Q62,별로 찬성하지 않음,2,Q64|Q65,10
R_5nOZIm8on1jc3CI,0,남성,경기도,56,전문 대학교(기술 학교 포함),예,5,국민의힘,천주교,어느 정도 자랑스럽다,어느 정도 자랑스럽다,3,Q60|Q62,매우 찬성함,1,Q64|Q65,10
R_44iGSLYDqtCqJ3z,1,남성,서울,66,대학교,예,6,국민의힘,기독교,어느 정도 자랑스럽다,어느 정도 자랑스럽다,3,Q60|Q62,별로 찬성하지 않음,0,Q64|Q65,6
R_4Mzl719zYSP6dCE,0,남성,경기도,69,대학교,예,6,잘 모르겠다,천주교,어느 정도 자랑스럽다,어느 정도 자랑스럽다,3,Q60|Q62,전혀 찬성하지 않음,1,Q63|Q65,10
R_4NfbWvu2pJNrmFO,0,남성,경남,58,고등학교,예,9,국민의힘,불교,매우 자랑스럽다,매우 자랑스럽다,2,Q60|Q62,약간 찬성함,2,Q64|Q65,8
R_4fACVIuKW5r5Tbo,1,남성,강원도,58,대학교,예,5,녹색정의당,무교,별로 자랑스럽지 않다,별로 자랑스럽지 않다,3,Q61|Q62,별로 찬성하지 않음,2,Q64|Q65,6
R_4tl3F5NdnRCNKQ4,0,남성,경북,64,대학교,예,7,국민의힘,무교,어느 정도 자랑스럽다,어느 정도 자랑스럽다,2,Q61|Q62,약간 찬성함,2,Q64|Q65,9
R_4QbkRjxJyqCc1YS,0,남성,서울,56,고등학교,예,4,더불어민주당,무교,어느 정도 자랑스럽다,어느 정도 자랑스럽다,1,Q60|Q62,별로 찬성하지 않음,1,Q64|Q65,10
R_47ytLpF28HmAbD3,0,남성,서울,65,대학원 이상,예,5,잘 모르겠다,무교,매우 자랑스럽다,매우 자랑스럽다,3,Q60|Q62,매우 찬성함,1,Q63|Q65,10
R_4GPM46y90GA8fLM,1,남성,경기도,66,대학교,예,5,더불어민주당,무교,별로 자랑스럽지 않다,별로 자랑스럽지 않다,2,Q60|Q62,별로 찬성하지 않음,1,Q64|Q65,6
R_4HhrNfHDhcOmz3o,0,남성,경남,70,고등학교,예,7,국민의힘,무교,어느 정도 자랑스럽다,어느 정도 자랑스럽다,2,Q60|Q62,약간 찬성함,2,Q64|Q65,9
R_4czQJMTrOswxaEW,0,남성,경기도,55,전문 대학교(기술 학교 포함),예,6,국민의힘,무교,어느 정도 자랑스럽다,어느 정도 자랑스럽다,1,Q60|Q62,별로 찬성하지 않음,1,Q63|Q65,7
R_4NLjYwkMkLgTMJx,1,남성,경기도,55,대학교,예,8,국민의힘,기독교,매우 자랑스럽다,매우 자랑스럽다,4,Q61|Q62,매우 찬성함,1,Q63|Q65,10
R_4OID1MWOQhR3Dkv,0,남성,서울,55,고등학교,예,8,잘 모르겠다,무교,별로 자랑스럽지 않다,별로 자랑스럽지 않다,4,Q61|Q62,매우 찬성함,1,Q63|Q65,5
R_4ORkXfKC7BjZs2J,1,남성,경기도,55,고등학교,예,6,국민의힘,기독교,매우 자랑스럽다,매우 자랑스럽다,3,Q61|Q62,약간 찬성함,1,Q63|Q65,10
R_4nXGnJItPDtECZP,0,남성,경남,65,대학교,예,5,국민의힘,무교,어느 정도 자랑스럽다,어느 정도 자랑스럽다,4,Q61|Q62,약간 찬성함,1,Q63|Q65,8
R_4ZEakRTCTCCEURM,0,남성,경기도,66,대학원 이상,예,8,국민의힘,무교,어느 정도 자랑스럽다,매우 자랑스럽다,3,Q60|Q62,약간 찬성함,1,Q63|Q65,9
R_4ViBryA28UfXgtz,0,남성,경기도,59,대학교,예,6,더불어민주당,무교,매우 자랑스럽다,매우 자랑스럽다,1,Q60|Q62,전혀 찬성하지 않음,1,Q63|Q65,5
R_4FIfFaZxmTeZMEH,0,남성,서울,70,대학교,예,6,다른 정당,기독교,매우 자랑스럽다,매우 자랑스럽다,3,Q60|Q62,별로 찬성하지 않음,1,Q64|Q65,10
R_4EsB7YLDknapsR6,1,남성,경기도,78,고등학교,예,9,잘 모르겠다,무교,어느 정도 자랑스럽다,어느 정도 자랑스럽다,2,Q61|Q62,매우 찬성함,2,Q63|Q65,9
R_7s7bNVSP1Q4XQ2G,1,남성,경기도,47,대학교,예,5,잘 모르겠다,무교,어느 정도 자랑스럽다,어느 정도 자랑스럽다,4,Q61|Q62,약간 찬성함,2,Q64|Q65,10
R_4RthVAecOU7EA13,1,남성,서울,59,대학교,예,3,더불어민주당,무교,매우 자랑스럽다,매우 자랑스럽다,3,Q60|Q62,전혀 찬성하지 않음,1,Q64|Q65,10
R_4dFhO2k14gDRzy6,1,남성,서울,64,대학원 이상,예,3,다른 정당,무교,전혀 자랑스럽지 않다,전혀 자랑스럽지 않다,1,Q61|Q62,매우 찬성함,1,Q64|Q65,3
R_4pMfoeXKtBVIyMT,0,남성,경기도,71,대학교,예,6,국민의힘,천주교,어느 정도 자랑스럽다,어느 정도 자랑스럽다,3,Q60|Q62,약간 찬성함,1,Q64|Q65,8
R_4D616WoixtKIBAl,0,남성,서울,64,대학교,예,6,국민의힘,천주교,별로 자랑스럽지 않다,별로 자랑스럽지 않다,2,Q61|Q62,약간 찬성함,1,Q63|Q65,8
R_40q49GP6SHiwrZ7,0,남성,서울,80,대학교,예,2,더불어민주당,무교,매우 자랑스럽다,매우 자랑스럽다,4,Q61|Q62,별로 찬성하지 않음,1,Q64|Q65,9
R_4FLm8y8kK1mK1K9,0,남성,서울,62,대학교,예,5,녹색정의당,무교,전혀 자랑스럽지 않다,전혀 자랑스럽지 않다,3,Q60|Q62,매우 찬성함,1,Q63|Q65,5
R_4K3JgItvITB4JeC,0,남성,경기도,48,전문 대학교(기술 학교 포함),예,5,더불어민주당,불교,별로 자랑스럽지 않다,별로 자랑스럽지 않다,3,Q60|Q62,별로 찬성하지 않음,2,Q64|Q65,9
R_4zN5FDJIRQPU0gM,0,남성,서울,55,대학원 이상,예,2,다른 정당,무교,별로 자랑스럽지 않다,별로 자랑스럽지 않다,2,Q60|Q62,별로 찬성하지 않음,1,Q64|Q65,9
R_4f3YEM5M8c98kOJ,1,남성,서울,69,대학교,예,5,더불어민주당,기독교,매우 자랑스럽다,매우 자랑스럽다,4,Q61|Q62,전혀 찬성하지 않음,1,Q63|Q65,10
R_43ayYIHaTFUur3H,1,남성,서울,69,대학교,예,5,잘 모르겠다,무교,어느 정도 자랑스럽다,매우 자랑스럽다,1,Q61|Q62,전혀 찬성하지 않음,1,Q63|Q65,10
R_4ovDQpwhXwmeGHm,0,남성,서울,62,대학교,예,6,다른 정당,무교,어느 정도 자랑스럽다,어느 정도 자랑스럽다,3,Q60|Q62,전혀 찬성하지 않음,1,Q64|Q65,10
R_4WAsyooAeyGxb75,1,남성,충남,67,대학교,예,4,더불어민주당,천주교,매우 자랑스럽다,매우 자랑스럽다,3,Q60|Q62,약간 찬성함,2,Q64|Q65,9
R_4DcHvwm5rIJTfmp,1,남성,서울,67,대학교,예,6,다른 정당,무교,별로 자랑스럽지 않다,별로 자랑스럽지 않다,2,Q61|Q62,약간 찬성함,1,Q64|Q65,7
R_4fsjFXltBN2k35v,1,남성,서울,71,대학원 이상,예,6,잘 모르겠다,불교,어느 정도 자랑스럽다,매우 자랑스럽다,3,Q60|Q62,약간 찬성함,2,Q63|Q65,10
R_40p2oEyASphuaYN,1,남성,경기도,58,대학교,예,5,잘 모르겠다,천주교,어느 정도 자랑스럽다,어느 정도 자랑스럽다,2,Q61|Q62,별로 찬성하지 않음,1,Q63|Q65,7
R_45QL06zVhGLdEbn,1,남성,서울,61,대학교,예,8,국민의힘,무교,어느 정도 자랑스럽다,어느 정도 자랑스럽다,1,Q60|Q62,전혀 찬성하지 않음,1,Q64|Q65,8
R_40xFytqVzSzp3qx,0,남성,경기도,58,대학교,예,5,더불어민주당,불교,매우 자랑스럽다,매우 자랑스럽다,1,Q60|Q62,매우 찬성함,1,Q63|Q65,9
R_4GvotNsHwOl7zbJ,1,남성,경기도,63,전문 대학교(기술 학교 포함),예,3,잘 모르겠다,기독교,전혀 자랑스럽지 않다,전혀 자랑스럽지 않다,3,Q61|Q62,약간 찬성함,1,Q63|Q65,5
R_4F2nMLspHnwFVPH,1,남성,경기도,55,대학교,예,3,더불어민주당,기독교,어느 정도 자랑스럽다,어느 정도 자랑스럽다,3,Q61|Q62,별로 찬성하지 않음,2,Q64|Q65,7
R_4zuxaAGAtYsjrZd,0,남성,서울,63,대학교,예,4,더불어민주당,기독교,별로 자랑스럽지 않다,별로 자랑스럽지 않다,3,Q60|Q62,별로 찬성하지 않음,1,Q64|Q65,5
R_4F2II0wo3w4PoVl,1,남성,경기도,69,전문 대학교(기술 학교 포함),예,"1
진보",더불어민주당,기독교,어느 정도 자랑스럽다,어느 정도 자랑스럽다,1,Q60|Q62,매우 찬성함,2,Q64|Q65,10
R_45XGRDm2QQvme9q,1,남성,경기도,66,대학교,예,5,잘 모르겠다,무교,매우 자랑스럽다,매우 자랑스럽다,3,Q61|Q62,약간 찬성함,2,Q64|Q65,9
R_4oQOxzbfJqnheAx,0,남성,서울,70,대학교,예,9,국민의힘,기독교,매우 자랑스럽다,어느 정도 자랑스럽다,3,Q60|Q62,약간 찬성함,2,Q64|Q65,9
R_4KUrnA70hdHH99T,0,남성,서울,57,대학원 이상,예,5,더불어민주당,무교,별로 자랑스럽지 않다,별로 자랑스럽지 않다,3,Q61|Q62,약간 찬성함,2,Q64|Q65,7
R_41AN1bFzbLqV8PP,0,남성,서울,70,대학교,예,7,국민의힘,기독교,어느 정도 자랑스럽다,어느 정도 자랑스럽다,3,Q60|Q62,전혀 찬성하지 않음,2,Q63|Q65,9
R_4gTP8mZGLgm9l57,1,남성,서울,59,대학교,예,5,잘 모르겠다,무교,어느 정도 자랑스럽다,어느 정도 자랑스럽다,3,Q61|Q62,약간 찬성함,0,Q63|Q65,8
R_40q2HrfxzEn8Wp3,0,남성,서울,68,대학교,예,"10
보수",국민의힘,기독교,어느 정도 자랑스럽다,매우 자랑스럽다,3,Q61|Q62,매우 찬성함,1,Q63|Q65,10
R_4MG8dbrXyh1l8gN,1,남성,서울,83,대학원 이상,예,9,국민의힘,무교,어느 정도 자랑스럽다,어느 정도 자랑스럽다,3,Q60|Q62,매우 찬성함,2,Q64|Q65,10
R_4tA6yuE46FDbKlr,0,여성,서울,59,대학교,예,6,잘 모르겠다,무교,별로 자랑스럽지 않다,어느 정도 자랑스럽다,1,Q61|Q62,약간 찬성함,1,Q64|Q65,10
R_4O66OPkk6Xt4H0D,0,남성,경기도,64,고등학교,예,"10
보수",국민의힘,무교,전혀 자랑스럽지 않다,전혀 자랑스럽지 않다,1,Q61|Q62,매우 찬성함,1,Q63|Q65,4
R_43wISATh56Mrpmd,0,남성,경기도,64,대학교,예,5,더불어민주당,무교,별로 자랑스럽지 않다,별로 자랑스럽지 않다,1,Q60|Q62,약간 찬성함,1,Q63|Q65,9
R_4Jo2EDfZdhclTRn,1,남성,경기도,58,전문 대학교(기술 학교 포함),예,5,더불어민주당,무교,어느 정도 자랑스럽다,별로 자랑스럽지 않다,4,Q61|Q62,별로 찬성하지 않음,1,Q63|Q65,9
R_40fzomr04V9JXiN,0,남성,서울,55,대학교,예,8,잘 모르겠다,무교,어느 정도 자랑스럽다,어느 정도 자랑스럽다,2,Q60|Q62,별로 찬성하지 않음,2,Q64|Q65,10
R_4sh6hDRSA2uHj2D,1,남성,서울,58,대학교,예,8,잘 모르겠다,불교,어느 정도 자랑스럽다,어느 정도 자랑스럽다,4,Q61|Q62,별로 찬성하지 않음,2,Q64|Q65,8
R_4OSQW6cdHe76HUX,1,남성,서울,57,대학원 이상,예,"1
진보",더불어민주당,기독교,별로 자랑스럽지 않다,별로 자랑스럽지 않다,1,Q61|Q62,전혀 찬성하지 않음,2,Q63|Q65,2
R_4DYbmw5o5lT7Jfy,1,남성,서울,57,대학교,예,5,더불어민주당,무교,매우 자랑스럽다,매우 자랑스럽다,2,Q60|Q62,약간 찬성함,1,Q63|Q65,8
R_4PFcVUvx5HsjcFC,1,여성,경기도,40,대학교,예,5,녹색정의당,유대교,어느 정도 자랑스럽다,어느 정도 자랑스럽다,2,Q61|Q62,약간 찬성함,1,Q63|Q65,6
R_4ONWUPATuzQIMbA,1,남성,서울,57,대학교,예,5,더불어민주당,천주교,매우 자랑스럽다,어느 정도 자랑스럽다,2,Q61|Q62,약간 찬성함,1,Q63|Q65,6
R_4ZOcqn2YvXDBget,0,남성,서울,51,대학교,예,7,국민의힘,천주교,매우 자랑스럽다,매우 자랑스럽다,2,Q61|Q62,매우 찬성함,1,Q63|Q65,10
R_4MqyC0bfhR8ELux,1,남성,서울,61,대학교,예,6,잘 모르겠다,불교,매우 자랑스럽다,매우 자랑스럽다,2,Q60|Q62,약간 찬성함,2,Q64|Q65,10
R_4LSUqY1VEqS10iP,0,남성,경북,74,중학교,예,8,국민의힘,무교,어느 정도 자랑스럽다,어느 정도 자랑스럽다,2,Q60|Q62,약간 찬성함,3,Q63|Q65,3
R_4qIjmwyjjsdBROx,1,남성,충북,55,고등학교,예,8,국민의힘,무교,어느 정도 자랑스럽다,어느 정도 자랑스럽다,3,Q60|Q62,약간 찬성함,2,Q63|Q65,7
R_4WxoDLBxHLHIhTX,0,남성,서울,60,대학원 이상,예,8,국민의힘,기독교,매우 자랑스럽다,매우 자랑스럽다,2,Q61|Q62,별로 찬성하지 않음,2,Q64|Q65,10
R_4oFqAnP7BXHRtqo,0,남성,서울,55,고등학교,예,5,더불어민주당,기독교,어느 정도 자랑스럽다,별로 자랑스럽지 않다,1,Q61|Q62,매우 찬성함,3,Q64|Q65,5
R_4TB4yzgnidPn7Gn,1,남성,경기도,60,고등학교,예,2,더불어민주당,불교,매우 자랑스럽다,매우 자랑스럽다,3,Q61|Q62,매우 찬성함,2,Q64|Q65,9
R_4fkrbAAruaxChaN,1,남성,강원도,57,고등학교,예,2,더불어민주당,기독교,어느 정도 자랑스럽다,어느 정도 자랑스럽다,3,Q61|Q62,별로 찬성하지 않음,1,Q63|Q65,8
R_4EEwjcb3xuOxbY0,0,남성,서울,62,고등학교,예,5,잘 모르겠다,불교,매우 자랑스럽다,매우 자랑스럽다,2,Q60|Q62,전혀 찬성하지 않음,2,Q64|Q65,10
R_41ynxNjo5mruNRj,1,남성,경기도,56,대학교,예,4,더불어민주당,무교,별로 자랑스럽지 않다,별로 자랑스럽지 않다,3,Q61|Q62,별로 찬성하지 않음,1,Q64|Q65,10
R_4DvccgHQg4gjO1M,1,남성,서울,59,대학교,예,5,국민의힘,무교,어느 정도 자랑스럽다,어느 정도 자랑스럽다,3,Q60|Q62,전혀 찬성하지 않음,2,Q64|Q65,7
R_4fqRydztUXbtBxV,0,남성,경기도,65,대학교,예,6,국민의힘,불교,매우 자랑스럽다,매우 자랑스럽다,2,Q60|Q62,별로 찬성하지 않음,1,Q63|Q65,8
R_4Fy3Z64Z9TMJsH6,1,남성,경기도,55,전문 대학교(기술 학교 포함),예,5,더불어민주당,무교,어느 정도 자랑스럽다,어느 정도 자랑스럽다,2,Q61|Q62,별로 찬성하지 않음,1,Q64|Q65,8
R_4Ic6bNhcx89hKAk,1,남성,서울,56,대학교,예,5,더불어민주당,불교,어느 정도 자랑스럽다,어느 정도 자랑스럽다,1,Q61|Q62,별로 찬성하지 않음,1,Q64|Q65,6
R_4gBI9V1IRIG4Q2L,1,남성,전북,65,대학원 이상,예,7,더불어민주당,불교,매우 자랑스럽다,매우 자랑스럽다,3,Q60|Q62,별로 찬성하지 않음,1,Q63|Q65,10
R_4TWa0pkJEg5kwo1,0,남성,서울,57,대학원 이상,예,8,더불어민주당,무교,별로 자랑스럽지 않다,별로 자랑스럽지 않다,2,Q60|Q62,전혀 찬성하지 않음,1,Q63|Q65,9
R_49kBTZXQXeBtyY9,0,남성,서울,68,고등학교,예,3,더불어민주당,무교,별로 자랑스럽지 않다,전혀 자랑스럽지 않다,1,Q60|Q62,약간 찬성함,1,Q63|Q65,10
R_4DlIbWFNkTx8dod,1,남성,경북,75,대학교,예,"10
보수",국민의힘,천주교,매우 자랑스럽다,매우 자랑스럽다,4,Q61|Q62,매우 찬성함,1,Q63|Q65,9
R_4YEeavZJrXrRyHY,0,남성,서울,58,대학원 이상,예,5,잘 모르겠다,기독교,매우 자랑스럽다,어느 정도 자랑스럽다,3,Q60|Q62,전혀 찬성하지 않음,1,Q64|Q65,8
R_4dz5aPKrGBnZHE4,0,남성,경기도,56,대학교,예,5,더불어민주당,무교,어느 정도 자랑스럽다,어느 정도 자랑스럽다,2,Q60|Q62,전혀 찬성하지 않음,1,Q64|Q65,10
R_4Mie2uOPRXcAVft,1,남성,경기도,56,전문 대학교(기술 학교 포함),예,4,더불어민주당,무교,어느 정도 자랑스럽다,어느 정도 자랑스럽다,2,Q60|Q62,별로 찬성하지 않음,1,Q63|Q65,8
R_4QZZqAeM7QnepEJ,0,남성,강원도,62,대학원 이상,예,2,더불어민주당,기독교,어느 정도 자랑스럽다,어느 정도 자랑스럽다,3,Q61|Q62,별로 찬성하지 않음,1,Q63|Q65,9
R_4P5sSrDeOpGJ7N8,0,남성,서울,64,대학원 이상,예,2,녹색정의당,무교,별로 자랑스럽지 않다,별로 자랑스럽지 않다,3,Q61|Q62,매우 찬성함,1,Q63|Q65,9
R_47mZ9to6aXdiFDb,0,남성,경기도,64,대학교,예,5,잘 모르겠다,무교,어느 정도 자랑스럽다,어느 정도 자랑스럽다,3,Q61|Q62,약간 찬성함,1,Q63|Q65,5
R_4eqRDQxhCKidkym,0,남성,충북,69,대학원 이상,예,5,국민의힘,기독교,매우 자랑스럽다,매우 자랑스럽다,1,Q61|Q62,별로 찬성하지 않음,1,Q64|Q65,8
R_4s5k9EoYiRSVQhr,0,남성,서울,59,대학원 이상,예,4,더불어민주당,무교,어느 정도 자랑스럽다,어느 정도 자랑스럽다,3,Q60|Q62,약간 찬성함,1,Q63|Q65,9
R_4ZbBnpHGlxKJ4MV,1,남성,경기도,39,대학교,예,6,잘 모르겠다,기독교,별로 자랑스럽지 않다,별로 자랑스럽지 않다,3,Q60|Q62,약간 찬성함,1,Q63|Q65,5
R_4q8Jw7wRnfZlELp,1,남성,경기도,67,대학교,예,9,국민의힘,기독교,매우 자랑스럽다,매우 자랑스럽다,3,Q61|Q62,약간 찬성함,1,Q63|Q65,10
R_4roy1WZNzVc27CM,1,남성,서울,61,대학교,예,8,국민의힘,불교,매우 자랑스럽다,매우 자랑스럽다,2,Q61|Q62,약간 찬성함,1,Q63|Q65,10
R_4diEvWVivKIxA6w,0,남성,경기도,55,전문 대학교(기술 학교 포함),예,5,잘 모르겠다,불교,어느 정도 자랑스럽다,어느 정도 자랑스럽다,2,Q60|Q62,별로 찬성하지 않음,1,Q63|Q65,10
R_4IcmGubhkEOHAFL,1,남성,경남,57,전문 대학교(기술 학교 포함),예,5,잘 모르겠다,불교,매우 자랑스럽다,매우 자랑스럽다,2,Q60|Q62,매우 찬성함,1,Q63|Q65,10
R_4iEZBlRhLYmHv2B,1,남성,서울,64,대학교,예,3,더불어민주당,불교,어느 정도 자랑스럽다,어느 정도 자랑스럽다,2,Q61|Q62,약간 찬성함,2,Q64|Q65,9
R_4MJth1UGCzGYsun,0,남성,경기도,60,대학교,예,6,국민의힘,무교,어느 정도 자랑스럽다,어느 정도 자랑스럽다,2,Q60|Q62,별로 찬성하지 않음,2,Q64|Q65,10
R_4EoQmVVE4Lixfrw,1,남성,경기도,40,대학교,예,6,국민의힘,무교,어느 정도 자랑스럽다,어느 정도 자랑스럽다,2,Q61|Q62,약간 찬성함,3,Q64|Q65,6
R_4mZCFgetVFmD6Uh,0,남성,전북,76,대학교,예,5,잘 모르겠다,무교,매우 자랑스럽다,매우 자랑스럽다,4,Q61|Q62,별로 찬성하지 않음,1,Q63|Q65,10
R_4rTVmvV1jh9F1Kj,1,남성,경기도,66,대학교,예,5,더불어민주당,기독교,별로 자랑스럽지 않다,별로 자랑스럽지 않다,2,Q61|Q62,약간 찬성함,0,Q63|Q65,8
R_4jqUxqZPWQthPwJ,0,남성,충북,61,대학교,예,3,다른 정당,불교,어느 정도 자랑스럽다,어느 정도 자랑스럽다,2,Q60|Q62,별로 찬성하지 않음,1,Q63|Q65,5
R_4kpI0OcEOjtYN2p,1,남성,서울,58,대학교,예,5,국민의힘,천주교,어느 정도 자랑스럽다,어느 정도 자랑스럽다,3,Q61|Q62,약간 찬성함,2,Q64|Q65,9
R_4VwEpSxx20hh7Et,1,남성,강원도,55,고등학교,예,3,더불어민주당,무교,어느 정도 자랑스럽다,어느 정도 자랑스럽다,1,Q60|Q62,약간 찬성함,1,Q64|Q65,9
R_4KQ1esa8Bdu5LIN,1,남성,서울,57,대학원 이상,예,6,국민의힘,무교,어느 정도 자랑스럽다,어느 정도 자랑스럽다,2,Q60|Q62,약간 찬성함,1,Q63|Q65,9
R_42HCPv1ZHKHLjPz,1,남성,서울,55,대학교,예,6,국민의힘,무교,어느 정도 자랑스럽다,어느 정도 자랑스럽다,2,Q60|Q62,매우 찬성함,2,Q63|Q65,8
R_4OrcYIQXx9GZctc,1,남성,서울,69,대학교,예,9,국민의힘,기독교,매우 자랑스럽다,매우 자랑스럽다,4,Q61|Q62,전혀 찬성하지 않음,1,Q63|Q65,10
R_4bOmH108AYpHsyt,0,남성,경기도,79,대학교,예,9,국민의힘,천주교,어느 정도 자랑스럽다,별로 자랑스럽지 않다,3,Q60|Q62,별로 찬성하지 않음,3,Q64|Q65,6
R_4lzv2g8ukjupUpC,1,남성,경기도,57,대학교,예,7,더불어민주당,무교,매우 자랑스럽다,매우 자랑스럽다,4,Q61|Q62,별로 찬성하지 않음,1,Q64|Q65,10
R_4GDrTpcHSyZXqC4,0,남성,경기도,69,대학원 이상,예,7,국민의힘,불교,매우 자랑스럽다,매우 자랑스럽다,1,Q60|Q62,별로 찬성하지 않음,1,Q64|Q65,9
R_4CglGTLmrRGJsyH,0,남성,경기도,59,대학교,예,6,국민의힘,무교,매우 자랑스럽다,매우 자랑스럽다,1,Q61|Q62,별로 찬성하지 않음,1,Q64|Q65,10
R_452uETZvhxb0w2R,0,남성,경기도,59,대학교,예,4,더불어민주당,무교,별로 자랑스럽지 않다,별로 자랑스럽지 않다,1,Q60|Q62,별로 찬성하지 않음,1,Q64|Q65,4
R_4M05osWXBoJNnEQ,0,남성,경기도,63,대학교,예,8,다른 정당,무교,별로 자랑스럽지 않다,별로 자랑스럽지 않다,2,Q60|Q62,매우 찬성함,1,Q63|Q65,8
R_4ZbTvm3x0INKK8V,0,남성,경남,62,대학교,예,2,더불어민주당,천주교,어느 정도 자랑스럽다,어느 정도 자랑스럽다,3,Q61|Q62,전혀 찬성하지 않음,1,Q63|Q65,6
R_4bZfW2LsLTnPbC6,0,남성,경기도,59,대학원 이상,예,5,더불어민주당,천주교,어느 정도 자랑스럽다,어느 정도 자랑스럽다,3,Q60|Q62,전혀 찬성하지 않음,1,Q64|Q65,10
R_4v349H5q7Xd1hlo,1,남성,경기도,55,대학교,예,4,더불어민주당,무교,어느 정도 자랑스럽다,어느 정도 자랑스럽다,2,Q61|Q62,별로 찬성하지 않음,1,Q63|Q65,5
R_4DXZXCENGen5T4S,0,남성,충남,61,대학교,예,3,더불어민주당,무교,매우 자랑스럽다,어느 정도 자랑스럽다,1,Q60|Q62,전혀 찬성하지 않음,1,Q64|Q65,9
R_4QJXjZgR8jACsIV,1,남성,경북,59,대학교,예,4,녹색정의당,불교,어느 정도 자랑스럽다,어느 정도 자랑스럽다,1,Q60|Q62,전혀 찬성하지 않음,2,Q64|Q65,10
R_4k7Ve4Oz1FBbm2l,1,남성,경남,60,대학교,예,9,국민의힘,불교,매우 자랑스럽다,매우 자랑스럽다,4,Q61|Q62,약간 찬성함,2,Q64|Q65,10
R_4lxzmclChizTuto,1,남성,경기도,38,대학교,예,6,국민의힘,기독교,매우 자랑스럽다,매우 자랑스럽다,3,Q61|Q62,약간 찬성함,2,Q63|Q65,6
R_4G1w3y8KxUQ7zxz,0,남성,경기도,41,고등학교,예,5,잘 모르겠다,무교,매우 자랑스럽다,매우 자랑스럽다,4,Q61|Q62,매우 찬성함,3,Q63|Q65,7
R_4EJS7heS5HNOsdw,1,남성,서울,62,대학교,예,"1
진보",녹색정의당,천주교,별로 자랑스럽지 않다,별로 자랑스럽지 않다,3,Q61|Q62,매우 찬성함,2,Q64|Q65,6
R_4HN84EQpQih4a4p,1,남성,충남,55,대학교,예,5,잘 모르겠다,무교,어느 정도 자랑스럽다,매우 자랑스럽다,2,Q61|Q62,별로 찬성하지 않음,1,Q63|Q65,1
R_4ir1XOqhCvkFdR5,1,남성,서울,59,대학원 이상,예,5,더불어민주당,기독교,어느 정도 자랑스럽다,어느 정도 자랑스럽다,4,Q61|Q62,별로 찬성하지 않음,1,Q64|Q65,9
R_4TGFRko7paWT5MQ,1,남성,경기도,62,대학교,예,5,더불어민주당,무교,어느 정도 자랑스럽다,어느 정도 자랑스럽다,3,Q60|Q62,매우 찬성함,2,Q64|Q65,8
R_4A1oO3oaoVI2fpr,1,남성,충남,56,대학교,예,5,더불어민주당,무교,별로 자랑스럽지 않다,별로 자랑스럽지 않다,2,Q60|Q62,전혀 찬성하지 않음,1,Q63|Q65,7
R_4VsEXCBAPwbBMM3,0,남성,경기도,49,대학원 이상,예,5,더불어민주당,기독교,어느 정도 자랑스럽다,별로 자랑스럽지 않다,3,Q60|Q62,약간 찬성함,2,Q63|Q65,7
R_4eEBfgirU7FPiM1,1,남성,강원도,64,전문 대학교(기술 학교 포함),예,5,잘 모르겠다,기독교,매우 자랑스럽다,매우 자랑스럽다,4,Q61|Q62,약간 찬성함,1,Q64|Q65,10
R_4IoblO3oLNWAZCg,1,남성,충남,60,대학교,예,4,더불어민주당,기독교,매우 자랑스럽다,매우 자랑스럽다,2,Q60|Q62,별로 찬성하지 않음,1,Q64|Q65,10
R_49Qo0FrPTZh6PKh,1,남성,서울,60,대학교,예,5,더불어민주당,기독교,어느 정도 자랑스럽다,어느 정도 자랑스럽다,2,Q60|Q62,별로 찬성하지 않음,2,Q64|Q65,7
R_4DveP3ebt0KCVXl,1,남성,경기도,62,전문 대학교(기술 학교 포함),예,5,잘 모르겠다,천주교,어느 정도 자랑스럽다,어느 정도 자랑스럽다,3,Q61|Q62,매우 찬성함,2,Q63|Q65,6
R_4QJil9ohVJBXs65,0,남성,경기도,30,대학교,예,9,국민의힘,천주교,매우 자랑스럽다,매우 자랑스럽다,3,Q61|Q62,매우 찬성함,4,Q64|Q65,8
R_4r0MPbxEjlZmzlr,1,남성,충남,61,대학교,예,4,국민의힘,무교,어느 정도 자랑스럽다,어느 정도 자랑스럽다,3,Q61|Q62,약간 찬성함,2,Q63|Q65,10
R_4NaGglbW2s8hqlZ,0,남성,서울,57,대학교,예,5,더불어민주당,무교,어느 정도 자랑스럽다,어느 정도 자랑스럽다,2,Q60|Q62,별로 찬성하지 않음,3,Q64|Q65,8
R_40tNqBozrFfT5hp,0,남성,경기도,69,고등학교,예,"10
보수",국민의힘,기독교,매우 자랑스럽다,매우 자랑스럽다,3,Q61|Q62,약간 찬성함,2,Q64|Q65,10
R_4fAV702YhiC8mnc,0,남성,경남,56,대학교,예,5,더불어민주당,무교,별로 자랑스럽지 않다,별로 자랑스럽지 않다,0,Q61|Q62,별로 찬성하지 않음,0,Q64|Q65,6
R_4LKtVoeJo2h4Y9P,1,남성,서울,59,대학원 이상,예,4,더불어민주당,불교,어느 정도 자랑스럽다,어느 정도 자랑스럽다,3,Q61|Q62,전혀 찬성하지 않음,1,Q64|Q65,10
R_4zynlTU2PG2S5TH,1,남성,서울,55,전문 대학교(기술 학교 포함),예,4,국민의힘,불교,어느 정도 자랑스럽다,어느 정도 자랑스럽다,2,Q60|Q62,별로 찬성하지 않음,1,Q63|Q65,6
R_4nGxRyaVr2h81DX,0,남성,경기도,62,고등학교,예,7,잘 모르겠다,기독교,어느 정도 자랑스럽다,어느 정도 자랑스럽다,2,Q61|Q62,전혀 찬성하지 않음,1,Q64|Q65,10
R_4Qob2iUwffWqa0B,1,남성,서울,66,대학교,예,6,국민의힘,무교,어느 정도 자랑스럽다,매우 자랑스럽다,4,Q61|Q62,별로 찬성하지 않음,1,Q64|Q65,8
R_4onDs9HAudm40v1,1,남성,서울,69,전문 대학교(기술 학교 포함),예,8,국민의힘,무교,어느 정도 자랑스럽다,어느 정도 자랑스럽다,2,Q60|Q62,약간 찬성함,1,Q64|Q65,10
R_4SITmsiakzTsl8d,1,남성,서울,60,대학교,예,5,더불어민주당,불교,어느 정도 자랑스럽다,어느 정도 자랑스럽다,2,Q61|Q62,약간 찬성함,1,Q64|Q65,6
R_4FynbntpVc8uy8V,1,남성,서울,53,대학교,예,2,더불어민주당,무교,어느 정도 자랑스럽다,별로 자랑스럽지 않다,0,Q60|Q62,약간 찬성함,1,Q63|Q65,9
R_4M5kgnvwu8U10fG,1,남성,경남,58,대학교,예,"1
진보",더불어민주당,무교,어느 정도 자랑스럽다,어느 정도 자랑스럽다,1,Q61|Q62,별로 찬성하지 않음,3,Q64|Q65,4
R_42XXZbshr2mRfy7,0,남성,전북,65,대학교,예,5,잘 모르겠다,무교,어느 정도 자랑스럽다,어느 정도 자랑스럽다,3,Q61|Q62,별로 찬성하지 않음,3,Q64|Q65,10
R_4k1XkIEoYNWIsQf,0,남성,경기도,56,대학교,예,5,국민의힘,불교,매우 자랑스럽다,매우 자랑스럽다,2,Q60|Q62,매우 찬성함,1,Q63|Q65,10
R_4tFpOHZWc7A77lD,0,남성,경북,69,대학교,예,4,더불어민주당,기독교,매우 자랑스럽다,매우 자랑스럽다,1,Q60|Q62,전혀 찬성하지 않음,1,Q64|Q65,10
R_4ShnTsHAfJy0SCR,1,남성,강원도,57,대학교,예,6,국민의힘,무교,매우 자랑스럽다,매우 자랑스럽다,2,Q60|Q62,매우 찬성함,2,Q63|Q65,10
R_4dEyNiwATCqRRwU,0,남성,서울,61,고등학교,예,5,잘 모르겠다,무교,어느 정도 자랑스럽다,어느 정도 자랑스럽다,2,Q61|Q62,별로 찬성하지 않음,1,Q64|Q65,10
R_4FjO4y7qG2JqyYN,1,남성,서울,72,고등학교,예,8,국민의힘,기독교,매우 자랑스럽다,어느 정도 자랑스럽다,3,Q61|Q62,약간 찬성함,1,Q63|Q65,9
R_4ebIKInzEv1O717,1,남성,서울,61,대학교,예,5,다른 정당,천주교,어느 정도 자랑스럽다,어느 정도 자랑스럽다,2,Q60|Q62,별로 찬성하지 않음,1,Q63|Q65,8
R_4noxIoWZK4tcSLu,0,남성,경기도,64,대학교,예,6,잘 모르겠다,무교,어느 정도 자랑스럽다,어느 정도 자랑스럽다,3,Q61|Q62,약간 찬성함,3,Q64|Q65,9
R_4gCwnmTZvoiyZdw,1,남성,서울,57,대학원 이상,예,3,더불어민주당,무교,어느 정도 자랑스럽다,어느 정도 자랑스럽다,3,Q61|Q62,전혀 찬성하지 않음,1,Q64|Q65,10
R_4BQQR1NAo72ssuI,1,남성,경북,56,고등학교,예,"10
보수",국민의힘,무교,어느 정도 자랑스럽다,어느 정도 자랑스럽다,2,Q60|Q62,매우 찬성함,3,Q64|Q65,10
R_4rY5tBrWnmpdTz3,0,남성,서울,58,대학교,예,3,더불어민주당,무교,어느 정도 자랑스럽다,어느 정도 자랑스럽다,1,Q60|Q62,약간 찬성함,1,Q63|Q65,5
R_478PSy1jG0FH0lP,0,남성,서울,67,대학교,예,4,다른 정당,천주교,별로 자랑스럽지 않다,별로 자랑스럽지 않다,2,Q60|Q62,별로 찬성하지 않음,1,Q64|Q65,9
R_4wgkD7kH189XhJ1,1,남성,경기도,65,대학교,예,4,더불어민주당,불교,어느 정도 자랑스럽다,어느 정도 자랑스럽다,1,Q61|Q62,약간 찬성함,1,Q63|Q65,9
R_4FJWG9DmUaSyBri,1,남성,서울,60,대학교,예,7,국민의힘,불교,별로 자랑스럽지 않다,별로 자랑스럽지 않다,2,Q60|Q62,매우 찬성함,2,Q64|Q65,4
R_4pqYU4bxGQT0Ub7,1,남성,경기도,62,대학교,예,3,더불어민주당,천주교,전혀 자랑스럽지 않다,매우 자랑스럽다,2,Q60|Q62,전혀 찬성하지 않음,1,Q64|Q65,9
R_4Gj0ltwKp98FLaa,0,남성,서울,49,대학교,예,5,잘 모르겠다,천주교,별로 자랑스럽지 않다,별로 자랑스럽지 않다,2,Q60|Q62,약간 찬성함,1,Q64|Q65,4
R_4JVJl8h8nz3TQ4j,0,남성,서울,67,대학교,예,5,국민의힘,무교,어느 정도 자랑스럽다,어느 정도 자랑스럽다,3,Q60|Q62,별로 찬성하지 않음,1,Q64|Q65,10
R_4016dje6IP45LcB,0,남성,충남,64,대학원 이상,예,"1
진보",국민의힘,무교,전혀 자랑스럽지 않다,전혀 자랑스럽지 않다,3,Q61|Q62,전혀 찬성하지 않음,1,Q63|Q65,7
R_4qPCyr1gqYTRLit,0,남성,강원도,48,대학교,예,5,더불어민주당,무교,어느 정도 자랑스럽다,어느 정도 자랑스럽다,3,Q61|Q62,별로 찬성하지 않음,1,Q64|Q65,9
R_4CxxaYDj5jw3D8p,1,남성,서울,66,대학원 이상,예,6,국민의힘,천주교,어느 정도 자랑스럽다,어느 정도 자랑스럽다,3,Q61|Q62,매우 찬성함,2,Q64|Q65,8
R_4XbQEXSsKepOKDZ,1,남성,경남,67,대학교,예,7,잘 모르겠다,기독교,어느 정도 자랑스럽다,어느 정도 자랑스럽다,1,Q60|Q62,약간 찬성함,1,Q63|Q65,8
R_4UfV7SH4JuMPu0x,1,남성,경기도,37,대학교,예,5,잘 모르겠다,불교,어느 정도 자랑스럽다,어느 정도 자랑스럽다,2,Q60|Q62,약간 찬성함,2,Q64|Q65,8
R_4c7M2JKhoYQz67b,1,남성,서울,57,대학교,예,6,국민의힘,무교,별로 자랑스럽지 않다,별로 자랑스럽지 않다,2,Q60|Q62,별로 찬성하지 않음,1,Q63|Q65,8
R_4olywEm811QKn97,0,남성,경기도,42,고등학교,예,7,국민의힘,무교,매우 자랑스럽다,매우 자랑스럽다,4,Q61|Q62,약간 찬성함,2,Q64|Q65,10
R_4erVHCKuaNdeWpT,1,여성,경남,67,고등학교,예,6,국민의힘,무교,매우 자랑스럽다,매우 자랑스럽다,3,Q61|Q62,약간 찬성함,2,Q63|Q65,10
R_4QGc6XdV7aF1IgE,0,남성,서울,60,대학교,예,7,국민의힘,기독교,어느 정도 자랑스럽다,어느 정도 자랑스럽다,3,Q60|Q62,매우 찬성함,1,Q63|Q65,10
R_4q5juUPRH6hjN7j,0,남성,경남,58,고등학교,예,4,더불어민주당,기독교,어느 정도 자랑스럽다,어느 정도 자랑스럽다,1,Q60|Q62,별로 찬성하지 않음,2,Q64|Q65,8
R_49cVECYkT9LxIlj,0,남성,서울,67,대학원 이상,예,5,더불어민주당,무교,별로 자랑스럽지 않다,별로 자랑스럽지 않다,2,Q60|Q62,전혀 찬성하지 않음,2,Q64|Q65,10
R_4fiqHtEQx80f0nE,0,남성,경남,66,고등학교,예,5,잘 모르겠다,불교,어느 정도 자랑스럽다,어느 정도 자랑스럽다,2,Q60|Q62,매우 찬성함,1,Q63|Q65,9
R_4riamJWPuSitXGr,1,남성,서울,64,대학교,예,5,잘 모르겠다,천주교,어느 정도 자랑스럽다,어느 정도 자랑스럽다,2,Q60|Q62,전혀 찬성하지 않음,0,Q64|Q65,10
R_4LvQmdsuQJSv14x,1,남성,서울,55,대학원 이상,예,5,더불어민주당,무교,어느 정도 자랑스럽다,어느 정도 자랑스럽다,2,Q61|Q62,전혀 찬성하지 않음,1,Q63|Q65,6
R_4hSURvq8epfKPZV,1,남성,서울,58,대학교,예,6,국민의힘,무교,어느 정도 자랑스럽다,매우 자랑스럽다,2,Q61|Q62,전혀 찬성하지 않음,1,Q64|Q65,10
R_4KTnXddEDZglmy2,0,남성,전남,63,전문 대학교(기술 학교 포함),예,5,국민의힘,기독교,어느 정도 자랑스럽다,어느 정도 자랑스럽다,3,Q60|Q62,전혀 찬성하지 않음,1,Q63|Q65,10
R_4fjj5ytkjwQF29f,0,남성,경남,55,전문 대학교(기술 학교 포함),예,5,잘 모르겠다,불교,어느 정도 자랑스럽다,어느 정도 자랑스럽다,2,Q60|Q62,약간 찬성함,1,Q63|Q65,5
R_4f7DD1a2arW3ui6,1,남성,서울,55,대학원 이상,예,7,국민의힘,기독교,별로 자랑스럽지 않다,별로 자랑스럽지 않다,2,Q61|Q62,약간 찬성함,0,Q63|Q65,8
R_43EEqBaJlIvZxvz,0,남성,서울,55,대학교,예,5,더불어민주당,무교,어느 정도 자랑스럽다,어느 정도 자랑스럽다,2,Q61|Q62,별로 찬성하지 않음,1,Q63|Q65,7
R_4W9gjYcdSuGh58B,0,남성,서울,67,대학원 이상,예,4,다른 정당,천주교,별로 자랑스럽지 않다,어느 정도 자랑스럽다,2,Q61|Q62,매우 찬성함,2,Q64|Q65,8
R_4Pw1oWMMiLB0VFa,0,남성,경기도,58,대학교,예,3,더불어민주당,기독교,어느 정도 자랑스럽다,매우 자랑스럽다,3,Q60|Q62,약간 찬성함,3,Q64|Q65,5
R_4J8WbHUargRj1kd,0,남성,경기도,60,대학교,예,6,국민의힘,무교,어느 정도 자랑스럽다,어느 정도 자랑스럽다,2,Q61|Q62,매우 찬성함,2,Q64|Q65,10
R_4LUaiAXgqbpVC9C,1,남성,서울,59,대학교,예,5,더불어민주당,무교,별로 자랑스럽지 않다,별로 자랑스럽지 않다,1,Q61|Q62,전혀 찬성하지 않음,1,Q63|Q65,7
R_4CkLrSofqhICrqf,1,남성,경북,62,대학교,예,7,국민의힘,불교,매우 자랑스럽다,매우 자랑스럽다,3,Q61|Q62,약간 찬성함,1,Q63|Q65,10
R_4ODNut0QHauE1Ft,0,남성,전북,57,대학교,예,5,더불어민주당,기독교,매우 자랑스럽다,매우 자랑스럽다,2,Q61|Q62,전혀 찬성하지 않음,1,Q64|Q65,10
R_420fVMbmHACXwlA,1,남성,경북,63,대학교,예,5,잘 모르겠다,무교,별로 자랑스럽지 않다,별로 자랑스럽지 않다,3,Q60|Q62,별로 찬성하지 않음,3,Q63|Q65,5
R_4doGORp5qqPHts8,0,남성,서울,57,대학교,예,7,국민의힘,천주교,어느 정도 자랑스럽다,어느 정도 자랑스럽다,1,Q60|Q62,별로 찬성하지 않음,2,Q64|Q65,9
R_4VOy1ZpgvwZn3LH,0,남성,서울,55,대학교,예,3,더불어민주당,무교,매우 자랑스럽다,어느 정도 자랑스럽다,2,Q61|Q62,전혀 찬성하지 않음,1,Q64|Q65,10
R_4DXK86Lq3BfsfzM,1,남성,충남,58,고등학교,예,2,잘 모르겠다,무교,어느 정도 자랑스럽다,어느 정도 자랑스럽다,1,Q60|Q62,약간 찬성함,1,Q63|Q65,10
R_4RvXwf7HsEG7qow,0,남성,서울,59,대학교,예,7,국민의힘,무교,어느 정도 자랑스럽다,어느 정도 자랑스럽다,2,Q60|Q62,약간 찬성함,1,Q63|Q65,7
R_437Mvn4yXAGrG77,0,남성,경기도,73,대학원 이상,예,7,국민의힘,기독교,매우 자랑스럽다,매우 자랑스럽다,1,Q60|Q62,매우 찬성함,2,Q64|Q65,9
R_4M9yIn3T92ioSNS,1,남성,서울,64,대학교,예,8,국민의힘,무교,어느 정도 자랑스럽다,어느 정도 자랑스럽다,3,Q61|Q62,약간 찬성함,1,Q63|Q65,8
R_4alviZYv75prYjI,1,남성,경기도,57,대학교,예,6,더불어민주당,무교,어느 정도 자랑스럽다,어느 정도 자랑스럽다,3,Q61|Q62,별로 찬성하지 않음,1,Q63|Q65,9
R_4bZsF7OCXMUyM6l,1,남성,경기도,60,대학교,예,7,국민의힘,기독교,어느 정도 자랑스럽다,어느 정도 자랑스럽다,1,Q60|Q62,약간 찬성함,1,Q63|Q65,9
R_4PjzS3r4RVGRd1N,1,남성,경기도,57,고등학교,예,5,잘 모르겠다,무교,별로 자랑스럽지 않다,별로 자랑스럽지 않다,1,Q61|Q62,매우 찬성함,1,Q63|Q65,7
R_4MkLE3Gcoa98LzX,1,남성,서울,57,대학교,예,5,다른 정당,기독교,어느 정도 자랑스럽다,어느 정도 자랑스럽다,1,Q60|Q62,약간 찬성함,4,Q64|Q65,8
R_4wSnWLSpAAiAx8d,0,남성,서울,62,대학교,예,6,국민의힘,무교,매우 자랑스럽다,매우 자랑스럽다,2,Q60|Q62,별로 찬성하지 않음,1,Q63|Q65,10
R_4zoubmTXBtAG8oT,0,남성,충북,62,대학교,예,5,더불어민주당,무교,어느 정도 자랑스럽다,어느 정도 자랑스럽다,3,Q61|Q62,별로 찬성하지 않음,2,Q63|Q65,8
R_4QWzHPhEqcp0Lmr,0,남성,경기도,60,대학원 이상,예,6,국민의힘,무교,매우 자랑스럽다,매우 자랑스럽다,1,Q60|Q62,전혀 찬성하지 않음,1,Q63|Q65,10
R_4nuPY8tBE5HufVy,0,남성,서울,56,대학원 이상,예,4,더불어민주당,무교,어느 정도 자랑스럽다,어느 정도 자랑스럽다,2,Q61|Q62,약간 찬성함,2,Q64|Q65,9
R_4uvsnzhUpakwxnH,0,남성,경기도,61,대학교,예,6,국민의힘,불교,어느 정도 자랑스럽다,어느 정도 자랑스럽다,2,Q60|Q62,약간 찬성함,1,Q63|Q65,9
R_4CTlKb7WMbFZvWS,1,남성,서울,65,대학교,예,8,국민의힘,기독교,매우 자랑스럽다,매우 자랑스럽다,3,Q60|Q62,약간 찬성함,1,Q63|Q65,7
R_4Vo4Cx6nFLgXpkZ,1,남성,경기도,55,대학교,예,"1
진보",더불어민주당,기독교,어느 정도 자랑스럽다,어느 정도 자랑스럽다,1,Q60|Q62,전혀 찬성하지 않음,1,Q64|Q65,10
R_4UxEQ3VF34YzYWt,0,남성,서울,65,대학교,예,5,잘 모르겠다,기독교,어느 정도 자랑스럽다,어느 정도 자랑스럽다,2,Q61|Q62,별로 찬성하지 않음,2,Q63|Q65,10
R_4EEhX6KYE1IoD06,0,남성,서울,64,대학교,예,6,더불어민주당,무교,어느 정도 자랑스럽다,어느 정도 자랑스럽다,2,Q60|Q62,전혀 찬성하지 않음,1,Q64|Q65,8
R_4GB6AUA1N9aSyD8,1,여성,경기도,57,전문 대학교(기술 학교 포함),예,2,더불어민주당,무교,어느 정도 자랑스럽다,어느 정도 자랑스럽다,2,Q61|Q62,약간 찬성함,2,Q63|Q65,9
R_437nFKPbJ8qBAf7,0,남성,서울,55,대학교,예,3,더불어민주당,불교,별로 자랑스럽지 않다,별로 자랑스럽지 않다,2,Q60|Q62,전혀 찬성하지 않음,0,Q63|Q65,7
R_4map6bCOBVqsMIV,1,남성,경기도,58,대학교,예,7,다른 정당,기독교,매우 자랑스럽다,매우 자랑스럽다,3,Q60|Q62,별로 찬성하지 않음,3,Q63|Q65,10
R_4Tu5F2hxXZ6pbiR,1,남성,서울,64,대학교,예,8,국민의힘,불교,매우 자랑스럽다,매우 자랑스럽다,4,Q61|Q62,약간 찬성함,2,Q63|Q65,10
R_4AdKwoaJ0qidEkh,0,남성,서울,58,대학원 이상,예,5,잘 모르겠다,천주교,어느 정도 자랑스럽다,어느 정도 자랑스럽다,1,Q61|Q62,약간 찬성함,1,Q63|Q65,9
R_4r8BzIRBzqKzUVb,1,남성,경기도,56,대학원 이상,예,6,다른 정당,무교,별로 자랑스럽지 않다,별로 자랑스럽지 않다,1,Q61|Q62,별로 찬성하지 않음,0,Q64|Q65,9
R_45HGyfrzOCJ1vSr,1,남성,서울,64,전문 대학교(기술 학교 포함),예,7,국민의힘,불교,어느 정도 자랑스럽다,어느 정도 자랑스럽다,3,Q61|Q62,약간 찬성함,2,Q64|Q65,7
R_4zON2x1H4u0xs0V,0,남성,전북,66,대학교,예,5,더불어민주당,불교,어느 정도 자랑스럽다,어느 정도 자랑스럽다,2,Q61|Q62,별로 찬성하지 않음,1,Q64|Q65,7
R_4TgOMopmzJi07Wp,0,남성,충북,61,전문 대학교(기술 학교 포함),예,6,잘 모르겠다,무교,어느 정도 자랑스럽다,어느 정도 자랑스럽다,0,Q60|Q62,전혀 찬성하지 않음,1,Q63|Q65,8
R_4ML4xxjgubQj9LP,1,남성,서울,56,대학원 이상,예,3,더불어민주당,무교,어느 정도 자랑스럽다,어느 정도 자랑스럽다,3,Q60|Q62,전혀 찬성하지 않음,1,Q64|Q65,10
R_4ci7b6TJq9nOgol,0,남성,경기도,58,대학교,예,5,더불어민주당,무교,별로 자랑스럽지 않다,별로 자랑스럽지 않다,3,Q61|Q62,약간 찬성함,1,Q63|Q65,5
R_410ZoCzetoPpCxq,1,남성,전남,64,전문 대학교(기술 학교 포함),예,4,더불어민주당,불교,어느 정도 자랑스럽다,어느 정도 자랑스럽다,3,Q60|Q62,별로 찬성하지 않음,1,Q63|Q65,7
R_4keEDNLEC5MnGUx,0,남성,서울,62,고등학교,예,2,더불어민주당,무교,어느 정도 자랑스럽다,어느 정도 자랑스럽다,1,Q60|Q62,약간 찬성함,1,Q63|Q65,7
R_4GMZTsej7TPEu77,0,남성,경기도,63,전문 대학교(기술 학교 포함),예,7,국민의힘,천주교,매우 자랑스럽다,매우 자랑스럽다,3,Q61|Q62,별로 찬성하지 않음,1,Q63|Q65,10
R_4U4TZO35OWmKBqQ,1,남성,경기도,63,대학원 이상,예,9,국민의힘,기독교,매우 자랑스럽다,매우 자랑스럽다,3,Q61|Q62,약간 찬성함,2,Q64|Q65,9
R_4FKSM6ov5UYGHqE,0,남성,경기도,68,대학교,예,"10
보수",국민의힘,무교,어느 정도 자랑스럽다,어느 정도 자랑스럽다,2,Q60|Q62,약간 찬성함,0,Q63|Q65,10
R_4YeLE82fcUb8qxH,0,남성,충남,66,대학원 이상,예,4,국민의힘,무교,매우 자랑스럽다,매우 자랑스럽다,4,Q61|Q62,매우 찬성함,2,Q64|Q65,10
R_4Rt6GndYgXAzM4z,0,남성,서울,45,대학교,예,"1
진보",더불어민주당,기독교,어느 정도 자랑스럽다,어느 정도 자랑스럽다,2,Q60|Q62,별로 찬성하지 않음,2,Q64|Q65,10
R_4PtL0v3y83bNSNc,0,남성,서울,60,고등학교,예,6,다른 정당,무교,어느 정도 자랑스럽다,어느 정도 자랑스럽다,3,Q61|Q62,약간 찬성함,2,Q63|Q65,8
R_4NQ5OY6tEokdkbL,0,남성,경기도,60,전문 대학교(기술 학교 포함),예,3,더불어민주당,무교,어느 정도 자랑스럽다,어느 정도 자랑스럽다,1,Q61|Q62,전혀 찬성하지 않음,1,Q64|Q65,10
R_4qEMUUad2TWkr2v,1,남성,서울,65,대학원 이상,예,"10
보수",국민의힘,천주교,매우 자랑스럽다,매우 자랑스럽다,4,Q61|Q62,약간 찬성함,1,Q63|Q65,10
R_4q9T1lNNmaOaUe0,1,남성,서울,69,대학원 이상,예,5,국민의힘,무교,어느 정도 자랑스럽다,어느 정도 자랑스럽다,1,Q60|Q62,매우 찬성함,0,Q63|Q65,7
R_4huUQBFLVLQYv6E,0,남성,전남,41,전문 대학교(기술 학교 포함),예,4,더불어민주당,무교,매우 자랑스럽다,어느 정도 자랑스럽다,3,Q61|Q62,전혀 찬성하지 않음,1,Q63|Q65,10
R_4FVDkkjZaZEYTiN,1,남성,경기도,56,대학교,예,8,국민의힘,무교,어느 정도 자랑스럽다,어느 정도 자랑스럽다,3,Q61|Q62,매우 찬성함,1,Q64|Q65,10
R_4U0fhTJhUAdElNa,0,남성,서울,69,대학교,예,7,국민의힘,무교,어느 정도 자랑스럽다,어느 정도 자랑스럽다,3,Q60|Q62,매우 찬성함,2,Q63|Q65,9
R_4vb9Qd4JgoDlYdz,1,남성,경기도,58,대학교,예,6,다른 정당,무교,어느 정도 자랑스럽다,어느 정도 자랑스럽다,3,Q61|Q62,매우 찬성함,1,Q63|Q65,8
R_4Mm1KOtBZwRKAES,1,남성,경기도,63,대학원 이상,예,6,국민의힘,천주교,어느 정도 자랑스럽다,매우 자랑스럽다,4,Q61|Q62,매우 찬성함,2,Q64|Q65,10
R_4D6x4MrG0wx6dey,0,남성,서울,58,대학원 이상,예,3,더불어민주당,기독교,어느 정도 자랑스럽다,어느 정도 자랑스럽다,3,Q60|Q62,별로 찬성하지 않음,1,Q64|Q65,7
R_4jiFsXImChbZswx,1,남성,강원도,70,대학교,예,6,국민의힘,불교,어느 정도 자랑스럽다,어느 정도 자랑스럽다,2,Q60|Q62,별로 찬성하지 않음,1,Q64|Q65,7
R_4MAJ4RcP2V1G2R3,1,남성,강원도,67,고등학교,예,4,더불어민주당,무교,매우 자랑스럽다,매우 자랑스럽다,4,Q61|Q62,전혀 찬성하지 않음,1,Q64|Q65,8
R_4B5TNS9ezU0ldVS,1,남성,서울,58,대학교,예,7,국민의힘,천주교,매우 자랑스럽다,매우 자랑스럽다,4,Q61|Q62,전혀 찬성하지 않음,1,Q64|Q65,10
R_4NybpYFIqLKGqiP,0,남성,경기도,58,대학원 이상,예,5,녹색정의당,기독교,어느 정도 자랑스럽다,어느 정도 자랑스럽다,2,Q60|Q62,별로 찬성하지 않음,1,Q63|Q65,8
R_40uvKIEqMCY75Ty,1,남성,서울,56,고등학교,예,7,국민의힘,기독교,매우 자랑스럽다,매우 자랑스럽다,2,Q60|Q62,별로 찬성하지 않음,2,Q63|Q65,7
R_4QLdpilAwnj7TV2,1,남성,경북,58,고등학교,예,8,국민의힘,불교,매우 자랑스럽다,매우 자랑스럽다,4,Q61|Q62,매우 찬성함,4,Q64|Q65,10
R_4iwjLXfv6icRQ6A,0,남성,경기도,45,고등학교,예,8,국민의힘,무교,매우 자랑스럽다,어느 정도 자랑스럽다,3,Q61|Q62,전혀 찬성하지 않음,2,Q64|Q65,10
R_4nNKh38Jb5VjZCJ,0,남성,경기도,63,대학교,예,6,다른 정당,무교,어느 정도 자랑스럽다,어느 정도 자랑스럽다,2,Q61|Q62,별로 찬성하지 않음,2,Q64|Q65,8
R_4Cel0PgqNzNodOa,0,남성,서울,56,대학교,예,3,더불어민주당,불교,어느 정도 자랑스럽다,어느 정도 자랑스럽다,2,Q61|Q62,약간 찬성함,1,Q63|Q65,8
R_4D1SgGNBRRLZPmN,1,남성,서울,48,대학교,예,3,더불어민주당,기독교,별로 자랑스럽지 않다,별로 자랑스럽지 않다,1,Q60|Q62,약간 찬성함,1,Q64|Q65,9
R_4H3BWGSUrBOdLot,1,남성,전남,67,대학교,예,5,더불어민주당,무교,별로 자랑스럽지 않다,별로 자랑스럽지 않다,2,Q60|Q62,약간 찬성함,2,Q64|Q65,8
R_4Mifzv7zBAcfhDH,1,남성,서울,77,고등학교,예,5,국민의힘,무교,별로 자랑스럽지 않다,어느 정도 자랑스럽다,1,Q61|Q62,별로 찬성하지 않음,1,Q64|Q65,5
R_41B7tTY58ZA5EJc,0,남성,경기도,74,대학교,예,3,더불어민주당,무교,어느 정도 자랑스럽다,어느 정도 자랑스럽다,2,Q61|Q62,전혀 찬성하지 않음,2,Q63|Q65,10
R_47fG3OUBFL9Tfwo,1,남성,경남,60,전문 대학교(기술 학교 포함),예,6,국민의힘,불교,매우 자랑스럽다,매우 자랑스럽다,3,Q60|Q62,전혀 찬성하지 않음,2,Q63|Q65,10
R_4hQkNRsUnnW8lVv,0,남성,강원도,67,고등학교,예,5,잘 모르겠다,무교,어느 정도 자랑스럽다,매우 자랑스럽다,2,Q61|Q62,약간 찬성함,1,Q64|Q65,9
R_4fcVj7Xo9JT7DW1,0,남성,서울,55,대학교,예,3,더불어민주당,기독교,매우 자랑스럽다,매우 자랑스럽다,4,Q61|Q62,전혀 찬성하지 않음,1,Q63|Q65,10
R_433ydAaVGDS1Gmd,1,남성,경남,63,대학교,예,5,국민의힘,불교,어느 정도 자랑스럽다,어느 정도 자랑스럽다,2,Q60|Q62,약간 찬성함,2,Q64|Q65,5
R_4578FXLGeP9znax,1,남성,경기도,66,대학교,예,6,국민의힘,무교,어느 정도 자랑스럽다,매우 자랑스럽다,2,Q60|Q62,매우 찬성함,2,Q64|Q65,7
R_4zNLAjGZaVyDcGs,0,남성,경기도,69,대학원 이상,예,8,국민의힘,불교,매우 자랑스럽다,매우 자랑스럽다,3,Q60|Q62,약간 찬성함,1,Q63|Q65,10
R_4n1riewc5VKR5GI,1,남성,서울,66,공식 교육을 받지 않음,예,5,더불어민주당,무교,별로 자랑스럽지 않다,별로 자랑스럽지 않다,0,Q61|Q62,매우 찬성함,1,Q64|Q65,5
R_4bYOrEWcnmJQsAF,1,남성,서울,70,대학원 이상,예,6,국민의힘,천주교,어느 정도 자랑스럽다,매우 자랑스럽다,2,Q60|Q62,약간 찬성함,1,Q63|Q65,10
R_4EPSBXjKFOYzELX,0,남성,서울,61,대학원 이상,예,6,국민의힘,천주교,어느 정도 자랑스럽다,어느 정도 자랑스럽다,3,Q60|Q62,전혀 찬성하지 않음,1,Q63|Q65,10
R_4wHsmIjF4MFBwzI,1,남성,서울,60,대학교,예,5,잘 모르겠다,무교,별로 자랑스럽지 않다,별로 자랑스럽지 않다,2,Q61|Q62,매우 찬성함,1,Q63|Q65,8
R_48XRMzXJVzZDDDF,1,남성,서울,55,대학교,예,6,잘 모르겠다,기독교,어느 정도 자랑스럽다,어느 정도 자랑스럽다,4,Q61|Q62,약간 찬성함,2,Q64|Q65,9
R_41jCJW5g6GBo1vI,1,남성,경북,57,고등학교,예,3,다른 정당,무교,어느 정도 자랑스럽다,어느 정도 자랑스럽다,3,Q61|Q62,전혀 찬성하지 않음,1,Q64|Q65,10
R_4rGycdvu05rtwtd,1,남성,서울,60,대학원 이상,예,5,국민의힘,무교,전혀 자랑스럽지 않다,전혀 자랑스럽지 않다,1,Q60|Q62,매우 찬성함,0,Q63|Q65,1
R_4KewTXSJuuKtYXf,0,남성,경기도,56,대학교,예,3,다른 정당,기독교,매우 자랑스럽다,매우 자랑스럽다,4,Q61|Q62,전혀 찬성하지 않음,1,Q64|Q65,10
R_4jDIniMjbEHpk75,0,여성,서울,64,대학교,예,8,국민의힘,기독교,매우 자랑스럽다,매우 자랑스럽다,4,Q61|Q62,매우 찬성함,1,Q63|Q65,10
R_4cQsokgheKqISBP,1,남성,경기도,48,대학교,예,4,더불어민주당,무교,어느 정도 자랑스럽다,어느 정도 자랑스럽다,4,Q61|Q62,별로 찬성하지 않음,2,Q63|Q65,9
R_4JR6uUihM49OkPy,1,남성,경기도,54,대학교,예,5,더불어민주당,무교,매우 자랑스럽다,매우 자랑스럽다,2,Q60|Q62,별로 찬성하지 않음,1,Q63|Q65,9
R_4Ckybjwx47gk9bD,1,남성,경기도,57,대학교,예,2,더불어민주당,무교,별로 자랑스럽지 않다,전혀 자랑스럽지 않다,3,Q61|Q62,약간 찬성함,1,Q63|Q65,10
R_4735tZKfpMcwPtL,0,남성,서울,56,고등학교,예,8,국민의힘,불교,어느 정도 자랑스럽다,어느 정도 자랑스럽다,2,Q60|Q62,별로 찬성하지 않음,2,Q64|Q65,9
R_4C3YoGh6ZbslRUB,1,남성,경기도,66,대학교,예,7,국민의힘,기독교,어느 정도 자랑스럽다,어느 정도 자랑스럽다,2,Q60|Q62,약간 찬성함,1,Q64|Q65,10
R_4RlVrJUpHsVwkPZ,1,남성,경북,58,대학교,예,5,잘 모르겠다,무교,매우 자랑스럽다,매우 자랑스럽다,3,Q61|Q62,매우 찬성함,2,Q64|Q65,10
R_4upQZu0mP3qPM8E,0,남성,경기도,45,고등학교,예,4,잘 모르겠다,무교,어느 정도 자랑스럽다,별로 자랑스럽지 않다,2,Q60|Q62,별로 찬성하지 않음,2,Q63|Q65,7
R_4r27ksMMwnHEI1R,1,남성,서울,65,대학원 이상,예,8,국민의힘,기독교,어느 정도 자랑스럽다,어느 정도 자랑스럽다,4,Q61|Q62,약간 찬성함,2,Q64|Q65,7
R_4mBCSABN5TlCZPP,0,남성,서울,67,대학원 이상,예,8,국민의힘,기독교,별로 자랑스럽지 않다,별로 자랑스럽지 않다,1,Q61|Q62,별로 찬성하지 않음,1,Q63|Q65,6
R_4I622wwFMw38opE,0,남성,경기도,69,대학교,예,6,잘 모르겠다,무교,매우 자랑스럽다,매우 자랑스럽다,1,Q60|Q62,별로 찬성하지 않음,2,Q63|Q65,10
R_4CZQaUuECAblusF,0,남성,경기도,50,고등학교,예,5,더불어민주당,불교,어느 정도 자랑스럽다,어느 정도 자랑스럽다,4,Q61|Q62,약간 찬성함,2,Q63|Q65,10
R_4Inme8d8iuoSnxQ,0,남성,서울,58,대학교,예,5,더불어민주당,무교,매우 자랑스럽다,어느 정도 자랑스럽다,3,Q60|Q62,전혀 찬성하지 않음,1,Q63|Q65,10
R_4CdKTOqzt0zVIr7,0,남성,경기도,55,대학교,예,6,국민의힘,무교,어느 정도 자랑스럽다,어느 정도 자랑스럽다,1,Q60|Q62,약간 찬성함,1,Q63|Q65,10
R_4q3Nk89Nr8wH4Nv,0,남성,강원도,82,고등학교,예,7,국민의힘,불교,매우 자랑스럽다,매우 자랑스럽다,3,Q60|Q62,약간 찬성함,3,Q64|Q65,10
R_4FnzaFfOx0f9nmj,0,남성,서울,69,대학교,예,8,국민의힘,기독교,어느 정도 자랑스럽다,어느 정도 자랑스럽다,3,Q60|Q62,매우 찬성함,3,Q64|Q65,8
R_4LnYXVj97suS8ql,0,남성,경기도,65,대학교,예,6,국민의힘,무교,별로 자랑스럽지 않다,별로 자랑스럽지 않다,1,Q61|Q62,별로 찬성하지 않음,0,Q64|Q65,10
R_4m4xQq0I24fzM2z,0,남성,서울,55,고등학교,예,5,잘 모르겠다,무교,어느 정도 자랑스럽다,어느 정도 자랑스럽다,1,Q60|Q62,별로 찬성하지 않음,3,Q63|Q65,9
R_4ImcBqbKU25YrZn,1,남성,경북,69,대학원 이상,예,5,국민의힘,무교,매우 자랑스럽다,매우 자랑스럽다,3,Q60|Q62,매우 찬성함,2,Q64|Q65,10
R_4XaOHhVeFrue3pn,0,남성,경기도,62,전문 대학교(기술 학교 포함),예,5,더불어민주당,천주교,어느 정도 자랑스럽다,어느 정도 자랑스럽다,3,Q60|Q62,약간 찬성함,1,Q63|Q65,10
R_4jWabgcnua9i1Fi,1,남성,서울,56,대학교,예,2,더불어민주당,무교,별로 자랑스럽지 않다,별로 자랑스럽지 않다,1,Q61|Q62,별로 찬성하지 않음,1,Q64|Q65,5
R_4dgGuxXVZe52auV,0,여성,서울,55,대학교,예,5,국민의힘,무교,어느 정도 자랑스럽다,어느 정도 자랑스럽다,4,Q61|Q62,별로 찬성하지 않음,1,Q63|Q65,9
R_4dmtlxwiEbc3rPO,0,남성,서울,54,대학교,예,5,더불어민주당,불교,어느 정도 자랑스럽다,어느 정도 자랑스럽다,2,Q61|Q62,별로 찬성하지 않음,2,Q64|Q65,9
R_4QyI5JoQNoln6lx,1,남성,경기도,75,대학교,예,7,잘 모르겠다,기독교,매우 자랑스럽다,매우 자랑스럽다,2,Q61|Q62,약간 찬성함,3,Q64|Q65,10
R_4PRSlsUAsezixbO,1,남성,서울,73,대학원 이상,예,8,국민의힘,천주교,매우 자랑스럽다,매우 자랑스럽다,3,Q61|Q62,약간 찬성함,1,Q63|Q65,10
R_44cU1o1gTuJTEAX,1,남성,서울,60,대학원 이상,예,7,국민의힘,기독교,어느 정도 자랑스럽다,어느 정도 자랑스럽다,2,Q61|Q62,별로 찬성하지 않음,1,Q63|Q65,8
R_4dmSNBxPNb4BoqZ,1,남성,서울,59,대학교,예,5,잘 모르겠다,무교,어느 정도 자랑스럽다,어느 정도 자랑스럽다,3,Q61|Q62,별로 찬성하지 않음,1,Q64|Q65,9
R_46hY8sX6DumiFsk,0,남성,경기도,75,대학교,예,6,국민의힘,무교,어느 정도 자랑스럽다,어느 정도 자랑스럽다,3,Q61|Q62,전혀 찬성하지 않음,1,Q64|Q65,8
R_425tTr9gBEo237k,0,남성,경기도,63,대학원 이상,예,6,잘 모르겠다,천주교,어느 정도 자랑스럽다,어느 정도 자랑스럽다,2,Q60|Q62,매우 찬성함,1,Q63|Q65,8
R_4pnV1Gqh1gggW6v,0,남성,경기도,74,대학교,예,8,국민의힘,무교,어느 정도 자랑스럽다,어느 정도 자랑스럽다,2,Q60|Q62,약간 찬성함,2,Q64|Q65,9
R_4ZugkbgApKL6bJL,0,남성,경기도,67,고등학교,예,2,녹색정의당,기독교,별로 자랑스럽지 않다,별로 자랑스럽지 않다,4,Q61|Q62,약간 찬성함,1,Q63|Q65,10
R_4DXPFSK42vUFTX8,0,남성,서울,31,대학교,예,6,다른 정당,무교,어느 정도 자랑스럽다,어느 정도 자랑스럽다,2,Q60|Q62,매우 찬성함,1,Q63|Q65,7
R_42thdl6xbHiwflv,0,남성,강원도,56,전문 대학교(기술 학교 포함),예,3,더불어민주당,불교,어느 정도 자랑스럽다,어느 정도 자랑스럽다,1,Q61|Q62,약간 찬성함,1,Q64|Q65,5
R_4OP0o3lyZw1xwE9,0,남성,경남,65,대학교,예,8,국민의힘,기독교,어느 정도 자랑스럽다,어느 정도 자랑스럽다,1,Q60|Q62,전혀 찬성하지 않음,2,Q64|Q65,10
R_4jvxyMXoDPws37a,0,남성,경기도,63,대학교,예,5,잘 모르겠다,무교,매우 자랑스럽다,매우 자랑스럽다,2,Q61|Q62,약간 찬성함,2,Q64|Q65,9
R_4PG1RWe4gXD6yL2,1,남성,경기도,55,대학교,예,3,더불어민주당,천주교,매우 자랑스럽다,어느 정도 자랑스럽다,4,Q61|Q62,매우 찬성함,1,Q64|Q65,4
R_4dGmpHhC3NKXYU7,1,남성,경북,62,대학교,예,5,국민의힘,무교,어느 정도 자랑스럽다,어느 정도 자랑스럽다,4,Q61|Q62,약간 찬성함,1,Q64|Q65,6
R_4PpFzkVjq2CtP2X,0,남성,경기도,58,전문 대학교(기술 학교 포함),예,5,다른 정당,무교,어느 정도 자랑스럽다,어느 정도 자랑스럽다,3,Q61|Q62,전혀 찬성하지 않음,1,Q64|Q65,10
R_4VkLfgTBxYqFIYB,1,남성,경기도,67,대학교,예,3,더불어민주당,무교,어느 정도 자랑스럽다,어느 정도 자랑스럽다,3,Q61|Q62,전혀 찬성하지 않음,1,Q64|Q65,9
R_43yjXUZSBbNBKkO,1,남성,경기도,60,대학교,예,5,더불어민주당,불교,매우 자랑스럽다,매우 자랑스럽다,1,Q60|Q62,별로 찬성하지 않음,1,Q64|Q65,10
R_4DtLc7i3tkQ2D9u,0,남성,경기도,60,중학교,예,7,잘 모르겠다,기독교,별로 자랑스럽지 않다,별로 자랑스럽지 않다,2,Q61|Q62,별로 찬성하지 않음,1,Q64|Q65,10
R_4efWdqxyQMOQ7ZU,1,남성,서울,58,대학교,예,7,국민의힘,기독교,어느 정도 자랑스럽다,어느 정도 자랑스럽다,2,Q60|Q62,약간 찬성함,2,Q64|Q65,8
R_4392H164YSEOOIb,0,남성,경북,73,대학원 이상,예,6,국민의힘,무교,어느 정도 자랑스럽다,어느 정도 자랑스럽다,3,Q61|Q62,매우 찬성함,2,Q64|Q65,10
R_4CWAnoNdz5pwLS6,1,남성,전남,63,대학교,예,6,더불어민주당,불교,어느 정도 자랑스럽다,어느 정도 자랑스럽다,2,Q61|Q62,약간 찬성함,2,Q64|Q65,8
R_4sYyLaXoE9ZHnx9,1,남성,경기도,60,고등학교,예,3,잘 모르겠다,천주교,어느 정도 자랑스럽다,어느 정도 자랑스럽다,3,Q61|Q62,약간 찬성함,2,Q63|Q65,8
R_4ndXjMRASFVt2Ur,1,남성,경기도,62,대학교,예,5,국민의힘,기독교,어느 정도 자랑스럽다,어느 정도 자랑스럽다,1,Q60|Q62,별로 찬성하지 않음,1,Q64|Q65,9
R_4iqJdaVB6KgXciq,1,남성,경기도,64,대학교,예,3,다른 정당,무교,전혀 자랑스럽지 않다,전혀 자랑스럽지 않다,3,Q60|Q62,전혀 찬성하지 않음,2,Q64|Q65,9
R_4Pq4uzZ7jgNRukL,1,남성,경기도,60,대학원 이상,예,2,더불어민주당,무교,어느 정도 자랑스럽다,어느 정도 자랑스럽다,2,Q61|Q62,별로 찬성하지 않음,1,Q64|Q65,7
R_4kKU5hLGkU6JIk2,1,남성,경기도,57,대학교,예,9,국민의힘,천주교,어느 정도 자랑스럽다,어느 정도 자랑스럽다,2,Q60|Q62,별로 찬성하지 않음,1,Q64|Q65,8
R_4P4XM4EdiWbwOGd,1,남성,경기도,61,대학교,예,8,국민의힘,무교,매우 자랑스럽다,매우 자랑스럽다,2,Q60|Q62,별로 찬성하지 않음,2,Q63|Q65,10
R_41Rhz4vRf07udZX,0,남성,경남,66,대학교,예,8,국민의힘,천주교,어느 정도 자랑스럽다,어느 정도 자랑스럽다,3,Q60|Q62,매우 찬성함,1,Q63|Q65,8
R_4BSYMMmDMdFJFjX,0,남성,서울,54,대학교,예,6,국민의힘,기독교,어느 정도 자랑스럽다,어느 정도 자랑스럽다,1,Q60|Q62,약간 찬성함,1,Q63|Q65,9
R_4pXwS3FJNHzCxLX,1,여성,경기도,55,고등학교,예,4,더불어민주당,무교,별로 자랑스럽지 않다,별로 자랑스럽지 않다,0,Q60|Q62,별로 찬성하지 않음,1,Q63|Q65,7
R_4op2TOA6gpcX6fg,0,여성,경기도,58,전문 대학교(기술 학교 포함),예,4,국민의힘,불교,별로 자랑스럽지 않다,전혀 자랑스럽지 않다,1,Q61|Q62,약간 찬성함,1,Q64|Q65,9
R_4jiFSPtFmALZbOc,1,여성,경기도,64,대학교,예,5,더불어민주당,무교,별로 자랑스럽지 않다,별로 자랑스럽지 않다,3,Q61|Q62,매우 찬성함,2,Q64|Q65,7
R_4CW2TSaZivG4jOL,1,여성,경남,40,대학원 이상,예,6,국민의힘,천주교,별로 자랑스럽지 않다,별로 자랑스럽지 않다,1,Q61|Q62,약간 찬성함,0,Q63|Q65,9
R_42nM8APAHNjHAn0,1,여성,강원도,65,대학교,예,3,더불어민주당,불교,어느 정도 자랑스럽다,어느 정도 자랑스럽다,1,Q60|Q62,별로 찬성하지 않음,1,Q64|Q65,8
R_4qe0MfWM1smAHPF,1,여성,서울,60,대학교,예,"10
보수",국민의힘,천주교,어느 정도 자랑스럽다,어느 정도 자랑스럽다,1,Q60|Q62,매우 찬성함,1,Q64|Q65,7
R_4vkAmt6Dk6SyHOl,1,여성,서울,60,대학교,예,5,잘 모르겠다,기독교,별로 자랑스럽지 않다,어느 정도 자랑스럽다,2,Q61|Q62,전혀 찬성하지 않음,2,Q63|Q65,6
R_4nTq1hvUp0Dqk27,1,여성,경기도,57,대학교,예,5,잘 모르겠다,무교,별로 자랑스럽지 않다,별로 자랑스럽지 않다,1,Q61|Q62,매우 찬성함,1,Q63|Q65,7
R_4TYL8gXdASU1kld,0,여성,경북,61,대학교,예,6,국민의힘,천주교,매우 자랑스럽다,매우 자랑스럽다,4,Q61|Q62,매우 찬성함,1,Q63|Q65,10
R_4OGOrJ2hXAa5KmZ,1,여성,경기도,56,전문 대학교(기술 학교 포함),예,4,더불어민주당,무교,어느 정도 자랑스럽다,별로 자랑스럽지 않다,1,Q60|Q62,매우 찬성함,2,Q64|Q65,10
R_4FVV96OituhhpXL,1,여성,서울,58,대학교,예,5,잘 모르겠다,기독교,어느 정도 자랑스럽다,어느 정도 자랑스럽다,3,Q61|Q62,약간 찬성함,2,Q64|Q65,7
R_4gqlqjqjyjLpxOp,1,남성,경기도,62,대학교,예,5,잘 모르겠다,무교,어느 정도 자랑스럽다,어느 정도 자랑스럽다,4,Q61|Q62,약간 찬성함,3,Q64|Q65,9
R_4DTzhrp4Opo2ufb,0,여성,경기도,64,고등학교,예,7,국민의힘,기독교,어느 정도 자랑스럽다,매우 자랑스럽다,2,Q60|Q62,약간 찬성함,2,Q64|Q65,9
R_4KIK7PywSj0dNE3,1,여성,경기도,55,고등학교,예,5,더불어민주당,기독교,별로 자랑스럽지 않다,별로 자랑스럽지 않다,2,Q60|Q62,별로 찬성하지 않음,1,Q64|Q65,7
R_4eltF8mccU1J6UN,1,여성,충남,55,대학교,예,7,국민의힘,기독교,어느 정도 자랑스럽다,어느 정도 자랑스럽다,2,Q60|Q62,매우 찬성함,3,Q63|Q65,10
R_41U3BiF0nb9Fo65,0,여성,경기도,56,대학교,예,3,더불어민주당,무교,별로 자랑스럽지 않다,별로 자랑스럽지 않다,1,Q61|Q62,별로 찬성하지 않음,1,Q64|Q65,10
R_4JtnvH3MTGCD2iY,0,남성,서울,63,대학교,예,7,국민의힘,무교,어느 정도 자랑스럽다,어느 정도 자랑스럽다,0,Q61|Q62,약간 찬성함,1,Q63|Q65,8
R_4Oli4fhLFJOD0VD,0,여성,경기도,57,대학교,예,9,국민의힘,기독교,어느 정도 자랑스럽다,어느 정도 자랑스럽다,2,Q60|Q62,매우 찬성함,1,Q63|Q65,10
R_4Mhd5jYJt0yhPBd,0,남성,경기도,82,대학원 이상,예,6,국민의힘,불교,어느 정도 자랑스럽다,어느 정도 자랑스럽다,2,Q60|Q62,별로 찬성하지 않음,1,Q64|Q65,10
R_4HStPpKwfTBz162,0,여성,서울,60,고등학교,예,5,잘 모르겠다,기독교,매우 자랑스럽다,매우 자랑스럽다,1,Q60|Q62,약간 찬성함,2,Q63|Q65,9
R_4NOj2l8AQf44ySO,0,여성,경기도,59,대학교,예,6,다른 정당,무교,어느 정도 자랑스럽다,어느 정도 자랑스럽다,2,Q60|Q62,매우 찬성함,2,Q64|Q65,10
R_4KpakcoreGT8EBt,1,여성,전북,65,대학교,예,4,잘 모르겠다,기독교,별로 자랑스럽지 않다,별로 자랑스럽지 않다,3,Q60|Q62,전혀 찬성하지 않음,1,Q63|Q65,9
R_4DuVa8rWvepeZ0Y,0,여성,경기도,66,고등학교,예,5,더불어민주당,무교,매우 자랑스럽다,매우 자랑스럽다,3,Q61|Q62,매우 찬성함,3,Q63|Q65,10
R_4CsgLzyGMhLwKlK,1,여성,서울,58,대학교,예,6,더불어민주당,무교,어느 정도 자랑스럽다,어느 정도 자랑스럽다,1,Q60|Q62,전혀 찬성하지 않음,2,Q63|Q65,7
R_4JI8oaM8M7qggLQ,0,여성,경기도,56,대학교,예,5,잘 모르겠다,천주교,별로 자랑스럽지 않다,별로 자랑스럽지 않다,1,Q60|Q62,약간 찬성함,1,Q63|Q65,10
R_41XIiLilH8UFayh,1,남성,강원도,66,고등학교,예,4,잘 모르겠다,불교,매우 자랑스럽다,어느 정도 자랑스럽다,3,Q61|Q62,매우 찬성함,2,Q64|Q65,8
R_4Kpb4mLsaFL32SJ,0,여성,서울,56,대학교,예,5,잘 모르겠다,무교,어느 정도 자랑스럽다,어느 정도 자랑스럽다,1,Q60|Q62,약간 찬성함,1,Q63|Q65,8
R_4gUc5zY3J98MV6T,0,여성,서울,56,대학교,예,5,더불어민주당,무교,어느 정도 자랑스럽다,어느 정도 자랑스럽다,2,Q61|Q62,매우 찬성함,2,Q64|Q65,10
R_4pl52BSye8O5KJ8,0,여성,경기도,55,고등학교,예,"1
진보",더불어민주당,무교,매우 자랑스럽다,어느 정도 자랑스럽다,3,Q61|Q62,약간 찬성함,1,Q63|Q65,10
R_4npy0tenD8YfDtu,1,여성,서울,66,대학교,예,6,국민의힘,기독교,매우 자랑스럽다,매우 자랑스럽다,4,Q61|Q62,별로 찬성하지 않음,1,Q63|Q65,10
R_4JlboHMmeEmukmM,0,남성,서울,70,대학교,예,8,국민의힘,무교,매우 자랑스럽다,매우 자랑스럽다,3,Q61|Q62,약간 찬성함,1,Q63|Q65,10
R_4Eb55JFiWGg98Os,1,여성,충남,56,대학교,예,5,더불어민주당,무교,매우 자랑스럽다,매우 자랑스럽다,1,Q61|Q62,전혀 찬성하지 않음,1,Q64|Q65,10
R_4pWK1pdaIPdy9Jw,1,여성,경기도,62,대학교,예,8,국민의힘,기독교,어느 정도 자랑스럽다,어느 정도 자랑스럽다,4,Q61|Q62,약간 찬성함,1,Q63|Q65,8
R_4XykN0NkFN71qzn,0,남성,경기도,56,고등학교,예,3,더불어민주당,무교,별로 자랑스럽지 않다,별로 자랑스럽지 않다,2,Q60|Q62,별로 찬성하지 않음,2,Q64|Q65,10
R_4C76pPZXUBUr2aP,1,여성,경기도,63,고등학교,예,6,국민의힘,불교,어느 정도 자랑스럽다,어느 정도 자랑스럽다,3,Q61|Q62,약간 찬성함,3,Q64|Q65,9
R_4IznkXd4xHdLunT,0,여성,서울,63,대학교,예,6,국민의힘,무교,어느 정도 자랑스럽다,어느 정도 자랑스럽다,2,Q61|Q62,약간 찬성함,1,Q63|Q65,10
R_4ruSuL6FQjZvL7r,1,남성,경기도,56,대학교,예,"10
보수",더불어민주당,무교,별로 자랑스럽지 않다,별로 자랑스럽지 않다,0,Q61|Q62,약간 찬성함,2,Q64|Q65,10
R_4omHMiBU1VWflwB,1,남성,서울,55,대학교,예,2,더불어민주당,무교,매우 자랑스럽다,매우 자랑스럽다,3,Q60|Q62,전혀 찬성하지 않음,1,Q63|Q65,10
R_4lyBTRvBUekvVU5,0,여성,서울,61,대학교,예,7,국민의힘,기독교,매우 자랑스럽다,어느 정도 자랑스럽다,3,Q61|Q62,매우 찬성함,2,Q64|Q65,10
R_4AG4BsVEhf3nW2k,0,여성,서울,64,대학교,예,5,잘 모르겠다,무교,어느 정도 자랑스럽다,어느 정도 자랑스럽다,2,Q60|Q62,약간 찬성함,3,Q64|Q65,1
R_4yzwLjUQg3P0ZIl,0,남성,경기도,69,대학교,예,6,국민의힘,무교,어느 정도 자랑스럽다,어느 정도 자랑스럽다,2,Q60|Q62,전혀 찬성하지 않음,2,Q64|Q65,8
R_4KIzTzq1vftgc0d,1,여성,서울,58,대학교,예,7,국민의힘,기독교,별로 자랑스럽지 않다,매우 자랑스럽다,2,Q60|Q62,매우 찬성함,2,Q63|Q65,10
R_4Gey4bnT6AjmynC,1,여성,강원도,66,고등학교,예,5,잘 모르겠다,무교,별로 자랑스럽지 않다,별로 자랑스럽지 않다,1,Q60|Q62,별로 찬성하지 않음,1,Q64|Q65,5
R_4du83DQ0HwjXgKu,0,여성,서울,65,대학교,예,6,더불어민주당,기독교,어느 정도 자랑스럽다,어느 정도 자랑스럽다,4,Q61|Q62,별로 찬성하지 않음,1,Q64|Q65,7
R_4stBXHuhQTaPa2c,0,여성,경기도,55,고등학교,예,4,잘 모르겠다,무교,어느 정도 자랑스럽다,어느 정도 자랑스럽다,2,Q61|Q62,약간 찬성함,1,Q63|Q65,10
R_4P5ppWPQ1m8rKJm,1,여성,강원도,61,대학교,예,6,잘 모르겠다,무교,어느 정도 자랑스럽다,어느 정도 자랑스럽다,2,Q60|Q62,약간 찬성함,1,Q64|Q65,10
R_4QWCppxWTCaWzE2,0,여성,서울,42,대학교,예,6,잘 모르겠다,기독교,어느 정도 자랑스럽다,어느 정도 자랑스럽다,2,Q61|Q62,약간 찬성함,2,Q64|Q65,10
R_4f1EsiAS8dEl9Kq,0,여성,서울,55,대학원 이상,예,8,국민의힘,천주교,매우 자랑스럽다,매우 자랑스럽다,4,Q61|Q62,매우 찬성함,1,Q63|Q65,10
R_4iIMG31Hn5gvcdg,1,여성,서울,67,대학원 이상,예,6,다른 정당,무교,매우 자랑스럽다,매우 자랑스럽다,4,Q61|Q62,별로 찬성하지 않음,1,Q64|Q65,8
R_4riwhJWboW63RNL,0,여성,서울,56,고등학교,예,6,국민의힘,기독교,어느 정도 자랑스럽다,어느 정도 자랑스럽다,3,Q61|Q62,약간 찬성함,1,Q64|Q65,10
R_4vE6uBwdrcjZVHH,0,남성,경기도,63,대학교,예,"10
보수",국민의힘,무교,어느 정도 자랑스럽다,어느 정도 자랑스럽다,2,Q60|Q62,약간 찬성함,2,Q63|Q65,9
R_41WZzi5vi7aXSUN,0,여성,부산,61,대학교,예,2,더불어민주당,기독교,어느 정도 자랑스럽다,어느 정도 자랑스럽다,2,Q60|Q62,별로 찬성하지 않음,1,Q64|Q65,7
R_4uq584Cg6KAKlXX,1,남성,경남,59,전문 대학교(기술 학교 포함),예,5,잘 모르겠다,무교,매우 자랑스럽다,매우 자랑스럽다,2,Q60|Q62,별로 찬성하지 않음,1,Q64|Q65,9
R_4ltbRjdaESJYybf,0,여성,서울,56,대학교,예,6,국민의힘,무교,어느 정도 자랑스럽다,어느 정도 자랑스럽다,3,Q60|Q62,약간 찬성함,2,Q63|Q65,10
R_4eUDeQtiWf6KoCb,0,여성,서울,52,대학교,예,6,국민의힘,천주교,어느 정도 자랑스럽다,어느 정도 자랑스럽다,2,Q61|Q62,약간 찬성함,2,Q63|Q65,8
R_4Pd5DxrOvkY8N1q,0,여성,경기도,69,고등학교,예,6,잘 모르겠다,기독교,매우 자랑스럽다,매우 자랑스럽다,2,Q60|Q62,별로 찬성하지 않음,1,Q64|Q65,10
R_49sKVemW3Bf22Ya,1,여성,경기도,56,대학교,예,4,더불어민주당,무교,매우 자랑스럽다,매우 자랑스럽다,2,Q61|Q62,별로 찬성하지 않음,3,Q64|Q65,10
R_41cVY6N3RznZ9vl,1,남성,경북,66,대학교,예,5,국민의힘,무교,매우 자랑스럽다,매우 자랑스럽다,3,Q61|Q62,전혀 찬성하지 않음,1,Q63|Q65,10
R_40SC8nrCDdw4LjQ,1,여성,강원도,58,대학원 이상,예,6,국민의힘,무교,매우 자랑스럽다,어느 정도 자랑스럽다,1,Q60|Q62,별로 찬성하지 않음,2,Q63|Q65,10
R_4K3l6EiH1VWhkhh,1,여성,서울,54,대학교,예,9,더불어민주당,무교,매우 자랑스럽다,매우 자랑스럽다,4,Q61|Q62,매우 찬성함,2,Q64|Q65,10
R_4Eg9vZFXq3kx6QY,0,남성,경기도,81,대학교,예,9,다른 정당,기독교,어느 정도 자랑스럽다,어느 정도 자랑스럽다,3,Q61|Q62,별로 찬성하지 않음,1,Q64|Q65,10
R_4EVXAAPidiXIC50,1,여성,경기도,55,대학교,예,2,더불어민주당,무교,어느 정도 자랑스럽다,어느 정도 자랑스럽다,1,Q60|Q62,약간 찬성함,1,Q63|Q65,10
R_4NPzKGJarx5WtJ7,1,여성,경기도,65,대학교,예,5,더불어민주당,기독교,어느 정도 자랑스럽다,어느 정도 자랑스럽다,3,Q60|Q62,전혀 찬성하지 않음,2,Q63|Q65,9
R_40OaGJiRzS0FuIh,0,여성,서울,62,대학원 이상,예,6,국민의힘,불교,매우 자랑스럽다,매우 자랑스럽다,4,Q61|Q62,약간 찬성함,1,Q63|Q65,10
R_4g5ThJ2aQfxYFCE,1,여성,서울,56,고등학교,예,5,더불어민주당,무교,전혀 자랑스럽지 않다,전혀 자랑스럽지 않다,2,Q60|Q62,매우 찬성함,3,Q64|Q65,10
R_4OEaoc1FxpD7IFs,1,남성,충남,32,고등학교,예,6,잘 모르겠다,무교,전혀 자랑스럽지 않다,전혀 자랑스럽지 않다,1,Q60|Q62,별로 찬성하지 않음,1,Q63|Q65,7
R_4rw4j0BSm0Bzwan,1,남성,서울,55,대학교,예,5,잘 모르겠다,무교,별로 자랑스럽지 않다,별로 자랑스럽지 않다,0,Q60|Q62,전혀 찬성하지 않음,0,Q63|Q65,5
R_4R4LLvFKlk1wIsV,1,여성,경기도,62,고등학교,예,8,잘 모르겠다,무교,어느 정도 자랑스럽다,어느 정도 자랑스럽다,2,Q61|Q62,약간 찬성함,3,Q64|Q65,8
R_41tb3qWBGRcOysC,0,남성,서울,65,대학교,예,7,국민의힘,무교,어느 정도 자랑스럽다,어느 정도 자랑스럽다,4,Q61|Q62,약간 찬성함,1,Q63|Q65,6
R_43lw11rJVA5SaXL,1,여성,서울,63,대학교,예,6,국민의힘,천주교,매우 자랑스럽다,매우 자랑스럽다,4,Q61|Q62,매우 찬성함,2,Q64|Q65,8
R_4GVMKsqW7yuxf7Y,1,여성,서울,62,대학원 이상,예,2,더불어민주당,기독교,별로 자랑스럽지 않다,별로 자랑스럽지 않다,3,Q61|Q62,약간 찬성함,2,Q64|Q65,5
R_4aFdcvR9dt7oHmJ,0,남성,경기도,58,대학교,예,3,녹색정의당,무교,매우 자랑스럽다,매우 자랑스럽다,2,Q60|Q62,약간 찬성함,1,Q63|Q65,10
R_4zVZIZ2THdhkTU5,1,여성,충북,60,대학원 이상,예,3,더불어민주당,무교,어느 정도 자랑스럽다,어느 정도 자랑스럽다,1,Q60|Q62,전혀 찬성하지 않음,1,Q63|Q65,10
R_4Srk78oYy4rSZ6p,0,여성,서울,61,대학교,예,6,잘 모르겠다,무교,별로 자랑스럽지 않다,별로 자랑스럽지 않다,3,Q61|Q62,매우 찬성함,1,Q64|Q65,9
R_4j26iP5Aq2iyrYZ,1,여성,서울,57,대학교,예,5,잘 모르겠다,무교,어느 정도 자랑스럽다,어느 정도 자랑스럽다,2,Q61|Q62,매우 찬성함,2,Q64|Q65,6
R_42dXfMkitHaabSh,0,여성,경기도,61,고등학교,예,7,국민의힘,불교,매우 자랑스럽다,매우 자랑스럽다,4,Q61|Q62,약간 찬성함,2,Q64|Q65,10
R_4bur1MUQuqH42aZ,0,여성,경기도,60,고등학교,예,8,국민의힘,무교,어느 정도 자랑스럽다,어느 정도 자랑스럽다,3,Q61|Q62,약간 찬성함,2,Q64|Q65,9
R_4e1doscaXmapsdj,0,여성,서울,64,대학교,예,5,잘 모르겠다,불교,별로 자랑스럽지 않다,별로 자랑스럽지 않다,3,Q60|Q62,별로 찬성하지 않음,1,Q64|Q65,8
R_4CjQGhmRVRueETF,0,남성,경북,56,대학교,예,2,더불어민주당,불교,매우 자랑스럽다,매우 자랑스럽다,2,Q60|Q62,전혀 찬성하지 않음,1,Q64|Q65,10
R_49aAQXptqV9tvXr,1,남성,경북,47,고등학교,예,3,더불어민주당,기독교,매우 자랑스럽다,매우 자랑스럽다,2,Q60|Q62,별로 찬성하지 않음,2,Q64|Q65,10
R_4n9uWtQaEzodGQe,1,남성,서울,38,대학교,예,7,국민의힘,무교,매우 자랑스럽다,매우 자랑스럽다,3,Q60|Q62,약간 찬성함,1,Q63|Q65,10
R_4Gty9HQbrMjXp29,0,여성,경남,80,고등학교,예,7,국민의힘,불교,별로 자랑스럽지 않다,별로 자랑스럽지 않다,2,Q61|Q62,약간 찬성함,2,Q63|Q65,9
R_4amHRhTwrjXqj5X,0,남성,경남,63,대학교,예,"1
진보",녹색정의당,천주교,어느 정도 자랑스럽다,어느 정도 자랑스럽다,2,Q60|Q62,매우 찬성함,2,Q64|Q65,10
R_49OsASvtS9erLod,0,여성,경기도,70,대학교,예,6,잘 모르겠다,무교,별로 자랑스럽지 않다,별로 자랑스럽지 않다,1,Q61|Q62,약간 찬성함,1,Q64|Q65,3
R_47jIcARvExAJxYZ,0,남성,경기도,55,대학교,예,6,다른 정당,무교,어느 정도 자랑스럽다,어느 정도 자랑스럽다,4,Q61|Q62,전혀 찬성하지 않음,2,Q63|Q65,8
R_4U5zOTRZEXT9Zln,1,여성,경북,57,고등학교,예,3,더불어민주당,무교,별로 자랑스럽지 않다,별로 자랑스럽지 않다,1,Q61|Q62,약간 찬성함,1,Q63|Q65,6
R_4PoDkKs1bkqgICF,0,여성,서울,65,대학교,예,9,국민의힘,기독교,매우 자랑스럽다,매우 자랑스럽다,2,Q60|Q62,매우 찬성함,1,Q64|Q65,10
R_4isR1wMU5i78MAj,0,여성,경남,62,대학교,예,5,국민의힘,무교,어느 정도 자랑스럽다,어느 정도 자랑스럽다,1,Q60|Q62,매우 찬성함,1,Q63|Q65,7
R_4gEeOk0jmDeUmAN,0,여성,서울,68,대학교,예,6,국민의힘,불교,매우 자랑스럽다,매우 자랑스럽다,3,Q60|Q62,약간 찬성함,3,Q64|Q65,9
R_4N84aa2sbVIDYFo,0,여성,강원도,72,고등학교,예,4,잘 모르겠다,천주교,어느 정도 자랑스럽다,어느 정도 자랑스럽다,2,Q60|Q62,매우 찬성함,2,Q63|Q65,9
R_4GZ6uss03dWxdn3,0,여성,서울,47,대학교,예,8,국민의힘,무교,매우 자랑스럽다,매우 자랑스럽다,1,Q61|Q62,별로 찬성하지 않음,1,Q64|Q65,10
R_4HXKqYSxKJaliRc,0,여성,경기도,62,전문 대학교(기술 학교 포함),예,5,잘 모르겠다,불교,매우 자랑스럽다,매우 자랑스럽다,2,Q60|Q62,약간 찬성함,1,Q63|Q65,10
R_4dMcYtynyqHrc7g,0,여성,서울,66,대학교,예,4,더불어민주당,무교,매우 자랑스럽다,매우 자랑스럽다,3,Q60|Q62,매우 찬성함,3,Q64|Q65,10
R_4Eg9ope7Et9qa0B,0,여성,경기도,57,대학교,예,5,다른 정당,무교,어느 정도 자랑스럽다,어느 정도 자랑스럽다,3,Q61|Q62,매우 찬성함,2,Q63|Q65,10
R_4oBy1QpJlOMNktP,0,여성,서울,56,대학원 이상,예,4,녹색정의당,무교,별로 자랑스럽지 않다,별로 자랑스럽지 않다,3,Q61|Q62,전혀 찬성하지 않음,2,Q64|Q65,8
R_47P7bcbXx2tnRad,0,여성,경기도,56,대학교,예,5,국민의힘,무교,매우 자랑스럽다,매우 자랑스럽다,3,Q60|Q62,매우 찬성함,3,Q63|Q65,10
R_4mZW9vwqzNzE2Zz,0,여성,서울,63,대학교,예,5,잘 모르겠다,기독교,별로 자랑스럽지 않다,별로 자랑스럽지 않다,3,Q60|Q62,별로 찬성하지 않음,0,Q63|Q65,10
R_4y1KZjQLRj0OF79,0,여성,서울,55,대학교,예,7,잘 모르겠다,무교,어느 정도 자랑스럽다,어느 정도 자랑스럽다,2,Q60|Q62,매우 찬성함,1,Q64|Q65,9
R_4gMf5sj2mrKA1Ou,1,여성,경기도,56,고등학교,예,5,국민의힘,기독교,매우 자랑스럽다,매우 자랑스럽다,2,Q61|Q62,약간 찬성함,2,Q64|Q65,5
R_41mGGhPuP6VqHuA,1,여성,충북,61,고등학교,예,5,잘 모르겠다,무교,어느 정도 자랑스럽다,어느 정도 자랑스럽다,4,Q61|Q62,매우 찬성함,3,Q64|Q65,10
R_4F3uPj14Up0h6kp,1,여성,충남,56,대학교,예,6,국민의힘,무교,매우 자랑스럽다,어느 정도 자랑스럽다,3,Q61|Q62,별로 찬성하지 않음,2,Q64|Q65,10
R_42aJDKSmy2joAZF,1,여성,충남,58,고등학교,예,5,더불어민주당,무교,어느 정도 자랑스럽다,어느 정도 자랑스럽다,4,Q61|Q62,매우 찬성함,1,Q63|Q65,10
R_4P54YGdH39R0fRV,1,여성,서울,66,고등학교,예,6,국민의힘,기독교,매우 자랑스럽다,매우 자랑스럽다,1,Q61|Q62,매우 찬성함,1,Q63|Q65,9
R_4R8thZKEQYdwwff,1,남성,경남,57,대학원 이상,예,4,녹색정의당,천주교,별로 자랑스럽지 않다,별로 자랑스럽지 않다,3,Q60|Q62,약간 찬성함,3,Q64|Q65,6
R_4Qld6CbZ0hglPPU,0,여성,충남,56,전문 대학교(기술 학교 포함),예,5,다른 정당,불교,별로 자랑스럽지 않다,전혀 자랑스럽지 않다,1,Q60|Q62,전혀 찬성하지 않음,1,Q63|Q65,6
R_4EaODai0wYoH7hr,0,남성,경남,66,대학교,예,7,국민의힘,무교,별로 자랑스럽지 않다,별로 자랑스럽지 않다,2,Q61|Q62,매우 찬성함,1,Q63|Q65,6
R_4n15v0tkQXRsi09,0,여성,강원도,55,대학원 이상,예,6,잘 모르겠다,기독교,별로 자랑스럽지 않다,별로 자랑스럽지 않다,1,Q60|Q62,매우 찬성함,0,Q63|Q65,5
R_4ijLDdyEW57nteP,1,여성,서울,59,대학교,예,7,국민의힘,기독교,어느 정도 자랑스럽다,어느 정도 자랑스럽다,1,Q60|Q62,약간 찬성함,2,Q64|Q65,9
R_4JhFcz1Vp4AZwCR,1,남성,전북,56,대학원 이상,예,5,잘 모르겠다,기독교,어느 정도 자랑스럽다,어느 정도 자랑스럽다,0,Q60|Q62,약간 찬성함,1,Q63|Q65,10
R_4gtniPMLJRJSTQE,0,여성,경기도,61,대학원 이상,예,6,국민의힘,기독교,어느 정도 자랑스럽다,어느 정도 자랑스럽다,4,Q61|Q62,약간 찬성함,3,Q64|Q65,9
R_4laZigic4zUq1kk,0,여성,서울,65,대학원 이상,예,5,국민의힘,무교,별로 자랑스럽지 않다,별로 자랑스럽지 않다,0,Q61|Q62,약간 찬성함,1,Q64|Q65,5
R_4TNbQ3fkAioih1C,1,여성,충북,63,고등학교,예,3,더불어민주당,무교,어느 정도 자랑스럽다,어느 정도 자랑스럽다,1,Q60|Q62,약간 찬성함,2,Q64|Q65,10
R_42Q6lPJDj3db7it,0,남성,충북,57,고등학교,예,7,국민의힘,기독교,어느 정도 자랑스럽다,어느 정도 자랑스럽다,1,Q60|Q62,약간 찬성함,1,Q64|Q65,7
R_4tx6y1w3deMlMr9,1,여성,경기도,64,대학원 이상,예,6,잘 모르겠다,불교,별로 자랑스럽지 않다,매우 자랑스럽다,3,Q61|Q62,별로 찬성하지 않음,2,Q64|Q65,10
R_4jNjr7o9B4jIB92,1,여성,경기도,65,고등학교,예,2,더불어민주당,기독교,어느 정도 자랑스럽다,어느 정도 자랑스럽다,3,Q61|Q62,별로 찬성하지 않음,1,Q64|Q65,7
R_41GnJakkAi1ixhA,1,여성,서울,62,대학교,예,7,국민의힘,천주교,별로 자랑스럽지 않다,별로 자랑스럽지 않다,1,Q61|Q62,약간 찬성함,1,Q63|Q65,10
R_4zeEaAYPDxsslPd,0,여성,서울,64,대학교,예,7,국민의힘,무교,어느 정도 자랑스럽다,어느 정도 자랑스럽다,4,Q61|Q62,매우 찬성함,3,Q64|Q65,9
R_4KzFePIVL28JT2h,1,여성,경기도,61,대학교,예,7,국민의힘,불교,어느 정도 자랑스럽다,어느 정도 자랑스럽다,3,Q60|Q62,약간 찬성함,2,Q64|Q65,7
R_4MLlLxm136lwmMt,0,여성,서울,60,대학교,예,6,잘 모르겠다,천주교,어느 정도 자랑스럽다,어느 정도 자랑스럽다,2,Q60|Q62,약간 찬성함,2,Q63|Q65,8
R_4xybmS2iYuDCStz,0,여성,서울,76,고등학교,예,7,국민의힘,천주교,매우 자랑스럽다,어느 정도 자랑스럽다,1,Q60|Q62,매우 찬성함,1,Q63|Q65,10
R_4GQhUibgYUVUNZn,0,여성,서울,59,대학교,예,8,국민의힘,기독교,어느 정도 자랑스럽다,어느 정도 자랑스럽다,4,Q61|Q62,매우 찬성함,0,Q63|Q65,8
R_4pYxb8nfvy1zj8R,1,여성,서울,65,고등학교,예,5,잘 모르겠다,기독교,어느 정도 자랑스럽다,어느 정도 자랑스럽다,3,Q60|Q62,전혀 찬성하지 않음,1,Q63|Q65,7
R_43gnIzA10BT99QF,1,여성,서울,57,고등학교,예,3,녹색정의당,무교,매우 자랑스럽다,매우 자랑스럽다,2,Q61|Q62,약간 찬성함,3,Q63|Q65,10
R_4Ra7FOz909LRYyp,1,여성,서울,55,전문 대학교(기술 학교 포함),예,5,더불어민주당,무교,별로 자랑스럽지 않다,별로 자랑스럽지 않다,1,Q60|Q62,별로 찬성하지 않음,2,Q64|Q65,5
R_4u9F7bH4AFxuKAh,0,남성,충남,31,대학교,예,5,더불어민주당,무교,어느 정도 자랑스럽다,어느 정도 자랑스럽다,4,Q61|Q62,별로 찬성하지 않음,1,Q64|Q65,10
R_4VqI43y0O9mMVXk,1,남성,경남,75,대학교,예,6,국민의힘,무교,매우 자랑스럽다,매우 자랑스럽다,3,Q61|Q62,매우 찬성함,1,Q63|Q65,10
R_4niINQtfppmxj6k,0,여성,경기도,55,고등학교,예,3,더불어민주당,기독교,어느 정도 자랑스럽다,어느 정도 자랑스럽다,4,Q61|Q62,약간 찬성함,2,Q63|Q65,9
R_4G7l8fw0qaHRXZs,1,남성,경기도,65,고등학교,예,8,국민의힘,무교,어느 정도 자랑스럽다,어느 정도 자랑스럽다,2,Q61|Q62,매우 찬성함,1,Q63|Q65,6
R_477lhKttcsUWO1C,1,남성,서울,71,고등학교,예,5,더불어민주당,기독교,매우 자랑스럽다,매우 자랑스럽다,3,Q60|Q62,전혀 찬성하지 않음,1,Q64|Q65,10
R_4h5EUe7ukW4FoCR,0,여성,경기도,60,대학교,예,8,국민의힘,기독교,어느 정도 자랑스럽다,어느 정도 자랑스럽다,2,Q60|Q62,매우 찬성함,1,Q63|Q65,8
R_45Rvawu023mRDlF,1,여성,강원도,66,중학교,예,4,다른 정당,불교,매우 자랑스럽다,매우 자랑스럽다,2,Q60|Q62,별로 찬성하지 않음,2,Q63|Q65,10
R_4jkNFz9iOkwE2zL,1,남성,서울,63,대학교,예,"10
보수",국민의힘,무교,전혀 자랑스럽지 않다,전혀 자랑스럽지 않다,3,Q60|Q62,매우 찬성함,3,Q64|Q65,0
R_4p4G8KGfnqZy8Ga,1,여성,강원도,66,중학교,예,6,국민의힘,무교,매우 자랑스럽다,매우 자랑스럽다,2,Q61|Q62,매우 찬성함,2,Q63|Q65,9
R_4qPBJ513wxfGz3r,1,남성,서울,36,대학교,예,9,국민의힘,무교,매우 자랑스럽다,매우 자랑스럽다,3,Q61|Q62,약간 찬성함,2,Q64|Q65,10
R_4vYaNNcvZTULTjr,0,여성,경기도,64,대학교,예,5,국민의힘,무교,매우 자랑스럽다,매우 자랑스럽다,3,Q60|Q62,약간 찬성함,1,Q64|Q65,10
R_4CrM980k1cEVVrE,1,여성,서울,31,대학교,예,2,더불어민주당,무교,별로 자랑스럽지 않다,별로 자랑스럽지 않다,1,Q60|Q62,전혀 찬성하지 않음,1,Q63|Q65,8
R_47rL7JIZR38UQLv,0,여성,서울,55,고등학교,예,"10
보수",더불어민주당,무교,어느 정도 자랑스럽다,어느 정도 자랑스럽다,2,Q61|Q62,매우 찬성함,2,Q63|Q65,10
R_4mKnKrJufPlff19,0,여성,서울,57,대학교,예,5,국민의힘,불교,어느 정도 자랑스럽다,어느 정도 자랑스럽다,2,Q60|Q62,매우 찬성함,1,Q63|Q65,10
R_4NInFIiLTXGfVv3,0,여성,충남,67,고등학교,예,5,잘 모르겠다,기타,매우 자랑스럽다,매우 자랑스럽다,3,Q61|Q62,별로 찬성하지 않음,1,Q63|Q65,10
R_4QeTkUdvAZ7BuEN,1,여성,전남,56,고등학교,예,5,더불어민주당,불교,어느 정도 자랑스럽다,어느 정도 자랑스럽다,1,Q60|Q62,별로 찬성하지 않음,2,Q64|Q65,10
R_4FF2gMCSrTlKt5n,0,여성,경기도,58,전문 대학교(기술 학교 포함),예,5,잘 모르겠다,무교,어느 정도 자랑스럽다,어느 정도 자랑스럽다,2,Q60|Q62,약간 찬성함,2,Q63|Q65,10
R_4wnO5xLUnDdaXdg,1,여성,경기도,55,대학교,예,7,더불어민주당,기독교,매우 자랑스럽다,어느 정도 자랑스럽다,4,Q61|Q62,약간 찬성함,2,Q64|Q65,10
R_4OIn2RZZmqv3DnT,1,여성,경기도,64,대학원 이상,예,9,국민의힘,천주교,어느 정도 자랑스럽다,어느 정도 자랑스럽다,1,Q60|Q62,약간 찬성함,1,Q63|Q65,10
R_4q7uPsqV0XZi9BV,1,여성,경기도,59,대학교,예,6,더불어민주당,무교,어느 정도 자랑스럽다,어느 정도 자랑스럽다,4,Q61|Q62,약간 찬성함,2,Q63|Q65,7
R_4pl3VQfbpAE6QSd,0,여성,서울,59,대학교,예,2,더불어민주당,불교,별로 자랑스럽지 않다,별로 자랑스럽지 않다,3,Q61|Q62,약간 찬성함,2,Q63|Q65,9
R_4nMnHt02AlD1aqB,0,남성,경북,73,중학교,예,7,더불어민주당,기독교,매우 자랑스럽다,매우 자랑스럽다,3,Q61|Q62,약간 찬성함,2,Q64|Q65,10
R_4HtaxQlmZx7qmZU,1,여성,서울,58,대학교,예,5,잘 모르겠다,무교,별로 자랑스럽지 않다,별로 자랑스럽지 않다,2,Q61|Q62,별로 찬성하지 않음,1,Q64|Q65,10
R_4w0RMUujgsguSq3,1,남성,충남,59,전문 대학교(기술 학교 포함),예,2,국민의힘,무교,매우 자랑스럽다,매우 자랑스럽다,1,Q61|Q62,별로 찬성하지 않음,1,Q63|Q65,10
R_4Qs797NjJQJua7J,1,여성,경기도,61,고등학교,예,9,국민의힘,기독교,매우 자랑스럽다,매우 자랑스럽다,0,Q60|Q62,약간 찬성함,1,Q64|Q65,10
R_4Gcxno9zA9HPaMg,1,여성,서울,59,대학교,예,6,더불어민주당,무교,어느 정도 자랑스럽다,어느 정도 자랑스럽다,2,Q61|Q62,약간 찬성함,2,Q64|Q65,7
R_4YIZ7OFiU8d76zT,0,남성,서울,76,대학원 이상,예,4,다른 정당,기독교,별로 자랑스럽지 않다,어느 정도 자랑스럽다,2,Q60|Q62,매우 찬성함,2,Q64|Q65,7
R_4ptEm3eqgkgyZTu,0,여성,경기도,59,대학교,예,3,국민의힘,기독교,별로 자랑스럽지 않다,어느 정도 자랑스럽다,3,Q61|Q62,매우 찬성함,3,Q63|Q65,10
R_4gA8rQIkibgoNUo,1,여성,경남,38,대학교,예,4,더불어민주당,무교,매우 자랑스럽다,매우 자랑스럽다,1,Q60|Q62,약간 찬성함,3,Q63|Q65,10
R_4zUsg9xOiXAlGFH,1,남성,경남,48,대학교,예,5,더불어민주당,무교,별로 자랑스럽지 않다,어느 정도 자랑스럽다,1,Q60|Q62,약간 찬성함,1,Q64|Q65,5
R_4Ivzwueh4jYeJ1v,0,남성,서울,57,고등학교,예,5,잘 모르겠다,기독교,어느 정도 자랑스럽다,어느 정도 자랑스럽다,2,Q61|Q62,약간 찬성함,2,Q63|Q65,9
R_4dVRlhukPDnpkNL,1,여성,경기도,71,대학교,예,6,국민의힘,기독교,어느 정도 자랑스럽다,어느 정도 자랑스럽다,3,Q61|Q62,약간 찬성함,1,Q63|Q65,10
R_4LtzXaQ78a3QeQI,0,남성,경기도,65,고등학교,예,"10
보수",국민의힘,불교,어느 정도 자랑스럽다,어느 정도 자랑스럽다,3,Q60|Q62,매우 찬성함,3,Q64|Q65,10
R_4YXpvb9WmYTLvKY,1,남성,서울,65,고등학교,예,"10
보수",국민의힘,기독교,매우 자랑스럽다,매우 자랑스럽다,3,Q60|Q62,별로 찬성하지 않음,1,Q64|Q65,10
R_4wBsaKT1IXZDwHW,0,남성,서울,62,대학원 이상,예,8,국민의힘,불교,어느 정도 자랑스럽다,어느 정도 자랑스럽다,3,Q61|Q62,매우 찬성함,2,Q63|Q65,10
R_45MR6MbGsAtwsw1,0,남성,경기도,61,대학교,예,5,잘 모르겠다,불교,어느 정도 자랑스럽다,어느 정도 자랑스럽다,2,Q61|Q62,약간 찬성함,2,Q64|Q65,7
R_4QGVDiuajFDrYLF,1,남성,서울,75,대학교,예,2,다른 정당,천주교,어느 정도 자랑스럽다,매우 자랑스럽다,3,Q60|Q62,약간 찬성함,2,Q63|Q65,10
R_4eXhWOlF0gb59hT,0,남성,경북,57,고등학교,예,"1
진보",다른 정당,무교,매우 자랑스럽다,매우 자랑스럽다,3,Q60|Q62,전혀 찬성하지 않음,1,Q63|Q65,4
R_4T775dlmJ05lfXj,1,남성,경기도,63,대학원 이상,예,7,국민의힘,무교,어느 정도 자랑스럽다,어느 정도 자랑스럽다,2,Q60|Q62,약간 찬성함,2,Q64|Q65,9
R_4FXnBWbBJcThnVv,1,여성,서울,62,고등학교,예,2,더불어민주당,불교,어느 정도 자랑스럽다,어느 정도 자랑스럽다,2,Q61|Q62,약간 찬성함,3,Q64|Q65,10
R_4UlzLPwmQ2UiUgh,1,남성,경기도,36,대학교,예,6,국민의힘,불교,어느 정도 자랑스럽다,어느 정도 자랑스럽다,2,Q60|Q62,별로 찬성하지 않음,2,Q63|Q65,7
R_4v6yOW8u8PrA6bR,1,여성,서울,53,대학교,예,5,녹색정의당,무교,어느 정도 자랑스럽다,어느 정도 자랑스럽다,2,Q60|Q62,별로 찬성하지 않음,1,Q63|Q65,6
R_4HGfOox3kTepF4J,0,남성,경남,30,대학교,예,"10
보수",국민의힘,기타,매우 자랑스럽다,매우 자랑스럽다,3,Q60|Q62,약간 찬성함,1,Q63|Q65,10
R_4teWLT8LvvBTe0V,0,여성,서울,44,대학교,예,4,다른 정당,무교,어느 정도 자랑스럽다,전혀 자랑스럽지 않다,0,Q60|Q62,별로 찬성하지 않음,1,Q64|Q65,10
R_4n8mdKZBIjvH6Aa,0,남성,경기도,35,대학교,예,5,잘 모르겠다,무교,어느 정도 자랑스럽다,별로 자랑스럽지 않다,1,Q61|Q62,약간 찬성함,1,Q63|Q65,8
R_4tlBlI4sC6fBdti,1,남성,경기도,54,대학교,예,5,잘 모르겠다,무교,별로 자랑스럽지 않다,별로 자랑스럽지 않다,2,Q61|Q62,별로 찬성하지 않음,1,Q63|Q65,5
R_4foSdrGfCbJqFC9,1,여성,서울,51,전문 대학교(기술 학교 포함),예,5,잘 모르겠다,무교,별로 자랑스럽지 않다,별로 자랑스럽지 않다,1,Q60|Q62,약간 찬성함,0,Q64|Q65,7
R_4w1NgHVRXqEeYz7,1,남성,경기도,39,대학교,예,5,더불어민주당,천주교,매우 자랑스럽다,매우 자랑스럽다,2,Q60|Q62,매우 찬성함,2,Q64|Q65,10
R_4nTOp7rP2OdivJU,1,여성,서울,51,대학교,예,6,국민의힘,기독교,어느 정도 자랑스럽다,어느 정도 자랑스럽다,4,Q61|Q62,약간 찬성함,2,Q64|Q65,7
R_4XaSKkm2eSxfLLb,1,남성,경기도,53,대학교,예,5,다른 정당,불교,어느 정도 자랑스럽다,별로 자랑스럽지 않다,2,Q61|Q62,약간 찬성함,3,Q64|Q65,8
R_4wb7nHXBkNUVyAF,1,여성,서울,39,대학교,예,5,잘 모르겠다,무교,별로 자랑스럽지 않다,별로 자랑스럽지 않다,3,Q60|Q62,약간 찬성함,2,Q64|Q65,5
R_4moEHn99TU7znHz,0,남성,서울,36,대학원 이상,예,6,국민의힘,기독교,어느 정도 자랑스럽다,별로 자랑스럽지 않다,0,Q61|Q62,약간 찬성함,1,Q63|Q65,5
R_4znyQeU0yTLmlga,1,남성,경남,40,대학교,예,5,잘 모르겠다,무교,어느 정도 자랑스럽다,어느 정도 자랑스럽다,1,Q60|Q62,약간 찬성함,1,Q63|Q65,6
R_4teJHZZWZnUJf3j,1,여성,서울,47,고등학교,예,5,더불어민주당,불교,어느 정도 자랑스럽다,별로 자랑스럽지 않다,1,Q60|Q62,별로 찬성하지 않음,2,Q64|Q65,10
R_40rec1HNith6JYe,0,여성,경남,33,전문 대학교(기술 학교 포함),예,9,더불어민주당,무교,매우 자랑스럽다,전혀 자랑스럽지 않다,2,Q61|Q62,약간 찬성함,3,Q64|Q65,10
R_4copNBdFt11kWCk,0,여성,서울,46,대학교,예,5,다른 정당,무교,전혀 자랑스럽지 않다,전혀 자랑스럽지 않다,0,Q61|Q62,약간 찬성함,2,Q63|Q65,3
R_41hxInCUucaoSJl,0,남성,경기도,45,고등학교,예,,더불어민주당,무교,어느 정도 자랑스럽다,어느 정도 자랑스럽다,2,Q60|Q62,약간 찬성함,2,Q63|Q65,8
R_4xhUHrHEdgUYSZ3,1,여성,서울,51,대학교,예,6,잘 모르겠다,무교,별로 자랑스럽지 않다,별로 자랑스럽지 않다,1,Q61|Q62,별로 찬성하지 않음,1,Q64|Q65,6
R_4C7xwUe47pF75pl,1,남성,경북,45,전문 대학교(기술 학교 포함),예,"10
보수",잘 모르겠다,무교,어느 정도 자랑스럽다,매우 자랑스럽다,1,Q60|Q62,별로 찬성하지 않음,1,Q63|Q65,8
R_4VIyf4OpYp8de3E,1,남성,경기도,54,대학교,예,3,더불어민주당,무교,매우 자랑스럽다,매우 자랑스럽다,3,Q61|Q62,약간 찬성함,1,Q63|Q65,10
R_4n405Dw5z3HBA2d,1,남성,경기도,48,대학교,예,6,더불어민주당,기독교,매우 자랑스럽다,매우 자랑스럽다,3,Q60|Q62,약간 찬성함,2,Q63|Q65,10
R_4cUMRGryEjrM7vZ,0,여성,경기도,22,고등학교,예,6,국민의힘,무교,어느 정도 자랑스럽다,어느 정도 자랑스럽다,3,Q61|Q62,약간 찬성함,2,Q64|Q65,10
R_4dB2Yj5vXeaX54B,1,남성,경기도,47,대학원 이상,예,3,더불어민주당,천주교,어느 정도 자랑스럽다,어느 정도 자랑스럽다,2,Q61|Q62,별로 찬성하지 않음,1,Q64|Q65,8
R_4qVCrE1ZYQ2C6lh,1,여성,전남,32,대학교,예,5,더불어민주당,무교,어느 정도 자랑스럽다,어느 정도 자랑스럽다,0,Q60|Q62,약간 찬성함,1,Q63|Q65,6
R_4mVMwMUD11wolD5,0,남성,서울,48,대학교,예,"1
진보",국민의힘,기독교,매우 자랑스럽다,매우 자랑스럽다,3,Q60|Q62,별로 찬성하지 않음,3,Q63|Q65,10
R_4P2k73FGCeosG2v,0,여성,경기도,55,고등학교,예,4,다른 정당,천주교,어느 정도 자랑스럽다,어느 정도 자랑스럽다,3,Q61|Q62,매우 찬성함,2,Q64|Q65,7
R_4lGhmJA1Mj3gQEN,1,여성,경기도,19,전문 대학교(기술 학교 포함),예,5,잘 모르겠다,천주교,매우 자랑스럽다,매우 자랑스럽다,2,Q61|Q62,약간 찬성함,2,Q64|Q65,10
R_4AD9mJb0Yx2pznH,1,남성,경기도,23,대학교,예,6,더불어민주당,기독교,매우 자랑스럽다,매우 자랑스럽다,3,Q61|Q62,약간 찬성함,2,Q63|Q65,7
R_4zgVFoYYe4bWYrD,0,여성,경남,52,대학교,예,7,국민의힘,무교,별로 자랑스럽지 않다,별로 자랑스럽지 않다,1,Q61|Q62,약간 찬성함,3,Q64|Q65,8
R_474um4w35nTahOx,0,남성,경남,23,전문 대학교(기술 학교 포함),예,5,잘 모르겠다,무교,어느 정도 자랑스럽다,어느 정도 자랑스럽다,1,Q60|Q62,매우 찬성함,1,Q63|Q65,8
R_4HwxZmfStOOB2Z6,0,여성,경기도,46,대학원 이상,예,5,잘 모르겠다,무교,어느 정도 자랑스럽다,어느 정도 자랑스럽다,2,Q60|Q62,별로 찬성하지 않음,1,Q64|Q65,5
R_4O0pacTiPThZa5r,0,여성,충남,33,고등학교,예,5,잘 모르겠다,무교,별로 자랑스럽지 않다,별로 자랑스럽지 않다,1,Q61|Q62,별로 찬성하지 않음,1,Q64|Q65,6
R_4QDFdmdgAk1ffhN,1,남성,서울,24,대학교,예,5,더불어민주당,무교,어느 정도 자랑스럽다,별로 자랑스럽지 않다,4,Q61|Q62,매우 찬성함,4,Q64|Q65,5
R_4Sk8J87iHPOgHhz,1,여성,서울,22,대학원 이상,예,7,녹색정의당,무교,매우 자랑스럽다,매우 자랑스럽다,1,Q60|Q62,전혀 찬성하지 않음,2,Q63|Q65,6
R_4xQKkoQVcyRLYHE,0,여성,서울,36,대학교,예,6,국민의힘,기독교,매우 자랑스럽다,매우 자랑스럽다,4,Q61|Q62,전혀 찬성하지 않음,1,Q63|Q65,10
R_4kK18yRZ1gyo8dr,1,여성,서울,54,대학교,예,9,국민의힘,불교,어느 정도 자랑스럽다,어느 정도 자랑스럽다,2,Q61|Q62,매우 찬성함,2,Q64|Q65,8
R_41bB0aRhoG898sO,1,남성,경남,37,고등학교,예,5,더불어민주당,불교,별로 자랑스럽지 않다,별로 자랑스럽지 않다,1,Q61|Q62,별로 찬성하지 않음,1,Q64|Q65,5
R_4go3SSOxOc3i2Wk,1,남성,서울,44,대학교,예,8,국민의힘,무교,어느 정도 자랑스럽다,어느 정도 자랑스럽다,3,Q61|Q62,약간 찬성함,2,Q64|Q65,7
R_4PAbpmzPQkuGiNC,0,여성,서울,55,대학교,예,5,더불어민주당,기독교,어느 정도 자랑스럽다,어느 정도 자랑스럽다,2,Q60|Q62,별로 찬성하지 않음,1,Q64|Q65,10
R_4EEhuKCzZJdnu43,0,여성,경기도,44,전문 대학교(기술 학교 포함),예,"1
진보",더불어민주당,무교,별로 자랑스럽지 않다,별로 자랑스럽지 않다,1,Q60|Q62,약간 찬성함,1,Q64|Q65,9
R_4YccP678jSP6SAQ,1,남성,서울,44,대학교,예,5,국민의힘,무교,어느 정도 자랑스럽다,어느 정도 자랑스럽다,3,Q60|Q62,약간 찬성함,1,Q63|Q65,8
R_4iR3nk4abTpiDzw,0,남성,서울,38,대학교,예,9,더불어민주당,기독교,어느 정도 자랑스럽다,어느 정도 자랑스럽다,1,Q60|Q62,매우 찬성함,3,Q64|Q65,9
R_4hSZEjcbPHABviS,0,남성,경기도,53,대학교,예,5,더불어민주당,무교,별로 자랑스럽지 않다,별로 자랑스럽지 않다,1,Q60|Q62,약간 찬성함,1,Q64|Q65,5
R_44P0gWijt9vRnJu,0,남성,서울,38,전문 대학교(기술 학교 포함),예,5,더불어민주당,기독교,별로 자랑스럽지 않다,별로 자랑스럽지 않다,2,Q61|Q62,별로 찬성하지 않음,1,Q63|Q65,9
R_4DNwqBvqY8wSqOW,1,남성,경북,30,고등학교,예,6,더불어민주당,무교,어느 정도 자랑스럽다,어느 정도 자랑스럽다,1,Q60|Q62,매우 찬성함,2,Q64|Q65,10
R_4c0EiaGUGlSr5iB,1,남성,경기도,52,고등학교,예,5,잘 모르겠다,무교,별로 자랑스럽지 않다,별로 자랑스럽지 않다,1,Q60|Q62,별로 찬성하지 않음,1,Q63|Q65,2
R_4ql6L3Xs3n0K3Jv,1,남성,경기도,28,대학교,예,8,국민의힘,천주교,어느 정도 자랑스럽다,어느 정도 자랑스럽다,3,Q60|Q62,매우 찬성함,2,Q63|Q65,9
R_4J7wlqHztRaNhVT,0,남성,경남,28,전문 대학교(기술 학교 포함),예,"1
진보",잘 모르겠다,무교,매우 자랑스럽다,매우 자랑스럽다,2,Q60|Q62,별로 찬성하지 않음,2,Q64|Q65,10
R_4eakHxFzbvgnjY5,0,여성,서울,45,고등학교,예,5,국민의힘,무교,어느 정도 자랑스럽다,매우 자랑스럽다,2,Q60|Q62,매우 찬성함,2,Q64|Q65,10
R_4FLFIG6PWXjm887,0,여성,충남,52,중학교,예,4,잘 모르겠다,무교,어느 정도 자랑스럽다,어느 정도 자랑스럽다,1,Q60|Q62,매우 찬성함,1,Q63|Q65,10
R_4NaYi1RiMGlBXd3,0,남성,서울,49,대학교,예,5,국민의힘,기독교,어느 정도 자랑스럽다,어느 정도 자랑스럽다,2,Q60|Q62,매우 찬성함,2,Q64|Q65,8
R_4JEtBbhaVkhz5Ce,1,남성,경기도,52,대학원 이상,예,6,국민의힘,불교,매우 자랑스럽다,매우 자랑스럽다,3,Q60|Q62,매우 찬성함,1,Q64|Q65,9
R_44I5B1rW1ihar4I,1,여성,대전,21,고등학교,예,5,잘 모르겠다,무교,어느 정도 자랑스럽다,매우 자랑스럽다,0,Q60|Q62,전혀 찬성하지 않음,0,Q63|Q65,6
R_4GkefXEyEat4tko,1,여성,서울,53,대학교,예,3,국민의힘,기독교,어느 정도 자랑스럽다,어느 정도 자랑스럽다,2,Q60|Q62,약간 찬성함,2,Q64|Q65,9
R_4YOAdheX5I0POBr,0,남성,서울,54,대학교,예,7,국민의힘,기독교,매우 자랑스럽다,매우 자랑스럽다,3,Q60|Q62,약간 찬성함,4,Q64|Q65,9
R_4uvfoVIO36zYnsd,1,남성,서울,54,고등학교,예,3,더불어민주당,무교,어느 정도 자랑스럽다,별로 자랑스럽지 않다,2,Q60|Q62,약간 찬성함,1,Q63|Q65,10
R_4fJBNvsnteSDoFJ,1,남성,서울,53,대학원 이상,예,2,녹색정의당,불교,어느 정도 자랑스럽다,어느 정도 자랑스럽다,3,Q61|Q62,별로 찬성하지 않음,1,Q64|Q65,9
R_4246YnhUk9kjK8N,0,여성,경기도,36,대학교,예,5,잘 모르겠다,무교,어느 정도 자랑스럽다,어느 정도 자랑스럽다,0,Q60|Q62,매우 찬성함,1,Q63|Q65,7
R_4hVTVylBhTfz4JC,1,남성,서울,44,대학교,예,5,더불어민주당,기독교,어느 정도 자랑스럽다,어느 정도 자랑스럽다,2,Q60|Q62,약간 찬성함,1,Q63|Q65,10
R_4GkTzxWubERzll7,0,여성,서울,42,전문 대학교(기술 학교 포함),예,5,다른 정당,불교,어느 정도 자랑스럽다,매우 자랑스럽다,1,Q60|Q62,약간 찬성함,1,Q63|Q65,10
R_4KdLLTethbanOyJ,0,남성,서울,48,대학교,예,5,국민의힘,기독교,어느 정도 자랑스럽다,어느 정도 자랑스럽다,1,Q61|Q62,약간 찬성함,2,Q64|Q65,8
R_424N0bvv1enQY7o,1,남성,서울,56,대학교,예,9,국민의힘,기독교,매우 자랑스럽다,매우 자랑스럽다,1,Q61|Q62,별로 찬성하지 않음,0,Q64|Q65,10
R_423einijhuEiRjQ,1,남성,경기도,51,전문 대학교(기술 학교 포함),예,4,다른 정당,무교,매우 자랑스럽다,매우 자랑스럽다,2,Q61|Q62,약간 찬성함,2,Q64|Q65,10
R_44kCPSTpO4fkuLh,1,여성,경기도,48,대학교,예,6,다른 정당,기독교,매우 자랑스럽다,매우 자랑스럽다,3,Q60|Q62,매우 찬성함,1,Q63|Q65,10
R_4CDhi8uzN9VUrm7,0,남성,서울,42,대학교,예,5,더불어민주당,무교,전혀 자랑스럽지 않다,별로 자랑스럽지 않다,2,Q60|Q62,별로 찬성하지 않음,2,Q64|Q65,5
R_48TInmDfXmNKqFZ,1,여성,서울,49,대학교,예,5,잘 모르겠다,천주교,매우 자랑스럽다,매우 자랑스럽다,2,Q60|Q62,약간 찬성함,3,Q64|Q65,9
R_4YJn8uDz2bokVyA,0,여성,경기도,35,전문 대학교(기술 학교 포함),예,4,더불어민주당,천주교,별로 자랑스럽지 않다,별로 자랑스럽지 않다,1,Q60|Q62,별로 찬성하지 않음,2,Q63|Q65,6
R_4OrjQ4bgyAq8iZj,0,여성,경기도,32,고등학교,예,5,더불어민주당,무교,어느 정도 자랑스럽다,어느 정도 자랑스럽다,3,Q61|Q62,별로 찬성하지 않음,2,Q64|Q65,10
R_42ywkhvjbNuKoJM,0,여성,경기도,29,대학교,예,4,잘 모르겠다,천주교,어느 정도 자랑스럽다,어느 정도 자랑스럽다,2,Q61|Q62,별로 찬성하지 않음,1,Q64|Q65,10
R_4g0Btvr9IedubEL,1,여성,경기도,52,대학교,예,5,잘 모르겠다,기독교,별로 자랑스럽지 않다,전혀 자랑스럽지 않다,0,Q61|Q62,별로 찬성하지 않음,2,Q63|Q65,6
R_4j8MrYDxrNR4Xfn,1,남성,경기도,44,대학교,예,5,잘 모르겠다,기독교,어느 정도 자랑스럽다,어느 정도 자랑스럽다,1,Q61|Q62,전혀 찬성하지 않음,1,Q63|Q65,9
R_4RpGnxYJE1PLxxW,0,여성,경기도,42,대학교,예,4,더불어민주당,무교,별로 자랑스럽지 않다,별로 자랑스럽지 않다,1,Q61|Q62,약간 찬성함,2,Q64|Q65,9
R_4OeSUkSqBjqEYzq,0,여성,경남,41,대학원 이상,예,7,더불어민주당,무교,별로 자랑스럽지 않다,별로 자랑스럽지 않다,2,Q61|Q62,별로 찬성하지 않음,0,Q63|Q65,9
R_4Xy8h7x1FZsCquB,0,여성,서울,43,대학교,예,7,국민의힘,기독교,어느 정도 자랑스럽다,어느 정도 자랑스럽다,4,Q61|Q62,약간 찬성함,2,Q64|Q65,8
R_4r63FwlfhBpWv9x,1,여성,서울,52,대학교,예,5,다른 정당,무교,어느 정도 자랑스럽다,어느 정도 자랑스럽다,2,Q60|Q62,약간 찬성함,2,Q64|Q65,10
R_4iwd5efqInvXJLr,0,여성,경기도,48,대학교,예,"10
보수",국민의힘,무교,매우 자랑스럽다,매우 자랑스럽다,4,Q61|Q62,매우 찬성함,3,Q64|Q65,10
R_4dFh3MzQ5sSQc3n,1,남성,경기도,32,대학원 이상,예,7,국민의힘,무교,어느 정도 자랑스럽다,어느 정도 자랑스럽다,2,Q61|Q62,매우 찬성함,1,Q63|Q65,7
R_4pnwUZ1SHMevQgh,0,남성,서울,35,대학교,예,9,국민의힘,천주교,어느 정도 자랑스럽다,어느 정도 자랑스럽다,3,Q61|Q62,매우 찬성함,2,Q63|Q65,6
R_46RpOYdF8udBGCZ,0,남성,전남,54,대학교,예,5,잘 모르겠다,무교,어느 정도 자랑스럽다,별로 자랑스럽지 않다,1,Q61|Q62,약간 찬성함,2,Q63|Q65,6
R_4Y4azFewWg0kvW9,1,남성,경기도,37,대학교,예,5,국민의힘,무교,별로 자랑스럽지 않다,별로 자랑스럽지 않다,2,Q61|Q62,별로 찬성하지 않음,1,Q64|Q65,4
R_4RO7Ow4Jzt9nKud,1,여성,서울,53,고등학교,예,"1
진보",더불어민주당,무교,매우 자랑스럽다,어느 정도 자랑스럽다,2,Q61|Q62,별로 찬성하지 않음,2,Q63|Q65,8
R_41hqdqIqYWPiz8h,0,남성,서울,34,대학교,예,"10
보수",잘 모르겠다,무교,매우 자랑스럽다,매우 자랑스럽다,3,Q60|Q62,약간 찬성함,1,Q63|Q65,5
R_4F7G5zshESQ8WZj,0,여성,서울,28,전문 대학교(기술 학교 포함),예,3,더불어민주당,무교,전혀 자랑스럽지 않다,전혀 자랑스럽지 않다,0,Q61|Q62,매우 찬성함,1,Q63|Q65,8
R_4cYvYmsLhmNxbhD,1,여성,경기도,42,대학교,예,5,국민의힘,천주교,어느 정도 자랑스럽다,어느 정도 자랑스럽다,2,Q61|Q62,별로 찬성하지 않음,1,Q64|Q65,10
R_47vf6rpLlUNDE7A,1,남성,전남,47,대학교,예,4,더불어민주당,천주교,어느 정도 자랑스럽다,어느 정도 자랑스럽다,2,Q60|Q62,약간 찬성함,2,Q63|Q65,9
R_4fd84ZfPpRpgmJj,0,남성,서울,49,대학교,예,5,더불어민주당,무교,매우 자랑스럽다,매우 자랑스럽다,2,Q60|Q62,매우 찬성함,1,Q63|Q65,10
R_4kG5krn1tA4hGj6,0,여성,서울,52,대학교,예,2,잘 모르겠다,무교,어느 정도 자랑스럽다,어느 정도 자랑스럽다,1,Q60|Q62,별로 찬성하지 않음,1,Q64|Q65,6
R_4qm3f88gvjKfXbz,1,남성,경기도,39,대학교,예,7,국민의힘,기독교,어느 정도 자랑스럽다,매우 자랑스럽다,3,Q61|Q62,매우 찬성함,1,Q63|Q65,6
R_4YRQaJp8waQfMBi,1,남성,서울,53,대학교,예,5,잘 모르겠다,무교,별로 자랑스럽지 않다,별로 자랑스럽지 않다,3,Q61|Q62,전혀 찬성하지 않음,0,Q63|Q65,2
R_4CEuWA23yFJTSYp,1,여성,서울,42,대학교,예,6,국민의힘,기독교,어느 정도 자랑스럽다,어느 정도 자랑스럽다,2,Q61|Q62,매우 찬성함,3,Q64|Q65,8
R_4TQLZ8Y6i0P1eet,0,여성,경기도,54,대학교,예,"1
진보",다른 정당,무교,별로 자랑스럽지 않다,별로 자랑스럽지 않다,2,Q61|Q62,매우 찬성함,1,Q64|Q65,10
R_4oVOu9RizQQhv8t,1,여성,서울,42,대학원 이상,예,6,국민의힘,기독교,매우 자랑스럽다,매우 자랑스럽다,3,Q61|Q62,약간 찬성함,2,Q63|Q65,10
R_4erfmf9ZvyeVaj2,1,남성,서울,25,고등학교,예,6,국민의힘,무교,어느 정도 자랑스럽다,어느 정도 자랑스럽다,1,Q60|Q62,약간 찬성함,2,Q63|Q65,9
R_4uupx5ymD9UdxWV,1,남성,서울,43,대학교,예,5,더불어민주당,무교,어느 정도 자랑스럽다,어느 정도 자랑스럽다,2,Q60|Q62,별로 찬성하지 않음,1,Q63|Q65,10
R_4EQVsWeYpGkVmMh,0,여성,서울,25,대학교,예,4,잘 모르겠다,무교,별로 자랑스럽지 않다,전혀 자랑스럽지 않다,2,Q61|Q62,약간 찬성함,1,Q63|Q65,4
R_4oRgJDZi2DLx2ih,0,남성,서울,28,대학교,예,6,다른 정당,무교,매우 자랑스럽다,어느 정도 자랑스럽다,3,Q61|Q62,약간 찬성함,2,Q64|Q65,7
R_4FnXuHJwfzf2HBj,1,남성,서울,54,대학교,예,8,국민의힘,무교,어느 정도 자랑스럽다,어느 정도 자랑스럽다,4,Q61|Q62,매우 찬성함,2,Q64|Q65,8
R_4Yi9AmcNa1jIhlt,1,남성,경기도,54,대학원 이상,예,5,국민의힘,무교,매우 자랑스럽다,매우 자랑스럽다,1,Q60|Q62,전혀 찬성하지 않음,1,Q64|Q65,10
R_4XKtuf1kXZgQCe5,0,남성,서울,51,대학원 이상,예,5,다른 정당,기독교,어느 정도 자랑스럽다,어느 정도 자랑스럽다,2,Q61|Q62,별로 찬성하지 않음,1,Q63|Q65,8
R_4gqmu25gqfQ12JT,1,남성,서울,48,대학원 이상,예,3,더불어민주당,기독교,매우 자랑스럽다,매우 자랑스럽다,2,Q60|Q62,별로 찬성하지 않음,1,Q64|Q65,10
R_4c2AlFQd9eWWO8P,1,여성,경기도,38,전문 대학교(기술 학교 포함),예,5,다른 정당,무교,어느 정도 자랑스럽다,어느 정도 자랑스럽다,0,Q60|Q62,매우 찬성함,1,Q63|Q65,9
R_4jTibe3lugMgUvr,0,남성,서울,31,대학교,예,7,다른 정당,무교,어느 정도 자랑스럽다,어느 정도 자랑스럽다,1,Q60|Q62,매우 찬성함,2,Q63|Q65,10
R_4ffGLLG8heGutx1,1,여성,서울,48,대학원 이상,예,2,국민의힘,천주교,별로 자랑스럽지 않다,어느 정도 자랑스럽다,3,Q60|Q62,약간 찬성함,4,Q64|Q65,7
R_4uTA6vME9gOsiaJ,0,여성,서울,40,대학교,예,6,국민의힘,기독교,어느 정도 자랑스럽다,어느 정도 자랑스럽다,4,Q61|Q62,약간 찬성함,2,Q64|Q65,8
R_4CbQe4AXmoyKfzr,0,남성,경기도,18,고등학교,예,"1
진보",잘 모르겠다,기타,매우 자랑스럽다,어느 정도 자랑스럽다,0,Q60|Q62,약간 찬성함,0,Q63|Q65,3
R_4sC3aaMf00XXk7D,0,여성,경기도,51,대학교,예,5,더불어민주당,기독교,매우 자랑스럽다,매우 자랑스럽다,1,Q60|Q62,별로 찬성하지 않음,1,Q64|Q65,10
R_4FFRoqPtCGypWmJ,1,여성,서울,28,대학교,예,3,더불어민주당,무교,별로 자랑스럽지 않다,전혀 자랑스럽지 않다,2,Q60|Q62,약간 찬성함,1,Q63|Q65,9
R_4zMeX5YXflcMSfU,0,남성,경기도,45,고등학교,예,2,더불어민주당,무교,어느 정도 자랑스럽다,어느 정도 자랑스럽다,1,Q61|Q62,약간 찬성함,2,Q64|Q65,7
R_4fx7BQ57paXu9ZT,0,여성,서울,45,전문 대학교(기술 학교 포함),예,5,더불어민주당,무교,별로 자랑스럽지 않다,전혀 자랑스럽지 않다,2,Q60|Q62,약간 찬성함,2,Q64|Q65,10
R_4KUdQYj7DRsaF2V,0,여성,경기도,51,전문 대학교(기술 학교 포함),예,5,잘 모르겠다,기독교,어느 정도 자랑스럽다,어느 정도 자랑스럽다,3,Q61|Q62,약간 찬성함,1,Q63|Q65,8
R_4H9CMLLEy3umPL3,0,남성,경기도,45,대학교,예,3,더불어민주당,불교,어느 정도 자랑스럽다,어느 정도 자랑스럽다,2,Q60|Q62,약간 찬성함,2,Q63|Q65,8
R_4nI2tWa5wIpC0k8,0,남성,경기도,52,고등학교,예,7,더불어민주당,기독교,어느 정도 자랑스럽다,어느 정도 자랑스럽다,2,Q60|Q62,매우 찬성함,3,Q64|Q65,9
R_4TdkWMIZGTAfutr,1,남성,경기도,52,대학교,예,5,더불어민주당,기독교,어느 정도 자랑스럽다,어느 정도 자랑스럽다,2,Q60|Q62,별로 찬성하지 않음,1,Q63|Q65,8
R_4VqIf2of3c4Fmkl,0,남성,서울,54,대학교,예,4,더불어민주당,무교,어느 정도 자랑스럽다,어느 정도 자랑스럽다,2,Q60|Q62,별로 찬성하지 않음,1,Q64|Q65,7
R_4g3KJaseaDWU6J3,1,여성,경남,32,전문 대학교(기술 학교 포함),예,5,녹색정의당,무교,어느 정도 자랑스럽다,전혀 자랑스럽지 않다,1,Q61|Q62,별로 찬성하지 않음,1,Q64|Q65,5
R_4ARO4HVQiXDZEy6,1,여성,경기도,46,대학교,예,5,잘 모르겠다,기독교,어느 정도 자랑스럽다,어느 정도 자랑스럽다,1,Q60|Q62,별로 찬성하지 않음,0,Q64|Q65,10
R_4jJ0kBBKHwgHPhL,1,남성,경기도,29,대학교,예,6,국민의힘,무교,어느 정도 자랑스럽다,매우 자랑스럽다,2,Q60|Q62,약간 찬성함,1,Q63|Q65,7
R_4lJLj98UclGsYmC,0,남성,경기도,45,고등학교,예,5,더불어민주당,무교,어느 정도 자랑스럽다,어느 정도 자랑스럽다,2,Q61|Q62,약간 찬성함,1,Q64|Q65,5
R_4I3qLhMvDNyEhaI,1,남성,충북,45,대학교,예,6,다른 정당,무교,매우 자랑스럽다,매우 자랑스럽다,0,Q60|Q62,약간 찬성함,2,Q63|Q65,5
R_4g8bmW5YD1AoV02,1,여성,경남,53,고등학교,예,5,더불어민주당,불교,매우 자랑스럽다,매우 자랑스럽다,3,Q60|Q62,매우 찬성함,1,Q63|Q65,10
R_4J8garRJuOpqYxj,1,남성,서울,47,고등학교,예,5,국민의힘,기독교,어느 정도 자랑스럽다,어느 정도 자랑스럽다,2,Q61|Q62,별로 찬성하지 않음,1,Q63|Q65,10
R_4ruMqr8bDLDJEZ6,0,여성,서울,44,대학교,예,3,더불어민주당,천주교,별로 자랑스럽지 않다,별로 자랑스럽지 않다,2,Q60|Q62,별로 찬성하지 않음,1,Q64|Q65,5
R_4plHyuB1vphUksa,1,남성,강원도,33,전문 대학교(기술 학교 포함),예,8,국민의힘,불교,매우 자랑스럽다,매우 자랑스럽다,3,Q61|Q62,매우 찬성함,1,Q63|Q65,7
R_4pq4On9boot9Xax,1,남성,경기도,37,대학원 이상,예,4,더불어민주당,기독교,어느 정도 자랑스럽다,어느 정도 자랑스럽다,2,Q60|Q62,별로 찬성하지 않음,2,Q64|Q65,7
R_4dtHHwXPJqkGZBv,1,여성,서울,27,대학원 이상,예,6,더불어민주당,무교,어느 정도 자랑스럽다,별로 자랑스럽지 않다,2,Q61|Q62,약간 찬성함,1,Q63|Q65,10
R_4QRFh60gfwPXyI8,0,남성,서울,49,대학교,예,6,국민의힘,무교,별로 자랑스럽지 않다,별로 자랑스럽지 않다,1,Q61|Q62,약간 찬성함,1,Q63|Q65,10
R_42R8X6bpOnBQImW,0,남성,서울,51,대학교,예,5,다른 정당,무교,어느 정도 자랑스럽다,어느 정도 자랑스럽다,1,Q60|Q62,약간 찬성함,1,Q63|Q65,8
R_4PHii1nLxzKlsad,1,여성,서울,32,대학교,예,5,잘 모르겠다,무교,어느 정도 자랑스럽다,어느 정도 자랑스럽다,2,Q60|Q62,별로 찬성하지 않음,2,Q64|Q65,5
R_4h5ZkoUeVvrYig9,0,여성,경기도,34,전문 대학교(기술 학교 포함),예,5,잘 모르겠다,기독교,어느 정도 자랑스럽다,어느 정도 자랑스럽다,1,Q60|Q62,별로 찬성하지 않음,2,Q63|Q65,10
R_43xPDIKkYhv09fd,1,여성,서울,41,대학교,예,5,잘 모르겠다,기타,전혀 자랑스럽지 않다,전혀 자랑스럽지 않다,1,Q60|Q62,매우 찬성함,1,Q63|Q65,1
R_4tmKkZNSso9jy41,0,여성,경남,54,대학원 이상,예,5,국민의힘,무교,별로 자랑스럽지 않다,별로 자랑스럽지 않다,2,Q61|Q62,매우 찬성함,2,Q63|Q65,7
R_4e8rvc5bdn9SJLv,1,남성,서울,53,대학교,예,8,국민의힘,무교,매우 자랑스럽다,매우 자랑스럽다,3,Q60|Q62,매우 찬성함,2,Q64|Q65,10
R_4uQASZqHVzBI9Gb,0,여성,서울,44,대학교,예,8,국민의힘,무교,어느 정도 자랑스럽다,어느 정도 자랑스럽다,1,Q60|Q62,매우 찬성함,1,Q64|Q65,9
R_4M2zgTeOyW9p0ad,0,남성,서울,39,전문 대학교(기술 학교 포함),예,"10
보수",국민의힘,무교,어느 정도 자랑스럽다,어느 정도 자랑스럽다,2,Q60|Q62,매우 찬성함,3,Q63|Q65,10
R_44eNdvWGeXRZcO0,1,남성,서울,39,대학원 이상,예,5,잘 모르겠다,천주교,매우 자랑스럽다,매우 자랑스럽다,3,Q60|Q62,매우 찬성함,2,Q63|Q65,9
R_4BRA2vlOOeciIVk,1,남성,서울,44,대학교,예,5,더불어민주당,기독교,별로 자랑스럽지 않다,별로 자랑스럽지 않다,3,Q61|Q62,별로 찬성하지 않음,2,Q63|Q65,10
R_4EcexQPZRHPsV5a,1,남성,서울,38,대학교,예,5,국민의힘,무교,어느 정도 자랑스럽다,어느 정도 자랑스럽다,4,Q61|Q62,전혀 찬성하지 않음,2,Q63|Q65,7
R_4eVCLkSkGoubDzW,0,남성,전북,39,대학교,예,5,잘 모르겠다,무교,어느 정도 자랑스럽다,어느 정도 자랑스럽다,3,Q60|Q62,약간 찬성함,4,Q64|Q65,5
R_4DufmdSvRLBPWkF,1,남성,서울,47,고등학교,예,5,잘 모르겠다,무교,어느 정도 자랑스럽다,매우 자랑스럽다,1,Q60|Q62,별로 찬성하지 않음,1,Q63|Q65,5
R_4D1SlNWhDzezE5R,1,여성,서울,43,고등학교,예,5,잘 모르겠다,무교,어느 정도 자랑스럽다,어느 정도 자랑스럽다,0,Q61|Q62,매우 찬성함,1,Q63|Q65,10
R_4PvZU1H937ES6mM,1,남성,전북,53,전문 대학교(기술 학교 포함),예,3,더불어민주당,불교,별로 자랑스럽지 않다,전혀 자랑스럽지 않다,2,Q60|Q62,약간 찬성함,1,Q64|Q65,5
R_4TI8Slidsi0frRk,1,남성,서울,38,대학교,예,5,잘 모르겠다,무교,매우 자랑스럽다,어느 정도 자랑스럽다,1,Q61|Q62,약간 찬성함,1,Q63|Q65,10
R_4gkiqe3Z1p1iA4Q,1,여성,경기도,40,대학교,예,5,더불어민주당,무교,어느 정도 자랑스럽다,어느 정도 자랑스럽다,1,Q61|Q62,약간 찬성함,1,Q64|Q65,8
R_4r2J2yRWh6IZCjx,1,남성,경기도,50,고등학교,예,4,잘 모르겠다,무교,어느 정도 자랑스럽다,어느 정도 자랑스럽다,1,Q60|Q62,약간 찬성함,2,Q64|Q65,7
R_4fuPn3nnjNSbVPQ,1,남성,경북,51,고등학교,예,"10
보수",잘 모르겠다,무교,어느 정도 자랑스럽다,어느 정도 자랑스럽다,3,Q61|Q62,매우 찬성함,4,Q64|Q65,7
R_4qrHKjmFA75vAR3,0,남성,경기도,45,대학교,예,4,더불어민주당,무교,어느 정도 자랑스럽다,어느 정도 자랑스럽다,1,Q60|Q62,별로 찬성하지 않음,1,Q64|Q65,10
R_4Okjd7o7v15KeYR,1,여성,서울,43,고등학교,예,6,더불어민주당,불교,별로 자랑스럽지 않다,별로 자랑스럽지 않다,2,Q61|Q62,약간 찬성함,1,Q63|Q65,9
R_4wyJ8KokOnJCKOQ,1,남성,서울,40,고등학교,예,2,더불어민주당,무교,별로 자랑스럽지 않다,별로 자랑스럽지 않다,0,Q61|Q62,매우 찬성함,2,Q63|Q65,5
R_4ZpMglF69YpHVnj,1,남성,서울,33,대학교,예,8,국민의힘,무교,별로 자랑스럽지 않다,별로 자랑스럽지 않다,0,Q61|Q62,매우 찬성함,1,Q64|Q65,6
R_4ANei3MmhJFjBnD,0,남성,경기도,45,전문 대학교(기술 학교 포함),예,8,국민의힘,기독교,어느 정도 자랑스럽다,어느 정도 자랑스럽다,3,Q60|Q62,약간 찬성함,3,Q63|Q65,5
R_4SkrOou2qr04glH,1,남성,서울,47,대학교,예,4,더불어민주당,무교,매우 자랑스럽다,매우 자랑스럽다,3,Q60|Q62,별로 찬성하지 않음,1,Q63|Q65,10
R_4Evc6ttr9nDl8rD,0,여성,경기도,42,대학교,예,5,더불어민주당,기독교,별로 자랑스럽지 않다,별로 자랑스럽지 않다,2,Q60|Q62,전혀 찬성하지 않음,2,Q63|Q65,9
R_4R8PnuYO8g2mPIW,1,남성,충남,53,대학교,예,3,더불어민주당,무교,어느 정도 자랑스럽다,어느 정도 자랑스럽다,1,Q61|Q62,약간 찬성함,1,Q64|Q65,9
R_4iRg5YLHRiLO8TL,1,여성,서울,50,대학교,예,5,잘 모르겠다,무교,어느 정도 자랑스럽다,어느 정도 자랑스럽다,2,Q60|Q62,약간 찬성함,2,Q63|Q65,9
R_4oHG5hD21teTURc,0,여성,경남,46,대학교,예,5,더불어민주당,무교,별로 자랑스럽지 않다,별로 자랑스럽지 않다,1,Q61|Q62,별로 찬성하지 않음,3,Q63|Q65,10
R_4LklFm734n3tbeP,1,남성,경기도,44,대학원 이상,예,5,잘 모르겠다,무교,어느 정도 자랑스럽다,어느 정도 자랑스럽다,1,Q60|Q62,약간 찬성함,1,Q63|Q65,8
R_4ohbtBY7Jdk3Jv3,1,남성,경기도,48,대학교,예,6,잘 모르겠다,무교,전혀 자랑스럽지 않다,전혀 자랑스럽지 않다,0,Q60|Q62,매우 찬성함,0,Q63|Q65,5
R_41ZRynKDX18orVK,0,여성,경기도,50,대학교,예,7,국민의힘,무교,매우 자랑스럽다,어느 정도 자랑스럽다,1,Q60|Q62,매우 찬성함,1,Q63|Q65,10
R_4GcyHuGl38NC4h2,0,여성,서울,54,대학교,예,3,더불어민주당,천주교,어느 정도 자랑스럽다,어느 정도 자랑스럽다,4,Q61|Q62,약간 찬성함,2,Q63|Q65,8
R_4GN9MmqpmMlpuT6,0,남성,강원도,47,대학교,예,3,더불어민주당,기독교,매우 자랑스럽다,매우 자랑스럽다,4,Q61|Q62,별로 찬성하지 않음,1,Q63|Q65,10
R_4R1C0b0peKm4A1P,0,남성,경기도,48,대학교,예,8,국민의힘,무교,별로 자랑스럽지 않다,별로 자랑스럽지 않다,1,Q60|Q62,약간 찬성함,0,Q63|Q65,6
R_41Bj0sCf4MyOI1w,1,여성,서울,39,대학교,예,5,잘 모르겠다,무교,어느 정도 자랑스럽다,별로 자랑스럽지 않다,1,Q61|Q62,별로 찬성하지 않음,1,Q63|Q65,7
R_4PiwxA65ylUTEGq,1,여성,충남,42,고등학교,예,5,국민의힘,무교,어느 정도 자랑스럽다,어느 정도 자랑스럽다,1,Q60|Q62,약간 찬성함,2,Q63|Q65,8
R_4HpiCn91wRsLh51,1,남성,경남,41,대학교,예,5,국민의힘,천주교,어느 정도 자랑스럽다,어느 정도 자랑스럽다,2,Q60|Q62,별로 찬성하지 않음,1,Q64|Q65,7
R_4DSxMUSyefZSaIz,1,여성,경북,34,대학교,예,5,국민의힘,기독교,어느 정도 자랑스럽다,어느 정도 자랑스럽다,2,Q60|Q62,전혀 찬성하지 않음,2,Q63|Q65,5
R_4iEGymY0PVHphQC,0,남성,서울,50,전문 대학교(기술 학교 포함),예,4,더불어민주당,무교,별로 자랑스럽지 않다,별로 자랑스럽지 않다,2,Q61|Q62,별로 찬성하지 않음,0,Q63|Q65,8
R_4gvaSVaGWEQduwH,0,남성,전남,50,고등학교,예,"10
보수",국민의힘,기독교,매우 자랑스럽다,매우 자랑스럽다,4,Q61|Q62,전혀 찬성하지 않음,2,Q63|Q65,10
R_4ov3OBGPILYVF5f,0,여성,서울,33,대학교,예,5,잘 모르겠다,무교,별로 자랑스럽지 않다,별로 자랑스럽지 않다,1,Q60|Q62,매우 찬성함,2,Q64|Q65,5
R_4FJQwoxcv3bMzar,0,여성,경기도,44,대학교,예,5,다른 정당,기독교,별로 자랑스럽지 않다,별로 자랑스럽지 않다,2,Q61|Q62,약간 찬성함,2,Q64|Q65,10
R_4egZDo2WKPfXMVT,0,여성,서울,41,대학교,예,5,잘 모르겠다,천주교,별로 자랑스럽지 않다,별로 자랑스럽지 않다,1,Q60|Q62,별로 찬성하지 않음,2,Q63|Q65,5
R_4D0vujQQrVBqpyJ,1,여성,서울,30,대학교,예,5,잘 모르겠다,무교,어느 정도 자랑스럽다,어느 정도 자랑스럽다,1,Q61|Q62,매우 찬성함,1,Q63|Q65,10
R_42aTSoyQnzLFN20,1,여성,경기도,34,대학교,예,5,더불어민주당,무교,별로 자랑스럽지 않다,별로 자랑스럽지 않다,0,Q61|Q62,매우 찬성함,1,Q63|Q65,4
R_46l00b3T9w1uyTy,0,남성,경기도,54,대학교,예,7,국민의힘,무교,매우 자랑스럽다,매우 자랑스럽다,1,Q60|Q62,전혀 찬성하지 않음,1,Q64|Q65,10
R_4KvVdAxVI00IZ56,1,여성,서울,45,대학교,예,5,더불어민주당,무교,어느 정도 자랑스럽다,어느 정도 자랑스럽다,1,Q61|Q62,별로 찬성하지 않음,2,Q63|Q65,7
R_4feM04BsVV14g0p,0,남성,경기도,40,대학교,예,3,더불어민주당,무교,어느 정도 자랑스럽다,어느 정도 자랑스럽다,2,Q61|Q62,약간 찬성함,1,Q63|Q65,7
R_4pkWltpAyuDv4uD,0,남성,서울,42,대학교,예,8,국민의힘,기독교,매우 자랑스럽다,어느 정도 자랑스럽다,4,Q61|Q62,매우 찬성함,3,Q64|Q65,9
R_4ts2RoKINwMztQZ,0,여성,경기도,50,전문 대학교(기술 학교 포함),예,5,잘 모르겠다,무교,어느 정도 자랑스럽다,어느 정도 자랑스럽다,2,Q60|Q62,약간 찬성함,1,Q64|Q65,8
R_4eu3gA6Lq6ehP0t,0,남성,경기도,37,대학교,예,5,잘 모르겠다,무교,어느 정도 자랑스럽다,전혀 자랑스럽지 않다,4,Q61|Q62,매우 찬성함,3,Q63|Q65,6
R_4AMa1OiOG1u6sxR,1,남성,서울,43,전문 대학교(기술 학교 포함),예,4,더불어민주당,무교,어느 정도 자랑스럽다,어느 정도 자랑스럽다,1,Q61|Q62,별로 찬성하지 않음,1,Q63|Q65,10
R_4HIWsCm5fVCPrpv,0,남성,경기도,35,대학교,예,"10
보수",국민의힘,기독교,어느 정도 자랑스럽다,매우 자랑스럽다,1,Q60|Q62,매우 찬성함,3,Q63|Q65,10
R_4PLhOcOUQHMcwjD,0,남성,경기도,21,고등학교,예,3,더불어민주당,기타,어느 정도 자랑스럽다,어느 정도 자랑스럽다,2,Q61|Q62,전혀 찬성하지 않음,2,Q64|Q65,8
R_4lvBjloDRHjbtV7,1,남성,경남,40,고등학교,예,4,더불어민주당,불교,별로 자랑스럽지 않다,별로 자랑스럽지 않다,2,Q61|Q62,약간 찬성함,1,Q63|Q65,8
R_48CaR2bRzF90gEI,0,남성,서울,38,대학교,예,8,국민의힘,불교,어느 정도 자랑스럽다,어느 정도 자랑스럽다,4,Q61|Q62,약간 찬성함,2,Q64|Q65,7
R_4x12cHJbf24eNsB,0,여성,경남,36,대학교,예,5,더불어민주당,무교,매우 자랑스럽다,매우 자랑스럽다,1,Q61|Q62,약간 찬성함,1,Q63|Q65,10
R_4EXf6CbbJ3rlnkf,0,남성,충남,28,대학교,예,6,국민의힘,무교,어느 정도 자랑스럽다,어느 정도 자랑스럽다,3,Q60|Q62,매우 찬성함,1,Q63|Q65,9
R_4vEsxizFYnPqdKF,0,남성,충남,49,대학교,예,6,더불어민주당,무교,전혀 자랑스럽지 않다,전혀 자랑스럽지 않다,0,Q61|Q62,약간 찬성함,2,Q64|Q65,2
R_4DzHUYKx8ev8IwS,1,남성,경기도,51,대학교,예,7,국민의힘,무교,어느 정도 자랑스럽다,어느 정도 자랑스럽다,3,Q61|Q62,별로 찬성하지 않음,1,Q63|Q65,10
R_4P0akB9KZGs5CeD,1,여성,대전,37,고등학교,예,5,잘 모르겠다,무교,어느 정도 자랑스럽다,매우 자랑스럽다,3,Q61|Q62,약간 찬성함,3,Q64|Q65,5
R_4zERiLDviksSpzj,0,여성,강원도,23,대학교,예,4,더불어민주당,무교,매우 자랑스럽다,매우 자랑스럽다,2,Q60|Q62,약간 찬성함,2,Q64|Q65,9
R_4pKcPD27qOkLmZC,1,여성,서울,29,대학교,예,5,잘 모르겠다,불교,별로 자랑스럽지 않다,별로 자랑스럽지 않다,2,Q61|Q62,약간 찬성함,1,Q63|Q65,8
R_4y9nnV8VGsqzBdq,0,남성,경북,34,대학교,예,4,더불어민주당,무교,어느 정도 자랑스럽다,어느 정도 자랑스럽다,3,Q60|Q62,약간 찬성함,2,Q64|Q65,10
R_4cS1dfjB1G2kVzz,0,여성,서울,31,대학교,예,5,잘 모르겠다,무교,어느 정도 자랑스럽다,어느 정도 자랑스럽다,2,Q60|Q62,약간 찬성함,1,Q63|Q65,9
R_433CQJdAfJ0M59b,1,여성,서울,28,대학교,예,"10
보수",국민의힘,무교,어느 정도 자랑스럽다,매우 자랑스럽다,2,Q60|Q62,매우 찬성함,1,Q64|Q65,9
R_4aOD2wwxEm9zGM2,0,여성,서울,42,고등학교,예,5,잘 모르겠다,무교,매우 자랑스럽다,매우 자랑스럽다,1,Q61|Q62,매우 찬성함,1,Q63|Q65,10
R_4haWy4hR4exWt39,1,남성,경기도,38,대학교,예,"10
보수",잘 모르겠다,무교,별로 자랑스럽지 않다,별로 자랑스럽지 않다,3,Q60|Q62,전혀 찬성하지 않음,3,Q63|Q65,7
R_4qrtRLUXARVg6rW,0,여성,서울,32,대학교,예,7,잘 모르겠다,기독교,어느 정도 자랑스럽다,어느 정도 자랑스럽다,2,Q61|Q62,별로 찬성하지 않음,1,Q64|Q65,5
R_4EzEhMlmnLwiS7b,0,남성,서울,48,고등학교,예,5,더불어민주당,기타,어느 정도 자랑스럽다,어느 정도 자랑스럽다,2,Q60|Q62,전혀 찬성하지 않음,1,Q64|Q65,8
R_4G7XhU87mXtwq8c,0,여성,서울,47,대학원 이상,예,6,국민의힘,무교,어느 정도 자랑스럽다,어느 정도 자랑스럽다,0,Q61|Q62,약간 찬성함,2,Q64|Q65,6
R_4sANi6Qffiu6z9n,0,남성,전북,53,고등학교,예,7,잘 모르겠다,불교,별로 자랑스럽지 않다,별로 자랑스럽지 않다,1,Q60|Q62,약간 찬성함,1,Q63|Q65,6
R_4uerHjXIiUvyawV,0,남성,경기도,32,대학교,예,5,국민의힘,무교,어느 정도 자랑스럽다,어느 정도 자랑스럽다,2,Q60|Q62,약간 찬성함,4,Q64|Q65,10
R_4g1QMsQTenS3ZVC,0,남성,서울,39,대학교,예,3,더불어민주당,천주교,어느 정도 자랑스럽다,어느 정도 자랑스럽다,2,Q60|Q62,약간 찬성함,2,Q64|Q65,9
R_45LKaYrxcKhfzHP,1,여성,경기도,35,대학원 이상,예,4,더불어민주당,무교,어느 정도 자랑스럽다,어느 정도 자랑스럽다,1,Q60|Q62,별로 찬성하지 않음,1,Q63|Q65,10
R_4ozPLkBlMoGem91,0,여성,경기도,28,전문 대학교(기술 학교 포함),예,5,잘 모르겠다,무교,별로 자랑스럽지 않다,별로 자랑스럽지 않다,1,Q61|Q62,약간 찬성함,1,Q64|Q65,5
R_4Ofp9Y5uiHpayaJ,0,남성,서울,28,대학교,예,6,더불어민주당,천주교,어느 정도 자랑스럽다,어느 정도 자랑스럽다,1,Q61|Q62,약간 찬성함,1,Q63|Q65,8
R_4JQkeA8L5Kxvmqg,0,여성,서울,41,대학교,예,5,더불어민주당,무교,별로 자랑스럽지 않다,별로 자랑스럽지 않다,1,Q61|Q62,약간 찬성함,2,Q64|Q65,5
R_4hwIod4XRjjiD7P,0,여성,서울,25,대학교,예,6,잘 모르겠다,무교,어느 정도 자랑스럽다,어느 정도 자랑스럽다,2,Q60|Q62,약간 찬성함,1,Q63|Q65,10
R_4R4rDcmVxcimt3M,1,남성,서울,29,대학교,예,5,더불어민주당,불교,별로 자랑스럽지 않다,매우 자랑스럽다,1,Q61|Q62,약간 찬성함,1,Q63|Q65,5
R_4yN6457a10quMEx,0,남성,서울,46,대학원 이상,예,7,국민의힘,기독교,어느 정도 자랑스럽다,어느 정도 자랑스럽다,3,Q61|Q62,약간 찬성함,1,Q63|Q65,10
R_41i1g5cDvef9Rug,0,여성,충남,31,전문 대학교(기술 학교 포함),예,6,잘 모르겠다,무교,어느 정도 자랑스럽다,어느 정도 자랑스럽다,1,Q61|Q62,매우 찬성함,1,Q63|Q65,5
R_4g5g0tICP7fKfbi,0,남성,충남,52,대학교,예,9,국민의힘,무교,매우 자랑스럽다,매우 자랑스럽다,2,Q61|Q62,매우 찬성함,1,Q63|Q65,10
R_4j8LvHJBIVa1EdT,1,여성,서울,33,대학원 이상,예,3,더불어민주당,무교,별로 자랑스럽지 않다,별로 자랑스럽지 않다,2,Q61|Q62,별로 찬성하지 않음,1,Q63|Q65,8
R_4TRyn0lQ5v4D8Qw,0,여성,강원도,45,대학교,예,5,더불어민주당,천주교,어느 정도 자랑스럽다,어느 정도 자랑스럽다,2,Q60|Q62,약간 찬성함,2,Q63|Q65,5
R_4huTseFNzaePZeQ,1,여성,경북,50,대학교,예,5,잘 모르겠다,기독교,어느 정도 자랑스럽다,어느 정도 자랑스럽다,0,Q60|Q62,별로 찬성하지 않음,1,Q64|Q65,7
R_4sCPDwbeaisWErD,1,여성,서울,33,대학교,예,5,다른 정당,무교,어느 정도 자랑스럽다,어느 정도 자랑스럽다,3,Q60|Q62,약간 찬성함,1,Q63|Q65,7
R_4sofLQEIDWAZtUx,1,여성,서울,33,대학교,예,7,국민의힘,무교,매우 자랑스럽다,매우 자랑스럽다,3,Q60|Q62,매우 찬성함,2,Q64|Q65,10
R_4mJWK4ZQI1ocDiC,1,여성,경기도,44,고등학교,예,5,더불어민주당,무교,어느 정도 자랑스럽다,어느 정도 자랑스럽다,2,Q60|Q62,매우 찬성함,3,Q64|Q65,10
R_4st7tVcr5Euf9eR,1,여성,전남,48,고등학교,예,2,더불어민주당,기독교,어느 정도 자랑스럽다,어느 정도 자랑스럽다,3,Q61|Q62,별로 찬성하지 않음,1,Q63|Q65,10
R_4wsix8HeOLou7EX,1,여성,경기도,32,대학교,예,3,더불어민주당,기독교,별로 자랑스럽지 않다,별로 자랑스럽지 않다,2,Q61|Q62,약간 찬성함,2,Q64|Q65,7
R_4ZjuLsQnHnlKgJr,1,여성,경남,57,대학교,예,8,국민의힘,기독교,어느 정도 자랑스럽다,매우 자랑스럽다,3,Q60|Q62,매우 찬성함,2,Q64|Q65,10
R_4FfHCfzlyBkJSCZ,0,여성,경기도,55,대학교,예,6,잘 모르겠다,무교,전혀 자랑스럽지 않다,전혀 자랑스럽지 않다,1,Q61|Q62,매우 찬성함,2,Q64|Q65,8
R_41igCu7KsNt0NcB,0,남성,서울,34,고등학교,예,5,다른 정당,기독교,어느 정도 자랑스럽다,어느 정도 자랑스럽다,0,Q60|Q62,전혀 찬성하지 않음,1,Q64|Q65,6
R_4fBYoAm2PchM8zf,0,여성,서울,54,고등학교,예,5,더불어민주당,무교,어느 정도 자랑스럽다,어느 정도 자랑스럽다,1,Q60|Q62,별로 찬성하지 않음,1,Q63|Q65,10
R_4QRH8wG7I1DJFd5,0,여성,서울,53,대학교,예,4,더불어민주당,무교,어느 정도 자랑스럽다,어느 정도 자랑스럽다,2,Q61|Q62,약간 찬성함,2,Q64|Q65,10
R_4dKpN45p0fiVJrq,1,여성,경남,46,대학원 이상,예,3,더불어민주당,기독교,어느 정도 자랑스럽다,어느 정도 자랑스럽다,3,Q60|Q62,별로 찬성하지 않음,1,Q63|Q65,9
R_4EyCIMdhrNWAy27,1,여성,경남,36,고등학교,예,"10
보수",더불어민주당,천주교,전혀 자랑스럽지 않다,별로 자랑스럽지 않다,2,Q61|Q62,전혀 찬성하지 않음,1,Q63|Q65,0
R_4qm3OXTZRHpAXQJ,1,남성,서울,60,대학원 이상,예,8,국민의힘,기독교,어느 정도 자랑스럽다,어느 정도 자랑스럽다,3,Q61|Q62,약간 찬성함,1,Q63|Q65,9
R_4AEJfIP2fkLHlar,0,남성,서울,48,고등학교,예,3,더불어민주당,무교,별로 자랑스럽지 않다,별로 자랑스럽지 않다,2,Q61|Q62,매우 찬성함,1,Q64|Q65,10
R_425c4lgWeokOlYQ,0,남성,경기도,51,대학교,예,5,잘 모르겠다,무교,어느 정도 자랑스럽다,어느 정도 자랑스럽다,1,Q60|Q62,약간 찬성함,1,Q63|Q65,8
R_4kzFhLy2EtYmgJK,1,남성,서울,26,대학교,예,6,잘 모르겠다,무교,별로 자랑스럽지 않다,어느 정도 자랑스럽다,1,Q61|Q62,매우 찬성함,1,Q64|Q65,8
R_40u8nLkPmyzSytU,0,남성,서울,49,대학원 이상,예,5,다른 정당,무교,별로 자랑스럽지 않다,별로 자랑스럽지 않다,1,Q60|Q62,약간 찬성함,2,Q64|Q65,7
R_4l46r33MDYryuDr,0,여성,경기도,38,전문 대학교(기술 학교 포함),예,5,잘 모르겠다,무교,어느 정도 자랑스럽다,어느 정도 자랑스럽다,2,Q61|Q62,별로 찬성하지 않음,1,Q64|Q65,7
R_4JKPyXwMBzRQxNA,1,남성,경북,40,고등학교,예,6,잘 모르겠다,무교,어느 정도 자랑스럽다,어느 정도 자랑스럽다,1,Q60|Q62,별로 찬성하지 않음,1,Q63|Q65,8
R_4K2zvqvd9acuHrJ,0,여성,서울,60,대학교,예,5,잘 모르겠다,기독교,어느 정도 자랑스럽다,별로 자랑스럽지 않다,3,Q60|Q62,매우 찬성함,2,Q64|Q65,7
R_4oCudMRaBUExsie,0,여성,경남,57,대학원 이상,예,3,잘 모르겠다,무교,어느 정도 자랑스럽다,어느 정도 자랑스럽다,2,Q61|Q62,별로 찬성하지 않음,1,Q63|Q65,7
R_4diX8ePhVlsDfps,0,여성,경기도,42,대학원 이상,예,5,잘 모르겠다,불교,어느 정도 자랑스럽다,어느 정도 자랑스럽다,1,Q60|Q62,약간 찬성함,2,Q64|Q65,9
R_4CesCybP1Spsrbe,1,남성,서울,53,대학원 이상,예,"10
보수",국민의힘,기독교,어느 정도 자랑스럽다,어느 정도 자랑스럽다,2,Q60|Q62,별로 찬성하지 않음,2,Q64|Q65,9
R_4erDv9ObktHA0Qv,1,여성,경기도,42,고등학교,예,5,다른 정당,천주교,별로 자랑스럽지 않다,별로 자랑스럽지 않다,1,Q60|Q62,별로 찬성하지 않음,1,Q64|Q65,8
R_4TeMF4fBje3cIDf,0,여성,서울,46,대학교,예,6,국민의힘,무교,어느 정도 자랑스럽다,어느 정도 자랑스럽다,1,Q60|Q62,약간 찬성함,0,Q64|Q65,10
R_4KJFe0zzZtOFdmH,0,남성,충북,43,대학교,예,"1
진보",국민의힘,기독교,매우 자랑스럽다,매우 자랑스럽다,1,Q60|Q62,전혀 찬성하지 않음,2,Q63|Q65,10
R_4dFB6Uei2c0iTdV,0,여성,서울,54,대학교,예,5,잘 모르겠다,무교,어느 정도 자랑스럽다,어느 정도 자랑스럽다,1,Q60|Q62,약간 찬성함,1,Q63|Q65,7
R_4lf9vWEDX1pE0p3,1,남성,서울,32,전문 대학교(기술 학교 포함),예,5,잘 모르겠다,무교,별로 자랑스럽지 않다,별로 자랑스럽지 않다,4,Q61|Q62,약간 찬성함,1,Q64|Q65,5
R_4qPB06RTh8BaDZu,0,여성,충북,43,대학교,예,5,잘 모르겠다,무교,어느 정도 자랑스럽다,어느 정도 자랑스럽다,1,Q60|Q62,약간 찬성함,2,Q63|Q65,8
R_4ezbePXZed1mt4s,1,여성,경기도,43,고등학교,예,5,잘 모르겠다,기독교,매우 자랑스럽다,매우 자랑스럽다,3,Q61|Q62,매우 찬성함,1,Q63|Q65,10
R_4EnYesUyHzTTXzJ,0,여성,경기도,25,고등학교,예,6,더불어민주당,불교,매우 자랑스럽다,매우 자랑스럽다,3,Q61|Q62,전혀 찬성하지 않음,1,Q63|Q65,10
R_41iRDAVlLxqEqmc,1,여성,경기도,36,대학교,예,4,더불어민주당,무교,어느 정도 자랑스럽다,어느 정도 자랑스럽다,3,Q60|Q62,별로 찬성하지 않음,2,Q63|Q65,10
R_442EZyXh3w0ReYF,1,남성,전북,52,고등학교,예,3,더불어민주당,기독교,별로 자랑스럽지 않다,별로 자랑스럽지 않다,1,Q60|Q62,별로 찬성하지 않음,2,Q63|Q65,9
R_4kvJcGW4GwY9MoH,1,여성,충북,39,대학교,예,5,잘 모르겠다,기타,전혀 자랑스럽지 않다,별로 자랑스럽지 않다,3,Q60|Q62,매우 찬성함,1,Q63|Q65,10
R_4AEvrnS1kR2E0A9,0,여성,강원도,33,대학교,예,7,국민의힘,기독교,매우 자랑스럽다,매우 자랑스럽다,3,Q61|Q62,매우 찬성함,1,Q63|Q65,8
R_44l32wprMDiS2SA,0,여성,서울,53,대학교,예,6,잘 모르겠다,무교,별로 자랑스럽지 않다,전혀 자랑스럽지 않다,1,Q60|Q62,매우 찬성함,2,Q64|Q65,5
R_4kL9PG2oDPL0m0A,0,남성,서울,46,대학교,예,5,잘 모르겠다,무교,어느 정도 자랑스럽다,어느 정도 자랑스럽다,3,Q60|Q62,전혀 찬성하지 않음,2,Q63|Q65,7
R_4PhzVNCE5zcf0kL,0,남성,경기도,50,대학교,예,7,국민의힘,기독교,어느 정도 자랑스럽다,어느 정도 자랑스럽다,3,Q61|Q62,약간 찬성함,1,Q63|Q65,8
R_4Yro5cag0Gh4YbT,0,남성,서울,33,대학교,예,5,더불어민주당,무교,매우 자랑스럽다,매우 자랑스럽다,3,Q60|Q62,약간 찬성함,4,Q64|Q65,7
R_47fbGadqMBmpmwe,0,여성,서울,32,대학교,예,3,더불어민주당,무교,별로 자랑스럽지 않다,별로 자랑스럽지 않다,2,Q60|Q62,전혀 찬성하지 않음,1,Q63|Q65,5
R_4t6dnTCch9oX6BD,1,여성,서울,36,대학원 이상,예,6,더불어민주당,무교,어느 정도 자랑스럽다,어느 정도 자랑스럽다,4,Q61|Q62,약간 찬성함,1,Q63|Q65,9
R_4hfLWWxzRfpCYc6,0,남성,서울,38,대학교,예,6,잘 모르겠다,기독교,어느 정도 자랑스럽다,별로 자랑스럽지 않다,2,Q60|Q62,약간 찬성함,2,Q64|Q65,9
R_4O0YYFFHMRlsdcl,1,남성,경기도,49,대학교,예,5,잘 모르겠다,무교,별로 자랑스럽지 않다,별로 자랑스럽지 않다,0,Q60|Q62,약간 찬성함,2,Q64|Q65,7
R_4ggi8sntXliBquZ,0,남성,전북,51,대학교,예,6,더불어민주당,기독교,별로 자랑스럽지 않다,별로 자랑스럽지 않다,2,Q61|Q62,약간 찬성함,1,Q63|Q65,7
R_4BQY1ggdygaB3VL,0,여성,경기도,48,대학원 이상,예,4,더불어민주당,무교,어느 정도 자랑스럽다,어느 정도 자랑스럽다,2,Q60|Q62,별로 찬성하지 않음,1,Q64|Q65,7
R_4dGxvDdY6Nk6zdl,0,여성,경기도,33,대학교,예,6,국민의힘,무교,매우 자랑스럽다,매우 자랑스럽다,3,Q61|Q62,약간 찬성함,3,Q64|Q65,10
R_4GIaI6QQYlJDNRO,1,여성,전남,50,전문 대학교(기술 학교 포함),예,5,잘 모르겠다,불교,별로 자랑스럽지 않다,별로 자랑스럽지 않다,1,Q60|Q62,약간 찬성함,2,Q63|Q65,10
R_4l5KVl9Nfeqn3ot,1,여성,서울,26,고등학교,예,9,국민의힘,천주교,어느 정도 자랑스럽다,어느 정도 자랑스럽다,1,Q61|Q62,매우 찬성함,1,Q64|Q65,6
R_40UI7hIqoxcmzro,0,남성,서울,41,전문 대학교(기술 학교 포함),예,5,다른 정당,기독교,어느 정도 자랑스럽다,어느 정도 자랑스럽다,3,Q60|Q62,약간 찬성함,2,Q64|Q65,7
R_4GRpQVoIE7O8WYh,0,남성,서울,53,대학원 이상,예,6,잘 모르겠다,기독교,어느 정도 자랑스럽다,어느 정도 자랑스럽다,2,Q61|Q62,별로 찬성하지 않음,2,Q64|Q65,8
R_4pzzQcVjJMDd2E1,1,남성,서울,49,대학교,예,5,더불어민주당,기독교,어느 정도 자랑스럽다,어느 정도 자랑스럽다,1,Q61|Q62,별로 찬성하지 않음,1,Q63|Q65,6
R_4e87jEae0Quo26A,0,남성,경기도,50,전문 대학교(기술 학교 포함),예,4,국민의힘,무교,매우 자랑스럽다,어느 정도 자랑스럽다,3,Q61|Q62,별로 찬성하지 않음,1,Q64|Q65,10
R_4J2goAC1LWSSnqF,0,여성,경기도,37,고등학교,예,5,잘 모르겠다,무교,어느 정도 자랑스럽다,어느 정도 자랑스럽다,1,Q60|Q62,약간 찬성함,1,Q63|Q65,8
R_4NaiVnUpl0Ae5ou,0,남성,서울,51,대학교,예,5,다른 정당,무교,어느 정도 자랑스럽다,어느 정도 자랑스럽다,2,Q60|Q62,약간 찬성함,1,Q64|Q65,7
R_4HYdUPEA3BhdeM3,0,여성,서울,50,대학교,예,5,잘 모르겠다,무교,별로 자랑스럽지 않다,별로 자랑스럽지 않다,1,Q60|Q62,약간 찬성함,3,Q64|Q65,4
R_4EX8M1PLChhVs7T,0,남성,서울,50,대학교,예,9,국민의힘,천주교,매우 자랑스럽다,매우 자랑스럽다,3,Q61|Q62,매우 찬성함,2,Q64|Q65,9
R_4f7hDjmuhgOhDFn,1,남성,서울,48,대학교,예,5,더불어민주당,무교,어느 정도 자랑스럽다,어느 정도 자랑스럽다,2,Q60|Q62,전혀 찬성하지 않음,1,Q64|Q65,10
R_4kGj816eeY5q4Tj,0,남성,서울,34,대학교,예,6,더불어민주당,무교,매우 자랑스럽다,매우 자랑스럽다,4,Q61|Q62,약간 찬성함,2,Q64|Q65,6
R_4RrbP7xC5fwhqdr,0,남성,서울,46,대학교,예,7,국민의힘,천주교,어느 정도 자랑스럽다,어느 정도 자랑스럽다,3,Q60|Q62,매우 찬성함,1,Q63|Q65,10
R_4FrkNOIu2LBv4lO,1,여성,경남,42,고등학교,예,6,더불어민주당,불교,어느 정도 자랑스럽다,어느 정도 자랑스럽다,1,Q60|Q62,매우 찬성함,2,Q64|Q65,9
R_4OgjZgHkdJL0L97,1,남성,서울,48,대학교,예,5,잘 모르겠다,천주교,어느 정도 자랑스럽다,어느 정도 자랑스럽다,1,Q61|Q62,별로 찬성하지 않음,1,Q63|Q65,8
R_4N8cvAs0dm19WKJ,0,남성,서울,51,대학교,예,6,국민의힘,무교,매우 자랑스럽다,매우 자랑스럽다,3,Q61|Q62,약간 찬성함,2,Q64|Q65,9
R_4KqHPmNRgYZWFwC,0,여성,경기도,32,대학교,예,7,국민의힘,기독교,어느 정도 자랑스럽다,어느 정도 자랑스럽다,1,Q60|Q62,약간 찬성함,1,Q64|Q65,8
R_4ve1jpPlMZsLf6S,0,남성,서울,51,대학교,예,2,더불어민주당,무교,별로 자랑스럽지 않다,별로 자랑스럽지 않다,1,Q61|Q62,매우 찬성함,1,Q64|Q65,5
R_4fwJHyEIWQP5Cv5,0,여성,충남,45,전문 대학교(기술 학교 포함),예,5,잘 모르겠다,무교,어느 정도 자랑스럽다,매우 자랑스럽다,2,Q61|Q62,약간 찬성함,2,Q64|Q65,10
R_4bOvWQCQEcowVuM,1,남성,경북,52,대학교,예,5,잘 모르겠다,무교,전혀 자랑스럽지 않다,전혀 자랑스럽지 않다,1,Q61|Q62,매우 찬성함,0,Q63|Q65,5
R_4dFDQNdgM3YnKGD,0,여성,서울,46,대학교,예,5,다른 정당,무교,별로 자랑스럽지 않다,별로 자랑스럽지 않다,2,Q61|Q62,약간 찬성함,2,Q63|Q65,10
R_44PhWKJEaxknfTs,1,남성,충남,54,대학교,예,5,다른 정당,불교,어느 정도 자랑스럽다,어느 정도 자랑스럽다,3,Q61|Q62,별로 찬성하지 않음,1,Q64|Q65,8
R_4bMYCi0EqTaoXgR,0,남성,경북,36,대학교,예,7,국민의힘,기독교,매우 자랑스럽다,매우 자랑스럽다,1,Q61|Q62,약간 찬성함,2,Q63|Q65,6
R_4kOkBPqdvBua4US,0,남성,충남,45,고등학교,예,4,더불어민주당,무교,어느 정도 자랑스럽다,어느 정도 자랑스럽다,1,Q60|Q62,약간 찬성함,3,Q64|Q65,9
R_4X4WFM3aAd50nXH,0,여성,경기도,44,대학교,예,5,잘 모르겠다,기독교,매우 자랑스럽다,매우 자랑스럽다,2,Q61|Q62,매우 찬성함,1,Q63|Q65,10
R_4iqfRVvRLGtmCxm,0,여성,서울,44,대학교,예,3,녹색정의당,무교,어느 정도 자랑스럽다,어느 정도 자랑스럽다,3,Q61|Q62,별로 찬성하지 않음,3,Q64|Q65,10
R_4d5fjRDoG2gMthn,1,남성,서울,51,전문 대학교(기술 학교 포함),예,4,더불어민주당,무교,어느 정도 자랑스럽다,어느 정도 자랑스럽다,2,Q61|Q62,약간 찬성함,2,Q64|Q65,8
R_4ClWUX2Yg8EcWp0,0,여성,경기도,39,대학원 이상,예,3,더불어민주당,기독교,어느 정도 자랑스럽다,별로 자랑스럽지 않다,2,Q61|Q62,매우 찬성함,1,Q63|Q65,5
R_4cSQwnVXb4OXklA,1,남성,서울,66,대학교,예,9,잘 모르겠다,무교,어느 정도 자랑스럽다,어느 정도 자랑스럽다,1,Q60|Q62,매우 찬성함,1,Q63|Q65,8
R_4TVtT2CG6qWL2Br,1,여성,경기도,32,대학교,예,5,더불어민주당,무교,전혀 자랑스럽지 않다,전혀 자랑스럽지 않다,1,Q60|Q62,약간 찬성함,2,Q64|Q65,5
R_4BvSMN9sPsPtXgJ,0,여성,경기도,31,대학교,예,"10
보수",국민의힘,무교,어느 정도 자랑스럽다,어느 정도 자랑스럽다,1,Q60|Q62,매우 찬성함,2,Q64|Q65,10
R_42tJ2yRStLSa5Ec,1,여성,경기도,46,대학교,예,5,더불어민주당,기독교,어느 정도 자랑스럽다,어느 정도 자랑스럽다,4,Q61|Q62,약간 찬성함,0,Q63|Q65,8
R_4PHurOC8Ageglo6,0,여성,대전,19,고등학교,예,5,국민의힘,불교,어느 정도 자랑스럽다,매우 자랑스럽다,2,Q60|Q62,약간 찬성함,4,Q64|Q65,8
R_4pRqzVnsAA058Vi,0,남성,서울,35,대학교,예,5,더불어민주당,무교,별로 자랑스럽지 않다,별로 자랑스럽지 않다,0,Q61|Q62,별로 찬성하지 않음,1,Q64|Q65,10
R_4CI2TQTMqbm2cky,0,남성,서울,37,대학교,예,7,국민의힘,무교,별로 자랑스럽지 않다,별로 자랑스럽지 않다,1,Q60|Q62,약간 찬성함,1,Q63|Q65,10
R_41u1UdOAzQX5yZx,0,남성,서울,46,대학원 이상,예,5,잘 모르겠다,불교,어느 정도 자랑스럽다,어느 정도 자랑스럽다,1,Q60|Q62,약간 찬성함,1,Q64|Q65,10
R_4qJcsrqWUHMNRxI,0,여성,경기도,36,대학교,예,4,잘 모르겠다,무교,어느 정도 자랑스럽다,어느 정도 자랑스럽다,2,Q60|Q62,매우 찬성함,2,Q64|Q65,9
R_4ibxAy3SzfuDnlk,1,여성,경기도,57,고등학교,예,6,잘 모르겠다,무교,별로 자랑스럽지 않다,별로 자랑스럽지 않다,4,Q61|Q62,별로 찬성하지 않음,3,Q64|Q65,5
R_4OMI5S4prhqPUDo,0,여성,전북,42,대학원 이상,예,5,더불어민주당,천주교,별로 자랑스럽지 않다,별로 자랑스럽지 않다,2,Q61|Q62,약간 찬성함,3,Q64|Q65,8
R_4lPaVvsjAIJmJ6V,1,남성,서울,51,대학원 이상,예,5,더불어민주당,기독교,매우 자랑스럽다,매우 자랑스럽다,4,Q61|Q62,매우 찬성함,1,Q63|Q65,10
R_4VA4ml4cUT7Wuu5,0,여성,경기도,49,전문 대학교(기술 학교 포함),예,4,더불어민주당,기독교,어느 정도 자랑스럽다,어느 정도 자랑스럽다,2,Q60|Q62,약간 찬성함,3,Q63|Q65,8
R_4nrvIpiPZo5sJDY,1,여성,서울,24,고등학교,예,5,국민의힘,기독교,매우 자랑스럽다,매우 자랑스럽다,2,Q61|Q62,약간 찬성함,3,Q63|Q65,5
R_4pRHU0n65zMrR9t,1,남성,경기도,46,대학교,예,7,더불어민주당,기타,매우 자랑스럽다,어느 정도 자랑스럽다,0,Q60|Q62,약간 찬성함,1,Q64|Q65,10
R_4mPnzwQvam9iwyP,1,남성,서울,46,대학교,예,4,더불어민주당,기독교,어느 정도 자랑스럽다,어느 정도 자랑스럽다,3,Q61|Q62,약간 찬성함,1,Q63|Q65,8
R_4TRi4ByM3MWVb33,0,남성,서울,43,대학교,예,7,더불어민주당,기독교,어느 정도 자랑스럽다,매우 자랑스럽다,0,Q60|Q62,약간 찬성함,1,Q64|Q65,8
R_4wLWmbHmXka8Vp8,0,남성,충북,45,대학교,예,4,더불어민주당,무교,별로 자랑스럽지 않다,전혀 자랑스럽지 않다,1,Q61|Q62,별로 찬성하지 않음,2,Q64|Q65,5
R_4wGmOTqQA2SI1m6,1,남성,서울,46,대학교,예,3,더불어민주당,기독교,어느 정도 자랑스럽다,어느 정도 자랑스럽다,3,Q61|Q62,별로 찬성하지 않음,1,Q64|Q65,5
R_4LZK1PpCzUOjjMk,0,여성,광주,38,대학원 이상,예,5,잘 모르겠다,무교,어느 정도 자랑스럽다,매우 자랑스럽다,2,Q60|Q62,별로 찬성하지 않음,2,Q63|Q65,5
R_41ZUknC7EJQFFh9,1,여성,서울,52,대학교,예,5,더불어민주당,무교,어느 정도 자랑스럽다,어느 정도 자랑스럽다,3,Q60|Q62,전혀 찬성하지 않음,1,Q63|Q65,7
R_4WDzHhoS8cqu4V8,1,여성,경남,52,고등학교,예,3,더불어민주당,무교,별로 자랑스럽지 않다,별로 자랑스럽지 않다,0,Q61|Q62,매우 찬성함,1,Q63|Q65,6
R_4LzWQUWlzDAxYsx,1,남성,서울,51,고등학교,예,5,잘 모르겠다,무교,별로 자랑스럽지 않다,별로 자랑스럽지 않다,2,Q60|Q62,별로 찬성하지 않음,1,Q63|Q65,5
R_4KhScgvqr6JTQaJ,0,여성,서울,37,전문 대학교(기술 학교 포함),예,4,잘 모르겠다,무교,어느 정도 자랑스럽다,어느 정도 자랑스럽다,1,Q60|Q62,별로 찬성하지 않음,1,Q63|Q65,8
R_42eZKZPnxU5G6Ar,0,여성,서울,55,대학교,예,4,잘 모르겠다,기독교,어느 정도 자랑스럽다,어느 정도 자랑스럽다,4,Q61|Q62,별로 찬성하지 않음,1,Q63|Q65,8
R_4PTsUDoW5oz0g6b,1,여성,충남,39,대학교,예,6,더불어민주당,무교,매우 자랑스럽다,매우 자랑스럽다,2,Q60|Q62,전혀 찬성하지 않음,2,Q64|Q65,10
R_4g8bvVa6fugxvyR,0,남성,서울,40,대학교,예,3,더불어민주당,무교,매우 자랑스럽다,매우 자랑스럽다,4,Q61|Q62,별로 찬성하지 않음,2,Q63|Q65,10
R_4rkKrhLVkH5ukgk,1,여성,경기도,41,전문 대학교(기술 학교 포함),예,8,국민의힘,천주교,어느 정도 자랑스럽다,어느 정도 자랑스럽다,1,Q60|Q62,매우 찬성함,2,Q64|Q65,10
R_4fDTgvEdwXpG0VG,0,여성,서울,35,대학교,예,5,더불어민주당,기독교,어느 정도 자랑스럽다,어느 정도 자랑스럽다,2,Q61|Q62,약간 찬성함,2,Q64|Q65,4
R_4qldAqa0qfqUubO,1,여성,서울,25,전문 대학교(기술 학교 포함),예,5,잘 모르겠다,천주교,어느 정도 자랑스럽다,어느 정도 자랑스럽다,3,Q60|Q62,약간 찬성함,2,Q63|Q65,8
R_4SDfQxyMUb8yVfK,0,남성,서울,39,대학원 이상,예,5,잘 모르겠다,불교,어느 정도 자랑스럽다,어느 정도 자랑스럽다,2,Q60|Q62,약간 찬성함,1,Q63|Q65,7
R_4OJzl2wWtc5qAI9,0,여성,경기도,48,고등학교,예,7,더불어민주당,무교,매우 자랑스럽다,매우 자랑스럽다,3,Q61|Q62,매우 찬성함,1,Q63|Q65,8
R_4CwR5BjPCCYqx2g,0,남성,서울,52,대학교,예,2,더불어민주당,무교,어느 정도 자랑스럽다,어느 정도 자랑스럽다,3,Q61|Q62,약간 찬성함,1,Q63|Q65,10
R_41zvDWpUKL0fixk,0,남성,경기도,53,대학교,예,7,더불어민주당,무교,어느 정도 자랑스럽다,어느 정도 자랑스럽다,4,Q61|Q62,약간 찬성함,1,Q63|Q65,8
R_4PAb3Egynv8WydP,0,여성,충남,45,전문 대학교(기술 학교 포함),예,5,더불어민주당,천주교,어느 정도 자랑스럽다,어느 정도 자랑스럽다,2,Q60|Q62,매우 찬성함,1,Q63|Q65,8
R_41FXgbCPuRdMFLL,1,남성,서울,31,대학원 이상,예,"10
보수",국민의힘,기독교,매우 자랑스럽다,매우 자랑스럽다,3,Q60|Q62,약간 찬성함,2,Q64|Q65,9
R_4OZuoGUkv4ua3GL,0,여성,서울,53,대학교,예,5,국민의힘,무교,별로 자랑스럽지 않다,별로 자랑스럽지 않다,0,Q61|Q62,매우 찬성함,1,Q63|Q65,3
R_4yWTorOVSVdrCxj,1,여성,서울,39,대학교,예,4,잘 모르겠다,무교,별로 자랑스럽지 않다,별로 자랑스럽지 않다,1,Q61|Q62,약간 찬성함,1,Q63|Q65,7
R_4N55IOqxeFKXYMi,1,여성,서울,43,대학교,예,5,더불어민주당,무교,별로 자랑스럽지 않다,별로 자랑스럽지 않다,1,Q61|Q62,약간 찬성함,1,Q64|Q65,7
R_4BrRE0BQXwBvzMZ,1,남성,경기도,53,대학원 이상,예,6,국민의힘,기독교,어느 정도 자랑스럽다,어느 정도 자랑스럽다,3,Q60|Q62,별로 찬성하지 않음,1,Q64|Q65,7
R_4Pplr0HPpZOQCSR,0,남성,서울,40,전문 대학교(기술 학교 포함),예,5,다른 정당,불교,어느 정도 자랑스럽다,어느 정도 자랑스럽다,1,Q60|Q62,약간 찬성함,1,Q63|Q65,9
R_4JWmVhOgzEww2fw,1,여성,충북,37,대학교,예,5,잘 모르겠다,무교,어느 정도 자랑스럽다,매우 자랑스럽다,2,Q60|Q62,약간 찬성함,1,Q63|Q65,9
R_4TofWc3cgq7LgCA,0,여성,경남,46,전문 대학교(기술 학교 포함),예,5,더불어민주당,기독교,어느 정도 자랑스럽다,매우 자랑스럽다,4,Q61|Q62,약간 찬성함,2,Q63|Q65,10
R_4JzlEInrhSdHt3K,1,남성,서울,43,대학교,예,5,더불어민주당,기독교,어느 정도 자랑스럽다,어느 정도 자랑스럽다,3,Q61|Q62,약간 찬성함,2,Q64|Q65,9
R_4DDijsYOewD6bn3,1,남성,경기도,43,대학원 이상,예,3,더불어민주당,무교,별로 자랑스럽지 않다,별로 자랑스럽지 않다,3,Q61|Q62,전혀 찬성하지 않음,1,Q63|Q65,6
R_4FyukFes4VEKlx6,1,남성,서울,27,대학교,예,7,국민의힘,기독교,매우 자랑스럽다,매우 자랑스럽다,2,Q61|Q62,약간 찬성함,2,Q64|Q65,9
R_4nyQ2m6SAzfSuFX,0,여성,서울,40,대학교,예,5,잘 모르겠다,무교,별로 자랑스럽지 않다,별로 자랑스럽지 않다,1,Q60|Q62,약간 찬성함,0,Q63|Q65,5
R_4qqSVkGTgkYaYso,1,여성,서울,45,대학교,예,6,국민의힘,무교,별로 자랑스럽지 않다,별로 자랑스럽지 않다,2,Q60|Q62,약간 찬성함,3,Q64|Q65,9
R_4XDgdRBSKrAXTFL,0,여성,경북,44,전문 대학교(기술 학교 포함),예,3,잘 모르겠다,무교,어느 정도 자랑스럽다,어느 정도 자랑스럽다,2,Q61|Q62,약간 찬성함,1,Q64|Q65,5
R_49eDxImxi4V1Pfb,0,남성,서울,47,대학교,예,5,다른 정당,무교,어느 정도 자랑스럽다,어느 정도 자랑스럽다,2,Q60|Q62,별로 찬성하지 않음,1,Q64|Q65,7
R_4eUVbTYqA8HuAlA,1,남성,경기도,42,고등학교,예,5,잘 모르겠다,무교,어느 정도 자랑스럽다,어느 정도 자랑스럽다,3,Q61|Q62,약간 찬성함,3,Q64|Q65,5
R_4P6uFE8bYV5cK8m,0,여성,경남,33,대학교,예,6,다른 정당,무교,어느 정도 자랑스럽다,어느 정도 자랑스럽다,3,Q61|Q62,별로 찬성하지 않음,2,Q63|Q65,10
R_42GTpk7CE8UFh05,1,남성,경기도,44,대학교,예,4,더불어민주당,무교,별로 자랑스럽지 않다,별로 자랑스럽지 않다,2,Q61|Q62,약간 찬성함,1,Q63|Q65,8
R_4kbvNx9mPiNPlcs,0,여성,서울,36,대학교,예,6,녹색정의당,무교,어느 정도 자랑스럽다,어느 정도 자랑스럽다,3,Q61|Q62,약간 찬성함,2,Q64|Q65,10
R_4KBoSMwUOMqvVWf,1,남성,서울,50,대학교,예,8,더불어민주당,무교,별로 자랑스럽지 않다,별로 자랑스럽지 않다,2,Q60|Q62,약간 찬성함,1,Q64|Q65,9
R_4NPLhjxyJ5sr3nq,0,남성,경기도,52,전문 대학교(기술 학교 포함),예,6,국민의힘,불교,매우 자랑스럽다,매우 자랑스럽다,3,Q60|Q62,전혀 찬성하지 않음,1,Q64|Q65,10
R_4UgUvmh4sVrJI3x,0,남성,경기도,52,고등학교,예,3,더불어민주당,기독교,별로 자랑스럽지 않다,별로 자랑스럽지 않다,1,Q61|Q62,전혀 찬성하지 않음,1,Q64|Q65,10
R_4ghE9nsy8CwwBI5,1,남성,서울,54,대학교,예,6,국민의힘,불교,어느 정도 자랑스럽다,어느 정도 자랑스럽다,3,Q60|Q62,약간 찬성함,3,Q64|Q65,6
R_4Ri8l8xqCwUQPhT,0,남성,경기도,50,전문 대학교(기술 학교 포함),예,5,더불어민주당,무교,어느 정도 자랑스럽다,어느 정도 자랑스럽다,1,Q61|Q62,약간 찬성함,2,Q64|Q65,8
R_4q8lTX6V3cxITyr,1,여성,경기도,40,대학교,예,5,더불어민주당,무교,어느 정도 자랑스럽다,어느 정도 자랑스럽다,2,Q60|Q62,별로 찬성하지 않음,2,Q64|Q65,9
R_49FtXAhhVTQnwU9,0,여성,서울,51,대학교,예,5,국민의힘,기독교,매우 자랑스럽다,매우 자랑스럽다,4,Q61|Q62,매우 찬성함,2,Q64|Q65,7
R_4MKUbu0GRDI9zcl,1,여성,경기도,33,대학교,예,5,더불어민주당,무교,어느 정도 자랑스럽다,어느 정도 자랑스럽다,1,Q60|Q62,매우 찬성함,0,Q63|Q65,10
R_4chre0s4T9bRiY9,0,여성,경기도,20,고등학교,예,3,더불어민주당,무교,어느 정도 자랑스럽다,어느 정도 자랑스럽다,1,Q60|Q62,별로 찬성하지 않음,2,Q63|Q65,8
R_4MArWqQAG7933gz,0,남성,서울,46,대학교,예,5,국민의힘,무교,별로 자랑스럽지 않다,별로 자랑스럽지 않다,1,Q60|Q62,매우 찬성함,1,Q64|Q65,4
R_4TjELJIDz2LryAF,1,남성,경기도,45,대학교,예,8,국민의힘,무교,어느 정도 자랑스럽다,어느 정도 자랑스럽다,2,Q60|Q62,매우 찬성함,1,Q63|Q65,7
R_4sohQuSIanEknYt,0,여성,경기도,39,대학원 이상,예,4,더불어민주당,무교,별로 자랑스럽지 않다,별로 자랑스럽지 않다,2,Q60|Q62,약간 찬성함,3,Q63|Q65,6
R_4LqgS5Nn4jkmIxz,1,여성,경북,20,전문 대학교(기술 학교 포함),예,5,잘 모르겠다,무교,어느 정도 자랑스럽다,매우 자랑스럽다,3,Q61|Q62,약간 찬성함,1,Q63|Q65,5
R_4dWjOiwJ1pGpJlm,1,남성,전북,48,대학교,예,4,더불어민주당,무교,어느 정도 자랑스럽다,어느 정도 자랑스럽다,3,Q61|Q62,전혀 찬성하지 않음,1,Q63|Q65,8
R_40CWC2wTNDSbmVF,0,남성,서울,28,고등학교,예,2,다른 정당,불교,전혀 자랑스럽지 않다,전혀 자랑스럽지 않다,3,Q61|Q62,별로 찬성하지 않음,1,Q63|Q65,7
R_407z9dcn1lyMQpl,1,남성,서울,30,대학교,예,7,다른 정당,무교,매우 자랑스럽다,매우 자랑스럽다,3,Q61|Q62,매우 찬성함,2,Q64|Q65,9
R_4sc79L9FSAvGQtN,0,남성,경기도,51,대학교,예,7,국민의힘,기독교,어느 정도 자랑스럽다,어느 정도 자랑스럽다,3,Q61|Q62,매우 찬성함,1,Q63|Q65,9
R_4Ep6cH0yWmnev9E,0,남성,강원도,46,대학원 이상,예,7,더불어민주당,불교,어느 정도 자랑스럽다,어느 정도 자랑스럽다,1,Q61|Q62,별로 찬성하지 않음,2,Q63|Q65,7
R_4qrPwYu1eIc7MuQ,1,여성,경기도,45,고등학교,예,6,국민의힘,무교,어느 정도 자랑스럽다,어느 정도 자랑스럽다,2,Q60|Q62,매우 찬성함,2,Q64|Q65,8
R_4MY3eoTDjU17Vv3,0,여성,충남,32,대학교,예,5,더불어민주당,무교,어느 정도 자랑스럽다,어느 정도 자랑스럽다,2,Q60|Q62,약간 찬성함,2,Q63|Q65,6
R_4yl1gB3U5EdKxtm,1,남성,충북,25,대학교,예,6,국민의힘,기타,전혀 자랑스럽지 않다,전혀 자랑스럽지 않다,1,Q60|Q62,매우 찬성함,1,Q63|Q65,4
R_42QPGfP19ZTQD8u,0,남성,경기도,30,대학원 이상,예,7,국민의힘,불교,매우 자랑스럽다,매우 자랑스럽다,3,Q61|Q62,매우 찬성함,1,Q63|Q65,8
R_4gUh2fbqAnc1iCd,0,여성,경기도,37,대학교,예,5,잘 모르겠다,무교,어느 정도 자랑스럽다,어느 정도 자랑스럽다,1,Q60|Q62,별로 찬성하지 않음,0,Q63|Q65,5
R_4AiFh3TR6r9CkKd,1,여성,서울,32,대학교,예,5,국민의힘,기독교,별로 자랑스럽지 않다,별로 자랑스럽지 않다,1,Q60|Q62,약간 찬성함,2,Q64|Q65,6
R_42S01rA5ORHquzC,1,여성,경기도,32,대학교,예,"10
보수",국민의힘,무교,매우 자랑스럽다,매우 자랑스럽다,2,Q61|Q62,매우 찬성함,2,Q64|Q65,10
R_4bJe2JWHOKS6ylW,1,남성,부산,31,대학교,예,6,국민의힘,무교,어느 정도 자랑스럽다,매우 자랑스럽다,2,Q61|Q62,매우 찬성함,1,Q64|Q65,5
R_41b7xu6onezrl7z,1,여성,서울,56,대학교,예,5,잘 모르겠다,천주교,어느 정도 자랑스럽다,어느 정도 자랑스럽다,4,Q61|Q62,약간 찬성함,3,Q63|Q65,4
R_4eVvONaaLQA27Q3,1,남성,서울,42,대학원 이상,예,5,국민의힘,천주교,어느 정도 자랑스럽다,어느 정도 자랑스럽다,1,Q61|Q62,매우 찬성함,2,Q63|Q65,6
R_4kNxXI7aEpwhfBF,0,남성,경기도,40,대학교,예,6,잘 모르겠다,무교,어느 정도 자랑스럽다,어느 정도 자랑스럽다,3,Q61|Q62,약간 찬성함,1,Q63|Q65,5
R_4AXSpjxB9ihbYiL,0,남성,경북,21,고등학교,예,5,잘 모르겠다,무교,매우 자랑스럽다,매우 자랑스럽다,2,Q61|Q62,매우 찬성함,2,Q64|Q65,8
R_4rHNVClLk6IZUSD,1,남성,서울,35,고등학교,예,"10
보수",잘 모르겠다,기독교,매우 자랑스럽다,매우 자랑스럽다,2,Q61|Q62,별로 찬성하지 않음,1,Q64|Q65,8
R_4Xpbpx9QKqOXrZX,1,남성,경북,46,대학교,예,5,더불어민주당,천주교,어느 정도 자랑스럽다,어느 정도 자랑스럽다,3,Q60|Q62,전혀 찬성하지 않음,1,Q63|Q65,10
R_4fCg5qVa98QGWuS,1,남성,경기도,50,대학교,예,2,더불어민주당,불교,어느 정도 자랑스럽다,매우 자랑스럽다,3,Q60|Q62,별로 찬성하지 않음,2,Q63|Q65,10
R_4mrxBWDJL3pq6ze,1,남성,경남,38,대학교,예,6,국민의힘,불교,어느 정도 자랑스럽다,어느 정도 자랑스럽다,3,Q60|Q62,약간 찬성함,2,Q63|Q65,7
R_48A66QxIVNLLxg1,1,여성,서울,43,대학교,예,6,잘 모르겠다,무교,어느 정도 자랑스럽다,어느 정도 자랑스럽다,1,Q60|Q62,약간 찬성함,1,Q63|Q65,7
R_4VR4OK2dEXrZ3LH,0,여성,충북,28,전문 대학교(기술 학교 포함),예,5,잘 모르겠다,무교,어느 정도 자랑스럽다,어느 정도 자랑스럽다,1,Q60|Q62,별로 찬성하지 않음,2,Q63|Q65,7
R_4I5HJrLyTkMUyPM,0,여성,서울,35,대학교,예,"1
진보",더불어민주당,무교,별로 자랑스럽지 않다,별로 자랑스럽지 않다,2,Q61|Q62,매우 찬성함,1,Q63|Q65,10
R_4HjgjNdkTNDLySk,1,여성,경기도,43,전문 대학교(기술 학교 포함),예,4,잘 모르겠다,무교,어느 정도 자랑스럽다,어느 정도 자랑스럽다,3,Q61|Q62,매우 찬성함,0,Q63|Q65,10
R_468DYwriFWUVoWj,1,여성,경기도,40,대학교,예,5,잘 모르겠다,기독교,어느 정도 자랑스럽다,어느 정도 자랑스럽다,2,Q61|Q62,매우 찬성함,2,Q64|Q65,8
R_4fp8835OIgYdPlu,1,남성,경기도,36,대학교,예,5,더불어민주당,무교,전혀 자랑스럽지 않다,전혀 자랑스럽지 않다,1,Q61|Q62,전혀 찬성하지 않음,1,Q63|Q65,10
R_4q2vI7IZGuJapup,1,여성,경기도,30,대학교,예,5,잘 모르겠다,무교,매우 자랑스럽다,매우 자랑스럽다,2,Q60|Q62,매우 찬성함,1,Q64|Q65,9
R_4w4C5mTj6y7k9an,0,여성,서울,38,대학교,예,4,더불어민주당,무교,어느 정도 자랑스럽다,어느 정도 자랑스럽다,2,Q60|Q62,별로 찬성하지 않음,1,Q63|Q65,10
R_4arqYKxDe6xyxbj,0,남성,서울,34,대학교,예,6,국민의힘,무교,어느 정도 자랑스럽다,어느 정도 자랑스럽다,1,Q60|Q62,별로 찬성하지 않음,0,Q64|Q65,8
R_4INnAZbdjlzlsNc,1,남성,강원도,48,고등학교,예,5,잘 모르겠다,기독교,어느 정도 자랑스럽다,어느 정도 자랑스럽다,1,Q61|Q62,약간 찬성함,2,Q64|Q65,6
R_4hGzfP3AHMxcQPO,1,여성,경기도,31,대학교,예,5,더불어민주당,무교,어느 정도 자랑스럽다,어느 정도 자랑스럽다,1,Q61|Q62,매우 찬성함,2,Q64|Q65,6
R_4Nq7I9orhd3B1AW,0,남성,서울,46,대학교,예,3,더불어민주당,천주교,어느 정도 자랑스럽다,어느 정도 자랑스럽다,3,Q61|Q62,약간 찬성함,2,Q63|Q65,8
R_4GIwG1d1u6H7bzb,0,남성,경기도,49,고등학교,예,5,잘 모르겠다,무교,어느 정도 자랑스럽다,어느 정도 자랑스럽다,2,Q60|Q62,약간 찬성함,2,Q64|Q65,5
R_4ja1NwjcgIongc9,1,여성,충남,43,고등학교,예,5,잘 모르겠다,무교,어느 정도 자랑스럽다,어느 정도 자랑스럽다,1,Q61|Q62,약간 찬성함,3,Q64|Q65,9
R_42LH3DZgA3NDMHy,0,남성,경남,31,전문 대학교(기술 학교 포함),예,5,국민의힘,무교,어느 정도 자랑스럽다,어느 정도 자랑스럽다,2,Q60|Q62,별로 찬성하지 않음,1,Q63|Q65,7
R_4JpdhvGT3IGJ6ed,0,여성,서울,56,대학교,예,5,잘 모르겠다,기독교,어느 정도 자랑스럽다,어느 정도 자랑스럽다,4,Q61|Q62,약간 찬성함,2,Q64|Q65,10
R_4E4TcDBuQelpBK1,0,여성,충남,23,고등학교,예,4,잘 모르겠다,불교,매우 자랑스럽다,어느 정도 자랑스럽다,1,Q61|Q62,약간 찬성함,1,Q63|Q65,7
R_414606ykoVRZVq9,1,남성,서울,26,대학교,예,5,국민의힘,기독교,별로 자랑스럽지 않다,별로 자랑스럽지 않다,3,Q61|Q62,별로 찬성하지 않음,2,Q64|Q65,2
R_46nye51RVaaBe2w,0,남성,서울,45,고등학교,예,5,잘 모르겠다,무교,어느 정도 자랑스럽다,어느 정도 자랑스럽다,2,Q61|Q62,약간 찬성함,2,Q64|Q65,8
R_4kULDbuOHAoj1Kh,0,여성,전북,43,대학교,예,5,잘 모르겠다,무교,어느 정도 자랑스럽다,어느 정도 자랑스럽다,2,Q60|Q62,별로 찬성하지 않음,1,Q64|Q65,8
R_4PZTqNl93JNCZ8d,0,여성,경기도,52,고등학교,예,3,더불어민주당,무교,매우 자랑스럽다,매우 자랑스럽다,1,Q60|Q62,별로 찬성하지 않음,1,Q63|Q65,10
R_4hbEhjEK7DEhKV3,1,여성,강원도,31,대학교,예,4,잘 모르겠다,천주교,어느 정도 자랑스럽다,어느 정도 자랑스럽다,1,Q60|Q62,전혀 찬성하지 않음,0,Q64|Q65,10
R_4ToAJTwYjE95GOq,1,여성,경기도,31,대학교,예,2,더불어민주당,무교,별로 자랑스럽지 않다,별로 자랑스럽지 않다,1,Q60|Q62,매우 찬성함,1,Q63|Q65,8
R_4l60bw9NrOwz0Yh,0,남성,경기도,41,대학교,예,4,더불어민주당,무교,어느 정도 자랑스럽다,어느 정도 자랑스럽다,3,Q60|Q62,약간 찬성함,2,Q63|Q65,6
R_4hDYIP9pbGAUdnr,0,여성,경기도,47,고등학교,예,5,잘 모르겠다,무교,별로 자랑스럽지 않다,별로 자랑스럽지 않다,2,Q61|Q62,매우 찬성함,1,Q64|Q65,6
R_4B9aUmPI3KTHymq,0,여성,서울,36,전문 대학교(기술 학교 포함),예,5,잘 모르겠다,무교,어느 정도 자랑스럽다,어느 정도 자랑스럽다,0,Q61|Q62,약간 찬성함,2,Q64|Q65,8
R_4URsn6mpDKteFRD,0,남성,서울,52,전문 대학교(기술 학교 포함),예,2,더불어민주당,무교,어느 정도 자랑스럽다,어느 정도 자랑스럽다,3,Q60|Q62,별로 찬성하지 않음,1,Q64|Q65,7
R_4QybSJYjuReBNID,0,남성,경기도,39,대학교,예,5,잘 모르겠다,무교,어느 정도 자랑스럽다,어느 정도 자랑스럽다,1,Q60|Q62,약간 찬성함,2,Q64|Q65,7
R_41HvITiEt2MrI8R,0,여성,경기도,40,전문 대학교(기술 학교 포함),예,5,잘 모르겠다,무교,매우 자랑스럽다,매우 자랑스럽다,3,Q61|Q62,약간 찬성함,3,Q64|Q65,10
R_4EnlOjj0bCqUlne,0,남성,전남,43,대학교,예,5,잘 모르겠다,무교,매우 자랑스럽다,어느 정도 자랑스럽다,1,Q60|Q62,별로 찬성하지 않음,2,Q64|Q65,8
R_450pDPekPfINO6J,1,여성,전북,42,대학교,예,3,더불어민주당,천주교,어느 정도 자랑스럽다,어느 정도 자랑스럽다,3,Q61|Q62,별로 찬성하지 않음,1,Q64|Q65,10
R_4xQVPsLXMBER8Qh,1,남성,서울,32,전문 대학교(기술 학교 포함),예,6,국민의힘,무교,어느 정도 자랑스럽다,어느 정도 자랑스럽다,1,Q60|Q62,약간 찬성함,2,Q64|Q65,10
R_4QWzycds6Sp3rr9,0,남성,서울,38,대학교,예,5,더불어민주당,무교,어느 정도 자랑스럽다,어느 정도 자랑스럽다,4,Q61|Q62,전혀 찬성하지 않음,3,Q63|Q65,10
R_4JY4lflHaGuOHgM,1,여성,경기도,54,고등학교,예,7,더불어민주당,무교,어느 정도 자랑스럽다,어느 정도 자랑스럽다,2,Q60|Q62,매우 찬성함,3,Q64|Q65,5
R_4gu9xiQ65RmWdl7,1,여성,서울,47,대학교,예,8,잘 모르겠다,무교,어느 정도 자랑스럽다,어느 정도 자랑스럽다,1,Q61|Q62,약간 찬성함,2,Q64|Q65,10
R_42nW1SktiBXWhwR,1,남성,경기도,41,전문 대학교(기술 학교 포함),예,6,더불어민주당,기독교,별로 자랑스럽지 않다,별로 자랑스럽지 않다,0,Q61|Q62,전혀 찬성하지 않음,2,Q64|Q65,3
R_4uKi8980wKFxDFD,1,여성,서울,44,대학교,예,8,더불어민주당,기독교,어느 정도 자랑스럽다,어느 정도 자랑스럽다,3,Q61|Q62,약간 찬성함,3,Q63|Q65,8
R_41bK10mMS1a7k2f,1,여성,경남,39,고등학교,예,5,잘 모르겠다,무교,별로 자랑스럽지 않다,별로 자랑스럽지 않다,1,Q60|Q62,매우 찬성함,4,Q64|Q65,10
R_4ffWKyFErCHNtMJ,0,남성,경북,22,대학교,예,5,잘 모르겠다,무교,어느 정도 자랑스럽다,어느 정도 자랑스럽다,4,Q61|Q62,매우 찬성함,2,Q63|Q65,10
R_40DUCiM7QnTGP3X,1,여성,서울,45,고등학교,예,5,잘 모르겠다,무교,매우 자랑스럽다,어느 정도 자랑스럽다,4,Q61|Q62,매우 찬성함,4,Q64|Q65,10
R_4P894MgL4gm05V2,0,여성,서울,31,대학교,예,8,국민의힘,무교,어느 정도 자랑스럽다,어느 정도 자랑스럽다,2,Q61|Q62,매우 찬성함,3,Q64|Q65,8
R_4gBHKhWS5qqVAcN,0,여성,강원도,26,대학교,예,5,잘 모르겠다,무교,어느 정도 자랑스럽다,어느 정도 자랑스럽다,1,Q60|Q62,매우 찬성함,2,Q64|Q65,10
R_4YET3tN5SHV0wPk,0,여성,서울,28,대학교,예,5,잘 모르겠다,무교,어느 정도 자랑스럽다,어느 정도 자랑스럽다,2,Q61|Q62,약간 찬성함,1,Q63|Q65,10
R_4g0B60egprcmd96,1,여성,서울,42,대학원 이상,예,5,잘 모르겠다,기독교,어느 정도 자랑스럽다,어느 정도 자랑스럽다,4,Q61|Q62,약간 찬성함,2,Q64|Q65,9
R_4YhMbHCkFvhElVL,0,여성,서울,50,대학교,예,6,잘 모르겠다,천주교,어느 정도 자랑스럽다,어느 정도 자랑스럽다,2,Q60|Q62,매우 찬성함,0,Q63|Q65,10
R_4IJ7thgwJyzbbix,0,남성,충북,45,대학교,예,3,더불어민주당,무교,별로 자랑스럽지 않다,별로 자랑스럽지 않다,2,Q61|Q62,약간 찬성함,1,Q64|Q65,7
R_4dusbr1BP3O9dCf,0,여성,경기도,33,대학교,예,5,잘 모르겠다,무교,매우 자랑스럽다,어느 정도 자랑스럽다,1,Q61|Q62,별로 찬성하지 않음,2,Q64|Q65,10
R_4j8iRtUezIu1MLT,0,남성,서울,53,대학교,예,5,더불어민주당,무교,매우 자랑스럽다,매우 자랑스럽다,1,Q60|Q62,별로 찬성하지 않음,1,Q63|Q65,9
R_4ahRoTjzu6qlDLX,1,여성,서울,40,대학교,예,7,다른 정당,기독교,어느 정도 자랑스럽다,어느 정도 자랑스럽다,2,Q61|Q62,전혀 찬성하지 않음,1,Q63|Q65,6
R_4lSIdCoS53WcbTS,1,남성,경남,46,고등학교,예,5,잘 모르겠다,무교,매우 자랑스럽다,매우 자랑스럽다,3,Q60|Q62,약간 찬성함,3,Q63|Q65,5
R_4QnBXdWuCTFzZ5e,1,여성,서울,49,대학교,예,5,더불어민주당,천주교,어느 정도 자랑스럽다,어느 정도 자랑스럽다,2,Q61|Q62,별로 찬성하지 않음,2,Q64|Q65,10
R_4IRkr3sX98uYtm2,1,여성,경남,36,대학교,예,5,더불어민주당,무교,어느 정도 자랑스럽다,매우 자랑스럽다,2,Q61|Q62,약간 찬성함,2,Q64|Q65,8
R_40gpCWngvMQEuhH,0,남성,경기도,45,전문 대학교(기술 학교 포함),예,8,국민의힘,무교,어느 정도 자랑스럽다,어느 정도 자랑스럽다,3,Q61|Q62,매우 찬성함,1,Q63|Q65,7
R_407QZvoyesjqPOV,0,여성,서울,50,대학원 이상,예,8,국민의힘,기독교,어느 정도 자랑스럽다,어느 정도 자랑스럽다,3,Q60|Q62,약간 찬성함,1,Q64|Q65,10
R_4pwQ0wiE8sVNnHP,1,남성,경기도,38,대학교,예,5,잘 모르겠다,무교,전혀 자랑스럽지 않다,전혀 자랑스럽지 않다,1,Q61|Q62,별로 찬성하지 않음,1,Q63|Q65,5
R_4RjzcWlHSlGkCat,0,여성,경남,50,고등학교,예,7,잘 모르겠다,불교,어느 정도 자랑스럽다,어느 정도 자랑스럽다,3,Q61|Q62,약간 찬성함,2,Q64|Q65,9
R_4PEJUTaAHYuYTTb,1,여성,서울,23,대학교,예,5,다른 정당,무교,별로 자랑스럽지 않다,별로 자랑스럽지 않다,3,Q61|Q62,매우 찬성함,3,Q64|Q65,6
R_4C7IqbnSDRD1tNI,0,여성,서울,64,대학교,예,5,국민의힘,무교,어느 정도 자랑스럽다,어느 정도 자랑스럽다,3,Q60|Q62,별로 찬성하지 않음,2,Q63|Q65,8
R_4n9xPkf5emggjXH,0,남성,서울,39,대학교,예,7,국민의힘,무교,별로 자랑스럽지 않다,별로 자랑스럽지 않다,1,Q61|Q62,약간 찬성함,1,Q63|Q65,6
R_41RRvrEyMAO3qlg,1,남성,서울,44,대학교,예,5,다른 정당,무교,전혀 자랑스럽지 않다,전혀 자랑스럽지 않다,0,Q61|Q62,별로 찬성하지 않음,1,Q63|Q65,0
R_4kwaPhr08BPzt2p,0,여성,경기도,34,전문 대학교(기술 학교 포함),예,5,잘 모르겠다,무교,매우 자랑스럽다,어느 정도 자랑스럽다,3,Q61|Q62,약간 찬성함,2,Q64|Q65,10
R_4pZ9sFy4yvQVvAR,0,남성,경기도,40,대학교,예,7,다른 정당,기독교,매우 자랑스럽다,매우 자랑스럽다,3,Q61|Q62,약간 찬성함,1,Q63|Q65,9
R_4Cg1H90wRD85vXB,1,여성,서울,40,전문 대학교(기술 학교 포함),예,5,잘 모르겠다,천주교,어느 정도 자랑스럽다,어느 정도 자랑스럽다,1,Q60|Q62,약간 찬성함,1,Q64|Q65,8
R_4g0jsNDV5PLVGOt,0,남성,서울,38,대학교,예,5,잘 모르겠다,무교,어느 정도 자랑스럽다,어느 정도 자랑스럽다,2,Q61|Q62,별로 찬성하지 않음,1,Q63|Q65,5
R_49gfKoqaAvoyLwr,0,남성,서울,37,대학교,예,5,국민의힘,무교,매우 자랑스럽다,매우 자랑스럽다,2,Q60|Q62,약간 찬성함,2,Q64|Q65,10
R_41lc4JJjUUjQiK5,1,남성,경기도,38,전문 대학교(기술 학교 포함),예,5,잘 모르겠다,기독교,매우 자랑스럽다,매우 자랑스럽다,2,Q60|Q62,매우 찬성함,3,Q64|Q65,10
R_4MAy4xJ8LaV71a8,0,여성,서울,45,대학교,예,5,국민의힘,무교,매우 자랑스럽다,매우 자랑스럽다,4,Q61|Q62,매우 찬성함,2,Q64|Q65,10
R_4sBqeHbpQ9sldSZ,0,여성,전남,54,대학교,예,5,잘 모르겠다,무교,어느 정도 자랑스럽다,어느 정도 자랑스럽다,3,Q61|Q62,별로 찬성하지 않음,2,Q63|Q65,9
R_4omfvfplZGnDgDn,1,남성,서울,52,대학교,예,6,국민의힘,천주교,어느 정도 자랑스럽다,별로 자랑스럽지 않다,3,Q61|Q62,매우 찬성함,1,Q63|Q65,9
R_4GuYVt1oQculWN3,0,여성,전남,53,전문 대학교(기술 학교 포함),예,8,국민의힘,무교,어느 정도 자랑스럽다,매우 자랑스럽다,3,Q60|Q62,약간 찬성함,1,Q63|Q65,10
R_4go1iO1TAcRNfsp,0,남성,강원도,38,대학교,예,5,녹색정의당,무교,별로 자랑스럽지 않다,별로 자랑스럽지 않다,2,Q61|Q62,매우 찬성함,2,Q64|Q65,9
R_41wpXYc8z4S8Oul,1,남성,서울,44,전문 대학교(기술 학교 포함),예,5,다른 정당,기독교,별로 자랑스럽지 않다,별로 자랑스럽지 않다,1,Q60|Q62,별로 찬성하지 않음,3,Q64|Q65,9
R_4O8uaDHhaTL2TYt,1,남성,서울,52,대학교,예,5,잘 모르겠다,불교,어느 정도 자랑스럽다,어느 정도 자랑스럽다,0,Q60|Q62,매우 찬성함,1,Q64|Q65,7
R_4dewsgag5ZvZpuN,1,남성,경기도,50,전문 대학교(기술 학교 포함),예,7,국민의힘,무교,별로 자랑스럽지 않다,별로 자랑스럽지 않다,0,Q61|Q62,매우 찬성함,2,Q64|Q65,1
R_4wspKXZ5nVkvac9,0,남성,서울,51,전문 대학교(기술 학교 포함),예,6,더불어민주당,불교,어느 정도 자랑스럽다,별로 자랑스럽지 않다,2,Q61|Q62,매우 찬성함,2,Q64|Q65,9
R_42Wko4KlL4VfCgN,0,여성,경기도,55,대학교,예,5,더불어민주당,무교,매우 자랑스럽다,매우 자랑스럽다,2,Q60|Q62,전혀 찬성하지 않음,2,Q63|Q65,10
R_4GfvpyRWovaDS01,0,여성,경기도,44,대학교,예,5,잘 모르겠다,무교,어느 정도 자랑스럽다,어느 정도 자랑스럽다,0,Q60|Q62,매우 찬성함,2,Q64|Q65,10
R_4MDyVIWJqeIzEQU,0,남성,서울,54,전문 대학교(기술 학교 포함),예,6,더불어민주당,무교,매우 자랑스럽다,매우 자랑스럽다,0,Q60|Q62,약간 찬성함,2,Q64|Q65,10
R_4Sc4XfRBRXXMqHv,0,남성,서울,41,전문 대학교(기술 학교 포함),예,5,녹색정의당,무교,전혀 자랑스럽지 않다,전혀 자랑스럽지 않다,1,Q60|Q62,전혀 찬성하지 않음,1,Q64|Q65,5
R_4dMOIesZZ8ppyvO,1,남성,경기도,51,대학교,예,6,잘 모르겠다,기독교,어느 정도 자랑스럽다,어느 정도 자랑스럽다,3,Q61|Q62,약간 찬성함,3,Q64|Q65,8
R_4cqPiTpi6xYQNO1,0,남성,서울,27,대학교,예,7,국민의힘,기독교,어느 정도 자랑스럽다,어느 정도 자랑스럽다,3,Q61|Q62,매우 찬성함,1,Q63|Q65,8
R_4hA8jAqUQSXdaRt,1,여성,경기도,26,대학교,예,"10
보수",더불어민주당,무교,매우 자랑스럽다,매우 자랑스럽다,2,Q60|Q62,전혀 찬성하지 않음,1,Q63|Q65,10
R_4CcUhCeneMiZzXW,1,남성,서울,37,대학교,예,5,더불어민주당,기독교,어느 정도 자랑스럽다,어느 정도 자랑스럽다,4,Q61|Q62,전혀 찬성하지 않음,1,Q63|Q65,9
R_4dMpQ8isWSosjWs,1,남성,전남,67,대학교,예,5,더불어민주당,불교,어느 정도 자랑스럽다,어느 정도 자랑스럽다,4,Q61|Q62,전혀 찬성하지 않음,1,Q63|Q65,10
R_4EZjQb8CZ6kG72m,0,남성,경남,54,고등학교,예,5,잘 모르겠다,무교,매우 자랑스럽다,매우 자랑스럽다,2,Q61|Q62,매우 찬성함,2,Q64|Q65,8
R_4SfwOpkYcg3z5EG,1,남성,경기도,52,대학교,예,3,더불어민주당,기독교,어느 정도 자랑스럽다,어느 정도 자랑스럽다,3,Q61|Q62,약간 찬성함,1,Q63|Q65,9
R_4SBQ4EVms5emHor,1,여성,서울,46,대학교,예,5,잘 모르겠다,천주교,매우 자랑스럽다,매우 자랑스럽다,2,Q61|Q62,별로 찬성하지 않음,1,Q64|Q65,9
R_4gvchxwq4XMPbdD,1,남성,경기도,54,대학교,예,6,국민의힘,천주교,어느 정도 자랑스럽다,어느 정도 자랑스럽다,2,Q61|Q62,별로 찬성하지 않음,2,Q63|Q65,6
R_4gDjEOqTkEmbfvX,0,여성,경기도,48,전문 대학교(기술 학교 포함),예,6,더불어민주당,기독교,어느 정도 자랑스럽다,어느 정도 자랑스럽다,1,Q60|Q62,약간 찬성함,1,Q63|Q65,10
R_4dZ1XBfjnK9LY8i,1,여성,서울,29,대학교,예,3,더불어민주당,천주교,어느 정도 자랑스럽다,어느 정도 자랑스럽다,3,Q60|Q62,별로 찬성하지 않음,3,Q63|Q65,10
R_4kY9Ah8yM71Jm7j,1,남성,서울,44,대학교,예,4,더불어민주당,무교,어느 정도 자랑스럽다,어느 정도 자랑스럽다,2,Q61|Q62,매우 찬성함,1,Q63|Q65,5
R_4wS7Y9iTWUb66RR,0,남성,경기도,39,고등학교,예,5,더불어민주당,기타,어느 정도 자랑스럽다,어느 정도 자랑스럽다,3,Q61|Q62,약간 찬성함,2,Q64|Q65,10
R_4X4gYrQl5mAdAaO,0,여성,서울,49,대학원 이상,예,6,국민의힘,무교,어느 정도 자랑스럽다,매우 자랑스럽다,2,Q60|Q62,별로 찬성하지 않음,0,Q63|Q65,9
R_4TzQrWylXRmpKWX,0,남성,서울,53,대학교,예,7,국민의힘,기독교,어느 정도 자랑스럽다,어느 정도 자랑스럽다,2,Q61|Q62,약간 찬성함,3,Q64|Q65,8
R_4S6aP5c7DdVC38a,1,남성,경기도,53,대학교,예,4,더불어민주당,무교,어느 정도 자랑스럽다,어느 정도 자랑스럽다,1,Q60|Q62,약간 찬성함,1,Q64|Q65,7
R_4QE0byNOyuOY79n,0,남성,서울,52,대학교,예,3,더불어민주당,불교,어느 정도 자랑스럽다,어느 정도 자랑스럽다,2,Q60|Q62,약간 찬성함,2,Q63|Q65,9
R_4cefFz2oKJnyjNn,1,남성,경기도,53,대학교,예,5,더불어민주당,불교,매우 자랑스럽다,매우 자랑스럽다,4,Q61|Q62,약간 찬성함,3,Q63|Q65,9
R_42SyVdB3pMH5wKy,0,여성,전북,35,대학교,예,5,잘 모르겠다,기독교,별로 자랑스럽지 않다,별로 자랑스럽지 않다,0,Q61|Q62,약간 찬성함,0,Q63|Q65,8
R_4NdPUdgeZjdPmcF,0,남성,서울,46,대학원 이상,예,4,더불어민주당,기독교,어느 정도 자랑스럽다,어느 정도 자랑스럽다,1,Q60|Q62,전혀 찬성하지 않음,1,Q64|Q65,9
R_4v81UTLdX0wZMlX,1,여성,경기도,54,대학교,예,4,더불어민주당,무교,어느 정도 자랑스럽다,어느 정도 자랑스럽다,3,Q61|Q62,전혀 찬성하지 않음,0,Q64|Q65,10
R_4vkNATdKm2Yh73P,0,남성,경기도,35,고등학교,예,5,잘 모르겠다,무교,매우 자랑스럽다,매우 자랑스럽다,3,Q61|Q62,약간 찬성함,2,Q63|Q65,10
R_4Jis1KVb6sjTKjT,1,남성,경기도,50,대학교,예,9,국민의힘,무교,매우 자랑스럽다,어느 정도 자랑스럽다,1,Q60|Q62,매우 찬성함,1,Q64|Q65,8
R_45TCPDB9l5SJ6dH,0,남성,경기도,41,전문 대학교(기술 학교 포함),예,3,더불어민주당,기독교,어느 정도 자랑스럽다,어느 정도 자랑스럽다,3,Q60|Q62,별로 찬성하지 않음,2,Q63|Q65,7
R_7FlXq8OoFVo3qat,1,남성,서울,34,대학교,예,5,다른 정당,무교,매우 자랑스럽다,어느 정도 자랑스럽다,2,Q60|Q62,전혀 찬성하지 않음,1,Q63|Q65,7
R_6vj3oRdtzXaI54k,0,여성,경기도,34,대학교,예,6,국민의힘,무교,어느 정도 자랑스럽다,어느 정도 자랑스럽다,1,Q61|Q62,약간 찬성함,1,Q64|Q65,8
R_4R3cYQxH5MuSl8R,1,여성,강원도,44,대학교,예,5,더불어민주당,무교,어느 정도 자랑스럽다,어느 정도 자랑스럽다,2,Q61|Q62,약간 찬성함,2,Q64|Q65,9
R_4k1CKqvOSCqvS3s,1,남성,서울,48,대학교,예,2,더불어민주당,천주교,어느 정도 자랑스럽다,어느 정도 자랑스럽다,2,Q60|Q62,매우 찬성함,4,Q64|Q65,10
R_4laOaa7ztzHTcch,0,여성,서울,48,대학교,예,5,다른 정당,무교,별로 자랑스럽지 않다,별로 자랑스럽지 않다,1,Q60|Q62,약간 찬성함,1,Q63|Q65,4
R_4IABlMUa6VpeLHS,1,남성,충남,48,고등학교,예,6,국민의힘,기독교,어느 정도 자랑스럽다,어느 정도 자랑스럽다,3,Q61|Q62,약간 찬성함,2,Q64|Q65,7
R_4slJ1jghMEVxiSt,1,여성,대구,50,대학교,예,6,국민의힘,무교,어느 정도 자랑스럽다,어느 정도 자랑스럽다,1,Q60|Q62,약간 찬성함,2,Q64|Q65,6
R_4aDLETjGbsOxQ0o,1,여성,경기도,32,대학교,예,5,잘 모르겠다,기독교,어느 정도 자랑스럽다,어느 정도 자랑스럽다,2,Q61|Q62,매우 찬성함,1,Q63|Q65,9
R_48RoCJMbz1Clcel,1,남성,서울,53,전문 대학교(기술 학교 포함),예,5,더불어민주당,무교,어느 정도 자랑스럽다,어느 정도 자랑스럽다,1,Q60|Q62,전혀 찬성하지 않음,1,Q64|Q65,9
R_4fDsbsZvBHqaIxz,1,여성,강원도,31,대학교,예,2,더불어민주당,천주교,별로 자랑스럽지 않다,별로 자랑스럽지 않다,1,Q61|Q62,별로 찬성하지 않음,1,Q64|Q65,4
R_4M4qVO0dJbu2xXw,1,남성,경기도,45,대학교,예,5,다른 정당,불교,별로 자랑스럽지 않다,별로 자랑스럽지 않다,3,Q60|Q62,별로 찬성하지 않음,3,Q64|Q65,5
R_4t8d9CMghvRbk3v,1,여성,서울,33,대학교,예,6,더불어민주당,무교,어느 정도 자랑스럽다,어느 정도 자랑스럽다,4,Q61|Q62,매우 찬성함,2,Q63|Q65,5
R_4IX7pzxCmXVbXSF,1,여성,서울,38,대학교,예,5,잘 모르겠다,기독교,어느 정도 자랑스럽다,어느 정도 자랑스럽다,0,Q60|Q62,약간 찬성함,0,Q64|Q65,6
R_4LAs5tYffmgI6pa,0,남성,서울,40,대학원 이상,예,5,잘 모르겠다,무교,별로 자랑스럽지 않다,별로 자랑스럽지 않다,1,Q61|Q62,별로 찬성하지 않음,3,Q64|Q65,6
R_4Bsq0fNgNPwsDSb,1,남성,서울,51,전문 대학교(기술 학교 포함),예,5,국민의힘,무교,매우 자랑스럽다,어느 정도 자랑스럽다,2,Q60|Q62,약간 찬성함,2,Q64|Q65,8
R_4fpZuqjgn6FnrlD,0,여성,서울,52,대학교,예,4,더불어민주당,무교,매우 자랑스럽다,매우 자랑스럽다,4,Q61|Q62,전혀 찬성하지 않음,1,Q64|Q65,10
R_49amDN15vSEajpk,0,여성,경남,50,대학교,예,4,더불어민주당,불교,어느 정도 자랑스럽다,어느 정도 자랑스럽다,1,Q60|Q62,별로 찬성하지 않음,1,Q63|Q65,10
R_47WIeQpD1IfCkkE,1,여성,서울,44,대학원 이상,예,8,국민의힘,무교,별로 자랑스럽지 않다,별로 자랑스럽지 않다,2,Q61|Q62,매우 찬성함,2,Q64|Q65,8
R_4DqjaL9mLgmDw4p,0,여성,경기도,32,대학교,예,4,더불어민주당,천주교,어느 정도 자랑스럽다,어느 정도 자랑스럽다,0,Q60|Q62,별로 찬성하지 않음,1,Q63|Q65,6
R_4q6l4MIvO98BKzn,1,여성,서울,44,대학교,예,5,더불어민주당,불교,어느 정도 자랑스럽다,매우 자랑스럽다,2,Q61|Q62,별로 찬성하지 않음,1,Q63|Q65,8
R_4fJMT0RHbVUuQwo,1,여성,경남,21,대학교,예,6,국민의힘,기독교,매우 자랑스럽다,매우 자랑스럽다,2,Q60|Q62,매우 찬성함,3,Q64|Q65,10
R_4t1I5wKOxpl7mc9,0,남성,서울,41,대학교,예,5,잘 모르겠다,무교,매우 자랑스럽다,매우 자랑스럽다,4,Q61|Q62,약간 찬성함,3,Q64|Q65,10
R_4I9VsOUKv4PDVR3,0,남성,서울,35,대학교,예,5,국민의힘,무교,매우 자랑스럽다,매우 자랑스럽다,4,Q61|Q62,매우 찬성함,4,Q64|Q65,10
R_4QrqIobqVrytEgI,0,여성,경기도,51,고등학교,예,2,더불어민주당,불교,매우 자랑스럽다,어느 정도 자랑스럽다,4,Q61|Q62,별로 찬성하지 않음,2,Q63|Q65,10
R_4OW2hpUfhJDLMpw,1,남성,서울,44,전문 대학교(기술 학교 포함),예,7,더불어민주당,무교,매우 자랑스럽다,매우 자랑스럽다,2,Q60|Q62,매우 찬성함,4,Q64|Q65,9
R_4pevZI1T5wwM4G5,0,남성,경기도,50,대학원 이상,예,6,국민의힘,무교,어느 정도 자랑스럽다,어느 정도 자랑스럽다,3,Q60|Q62,별로 찬성하지 않음,1,Q63|Q65,10
R_4PpppY3VJzaMZ05,0,남성,전북,53,대학원 이상,예,6,잘 모르겠다,무교,어느 정도 자랑스럽다,어느 정도 자랑스럽다,3,Q60|Q62,별로 찬성하지 않음,1,Q63|Q65,8
R_4zMGfSldrb7Cvm5,1,여성,경기도,52,대학교,예,4,더불어민주당,천주교,어느 정도 자랑스럽다,어느 정도 자랑스럽다,2,Q60|Q62,별로 찬성하지 않음,1,Q63|Q65,9
R_4rpLr1OsMvMGxOP,0,여성,서울,52,고등학교,예,5,더불어민주당,무교,어느 정도 자랑스럽다,어느 정도 자랑스럽다,1,Q61|Q62,약간 찬성함,2,Q63|Q65,7
R_4kERxCrULy76pWV,1,여성,서울,54,대학교,예,5,더불어민주당,무교,어느 정도 자랑스럽다,어느 정도 자랑스럽다,2,Q60|Q62,약간 찬성함,1,Q63|Q65,10
R_4BxlKZg4xNkn56E,0,여성,경기도,51,대학원 이상,예,4,더불어민주당,천주교,매우 자랑스럽다,매우 자랑스럽다,2,Q60|Q62,매우 찬성함,1,Q63|Q65,10
R_4Edr77iA2JMIJHt,0,남성,서울,28,전문 대학교(기술 학교 포함),예,5,국민의힘,무교,별로 자랑스럽지 않다,별로 자랑스럽지 않다,1,Q61|Q62,약간 찬성함,1,Q63|Q65,9
R_4fJG57jhwVD3ayj,1,여성,서울,54,대학원 이상,예,2,더불어민주당,무교,어느 정도 자랑스럽다,어느 정도 자랑스럽다,2,Q61|Q62,별로 찬성하지 않음,1,Q63|Q65,10
R_4oimzD6JPzQytiC,0,남성,경남,50,전문 대학교(기술 학교 포함),예,4,더불어민주당,무교,어느 정도 자랑스럽다,어느 정도 자랑스럽다,3,Q61|Q62,별로 찬성하지 않음,2,Q63|Q65,10
R_4jmd2xw7J6PeD8R,1,남성,경남,37,대학교,예,5,더불어민주당,무교,별로 자랑스럽지 않다,별로 자랑스럽지 않다,3,Q61|Q62,약간 찬성함,1,Q64|Q65,8
R_4ayLJesGMhChksc,1,여성,서울,27,대학교,예,5,잘 모르겠다,무교,매우 자랑스럽다,매우 자랑스럽다,3,Q61|Q62,매우 찬성함,2,Q63|Q65,8
R_4BURug6kg5UucgT,0,여성,경기도,25,대학교,예,3,더불어민주당,기독교,어느 정도 자랑스럽다,어느 정도 자랑스럽다,2,Q61|Q62,별로 찬성하지 않음,1,Q64|Q65,10
R_4w1sWbKN8TYzd05,0,남성,서울,50,대학교,예,7,다른 정당,불교,어느 정도 자랑스럽다,어느 정도 자랑스럽다,2,Q60|Q62,매우 찬성함,2,Q64|Q65,8
R_4mf1sajqRoirrOv,0,남성,서울,48,대학교,예,6,국민의힘,무교,별로 자랑스럽지 않다,별로 자랑스럽지 않다,1,Q61|Q62,매우 찬성함,1,Q63|Q65,8
R_4TX1eqaUFu14VoA,1,여성,경기도,52,전문 대학교(기술 학교 포함),예,5,녹색정의당,무교,어느 정도 자랑스럽다,어느 정도 자랑스럽다,4,Q61|Q62,매우 찬성함,1,Q63|Q65,10
R_4FrMLBZnW8hkyH7,1,남성,경기도,53,전문 대학교(기술 학교 포함),예,"1
진보",더불어민주당,무교,어느 정도 자랑스럽다,어느 정도 자랑스럽다,2,Q61|Q62,전혀 찬성하지 않음,2,Q64|Q65,10
R_4gm1BEH4coH6VgZ,1,여성,서울,44,대학교,예,5,잘 모르겠다,무교,어느 정도 자랑스럽다,별로 자랑스럽지 않다,2,Q61|Q62,별로 찬성하지 않음,2,Q64|Q65,8
R_4qJjaLXK6gjnduh,1,남성,경기도,51,대학교,예,8,더불어민주당,무교,어느 정도 자랑스럽다,어느 정도 자랑스럽다,2,Q61|Q62,매우 찬성함,1,Q63|Q65,8
R_45Rt0Y9MjAGSnoS,0,남성,경기도,46,대학교,예,3,더불어민주당,무교,별로 자랑스럽지 않다,별로 자랑스럽지 않다,2,Q60|Q62,전혀 찬성하지 않음,1,Q63|Q65,6
R_4Iroy3k0hmFYKYh,1,여성,서울,35,대학교,예,"10
보수",국민의힘,무교,별로 자랑스럽지 않다,어느 정도 자랑스럽다,1,Q61|Q62,매우 찬성함,2,Q64|Q65,9
R_4jZmmJv3OCDQhH6,0,남성,서울,45,대학교,예,5,더불어민주당,불교,어느 정도 자랑스럽다,어느 정도 자랑스럽다,2,Q60|Q62,약간 찬성함,2,Q64|Q65,6
R_4m8hmeh3LrmkGPh,1,여성,경기도,40,대학원 이상,예,5,잘 모르겠다,천주교,어느 정도 자랑스럽다,어느 정도 자랑스럽다,2,Q60|Q62,약간 찬성함,0,Q63|Q65,9
R_4dEQmv23gOwyUxF,0,여성,경기도,50,전문 대학교(기술 학교 포함),예,5,잘 모르겠다,무교,어느 정도 자랑스럽다,어느 정도 자랑스럽다,2,Q60|Q62,매우 찬성함,2,Q64|Q65,8
R_4QfHOTqG2uPsPiw,1,여성,서울,37,대학교,예,5,더불어민주당,무교,전혀 자랑스럽지 않다,전혀 자랑스럽지 않다,2,Q60|Q62,매우 찬성함,2,Q64|Q65,9
R_4ymRvxwHZDwW69H,1,여성,충남,48,대학교,예,4,더불어민주당,불교,어느 정도 자랑스럽다,어느 정도 자랑스럽다,3,Q60|Q62,별로 찬성하지 않음,1,Q64|Q65,8
R_4GK97uph3lrJL52,0,여성,경기도,48,대학원 이상,예,5,더불어민주당,무교,매우 자랑스럽다,매우 자랑스럽다,2,Q61|Q62,약간 찬성함,2,Q63|Q65,5
R_40EeUvYPexhYGfD,0,남성,서울,34,대학교,예,"1
진보",잘 모르겠다,무교,매우 자랑스럽다,매우 자랑스럽다,3,Q60|Q62,전혀 찬성하지 않음,2,Q64|Q65,7
R_4LDh0yOBr4a981b,0,남성,충남,43,대학교,예,2,더불어민주당,기독교,매우 자랑스럽다,매우 자랑스럽다,3,Q60|Q62,매우 찬성함,3,Q64|Q65,10
R_4BfIWefeDmcZaOQ,1,남성,서울,48,전문 대학교(기술 학교 포함),예,2,더불어민주당,무교,매우 자랑스럽다,매우 자랑스럽다,2,Q60|Q62,별로 찬성하지 않음,1,Q63|Q65,10
R_4nkPCXpyZ0Oguio,0,여성,경기도,41,대학교,예,5,잘 모르겠다,무교,별로 자랑스럽지 않다,별로 자랑스럽지 않다,0,Q60|Q62,매우 찬성함,2,Q64|Q65,9
R_4EQG2Aukd9hatze,1,남성,서울,52,대학교,예,5,더불어민주당,기독교,어느 정도 자랑스럽다,어느 정도 자랑스럽다,2,Q60|Q62,별로 찬성하지 않음,3,Q64|Q65,8
R_4fJNeHx5DotjwpN,0,여성,전남,50,대학교,예,3,더불어민주당,무교,어느 정도 자랑스럽다,어느 정도 자랑스럽다,1,Q60|Q62,별로 찬성하지 않음,1,Q63|Q65,10
R_4hwReSKtrtp1r3P,0,남성,서울,23,대학교,예,"10
보수",국민의힘,천주교,전혀 자랑스럽지 않다,전혀 자랑스럽지 않다,1,Q61|Q62,매우 찬성함,3,Q64|Q65,5
R_4lYAMxwXEN6qG3L,1,여성,서울,41,대학교,예,"10
보수",국민의힘,기독교,별로 자랑스럽지 않다,별로 자랑스럽지 않다,1,Q61|Q62,약간 찬성함,1,Q64|Q65,8
R_4mq7t2IdEriGmXp,1,여성,서울,43,대학교,예,6,국민의힘,불교,매우 자랑스럽다,매우 자랑스럽다,4,Q61|Q62,약간 찬성함,2,Q64|Q65,9
R_4chZBLo04gQTu3P,0,남성,서울,41,대학교,예,5,국민의힘,무교,매우 자랑스럽다,매우 자랑스럽다,1,Q60|Q62,약간 찬성함,2,Q64|Q65,10
R_4dLaZBq5LABVqI9,0,여성,충남,28,대학교,예,5,잘 모르겠다,무교,어느 정도 자랑스럽다,매우 자랑스럽다,1,Q60|Q62,별로 찬성하지 않음,1,Q64|Q65,9
R_4HGut8PGguR3bEJ,0,남성,경기도,39,고등학교,예,6,잘 모르겠다,기독교,별로 자랑스럽지 않다,별로 자랑스럽지 않다,1,Q60|Q62,별로 찬성하지 않음,1,Q64|Q65,7
R_4vbEcjQ4jZtNOq5,1,여성,서울,32,대학교,예,4,잘 모르겠다,무교,별로 자랑스럽지 않다,별로 자랑스럽지 않다,0,Q60|Q62,별로 찬성하지 않음,1,Q64|Q65,6
R_4QHrvu24PoXA7NT,0,남성,경기도,22,고등학교,예,5,잘 모르겠다,무교,어느 정도 자랑스럽다,어느 정도 자랑스럽다,2,Q60|Q62,약간 찬성함,2,Q64|Q65,8
R_40POkVUBunmEzCe,0,여성,충남,62,대학교,예,4,더불어민주당,천주교,어느 정도 자랑스럽다,어느 정도 자랑스럽다,2,Q60|Q62,약간 찬성함,1,Q63|Q65,10
R_4B3mUGYHVMRuz3r,1,여성,서울,63,대학교,예,5,잘 모르겠다,기독교,매우 자랑스럽다,매우 자랑스럽다,3,Q61|Q62,약간 찬성함,2,Q63|Q65,10
R_4aY7GAnNG2BYBQ5,0,남성,서울,43,대학교,예,8,국민의힘,무교,어느 정도 자랑스럽다,어느 정도 자랑스럽다,2,Q60|Q62,별로 찬성하지 않음,1,Q64|Q65,10
R_4ePbCuqn31WKHx3,1,여성,서울,34,대학원 이상,예,8,국민의힘,기독교,매우 자랑스럽다,매우 자랑스럽다,2,Q61|Q62,약간 찬성함,2,Q64|Q65,10
R_42D5vIP7EPo6kAq,1,남성,서울,43,고등학교,예,3,더불어민주당,무교,별로 자랑스럽지 않다,별로 자랑스럽지 않다,2,Q60|Q62,약간 찬성함,1,Q64|Q65,7
R_4kwzwPTJJeZVe9j,1,남성,경기도,48,고등학교,예,"1
진보",다른 정당,기타,전혀 자랑스럽지 않다,전혀 자랑스럽지 않다,0,Q61|Q62,전혀 찬성하지 않음,1,Q63|Q65,2
R_4WIrWDxJPRnbnoh,1,남성,서울,23,고등학교,예,5,잘 모르겠다,무교,어느 정도 자랑스럽다,어느 정도 자랑스럽다,2,Q60|Q62,약간 찬성함,1,Q63|Q65,7
R_4GDnrOui5UaR9i3,1,남성,경기도,28,대학교,예,8,국민의힘,무교,어느 정도 자랑스럽다,어느 정도 자랑스럽다,3,Q61|Q62,전혀 찬성하지 않음,2,Q63|Q65,8
R_4IK3uVx3ZnBHnRt,1,여성,경남,50,대학교,예,6,잘 모르겠다,무교,어느 정도 자랑스럽다,어느 정도 자랑스럽다,2,Q60|Q62,약간 찬성함,2,Q64|Q65,9
R_4gO3BR6xXHFComP,1,남성,경기도,39,대학원 이상,예,5,더불어민주당,무교,별로 자랑스럽지 않다,별로 자랑스럽지 않다,0,Q60|Q62,약간 찬성함,2,Q64|Q65,6
R_4NVzXOVkr21I9H6,1,남성,경북,34,대학교,예,6,더불어민주당,무교,어느 정도 자랑스럽다,어느 정도 자랑스럽다,3,Q61|Q62,약간 찬성함,2,Q63|Q65,6
R_4N5QF3zaFK4Ne4p,0,여성,서울,43,대학교,예,5,더불어민주당,기독교,어느 정도 자랑스럽다,전혀 자랑스럽지 않다,1,Q60|Q62,약간 찬성함,2,Q64|Q65,10
R_4fTuHcG9tzojqjT,1,남성,경기도,51,대학교,예,6,국민의힘,기독교,어느 정도 자랑스럽다,어느 정도 자랑스럽다,2,Q60|Q62,약간 찬성함,3,Q63|Q65,10
R_4zBUBjbiv2WJED2,0,남성,서울,46,대학교,예,6,국민의힘,기독교,어느 정도 자랑스럽다,어느 정도 자랑스럽다,2,Q60|Q62,약간 찬성함,1,Q64|Q65,9
R_43F6KMwXXvEGbw5,0,여성,서울,35,전문 대학교(기술 학교 포함),예,4,녹색정의당,무교,매우 자랑스럽다,매우 자랑스럽다,2,Q60|Q62,약간 찬성함,1,Q63|Q65,7
R_4PaAhVMorEA8zWF,1,남성,경기도,28,전문 대학교(기술 학교 포함),예,5,국민의힘,무교,어느 정도 자랑스럽다,어느 정도 자랑스럽다,2,Q61|Q62,매우 찬성함,1,Q63|Q65,10
R_4k70ABcehbanjx4,1,남성,서울,38,대학원 이상,예,5,잘 모르겠다,무교,어느 정도 자랑스럽다,어느 정도 자랑스럽다,3,Q61|Q62,매우 찬성함,1,Q63|Q65,6
R_4qeyALNMH6C1ePj,0,여성,경기도,55,고등학교,예,"10
보수",국민의힘,기독교,어느 정도 자랑스럽다,어느 정도 자랑스럽다,3,Q61|Q62,매우 찬성함,1,Q63|Q65,10
R_4kxDwxWTs9HeNJT,1,남성,강원도,51,고등학교,예,5,잘 모르겠다,기독교,매우 자랑스럽다,매우 자랑스럽다,1,Q61|Q62,전혀 찬성하지 않음,1,Q64|Q65,7
R_4WTCiJFzJoiawSA,1,남성,서울,38,대학교,예,5,잘 모르겠다,무교,어느 정도 자랑스럽다,어느 정도 자랑스럽다,3,Q61|Q62,약간 찬성함,1,Q63|Q65,10
R_4BgnDQ22S7tYOSl,1,여성,충남,31,고등학교,예,5,잘 모르겠다,무교,어느 정도 자랑스럽다,어느 정도 자랑스럽다,0,Q60|Q62,전혀 찬성하지 않음,0,Q64|Q65,5
R_4dBWUwLwRoH70jL,1,남성,전북,29,전문 대학교(기술 학교 포함),예,5,잘 모르겠다,무교,별로 자랑스럽지 않다,별로 자랑스럽지 않다,0,Q61|Q62,약간 찬성함,3,Q64|Q65,4
R_4MLkXxHJAC6kIW4,0,여성,경기도,24,대학교,예,3,더불어민주당,무교,별로 자랑스럽지 않다,별로 자랑스럽지 않다,2,Q61|Q62,약간 찬성함,1,Q63|Q65,8
R_4coQnPp9oDnPDLb,1,남성,경남,39,대학교,예,6,국민의힘,기독교,별로 자랑스럽지 않다,별로 자랑스럽지 않다,2,Q61|Q62,매우 찬성함,2,Q64|Q65,3
R_43fJGemDBSORXpf,0,여성,강원도,54,대학교,예,5,녹색정의당,무교,어느 정도 자랑스럽다,어느 정도 자랑스럽다,2,Q61|Q62,약간 찬성함,2,Q63|Q65,8
R_4qeblc6T2A886XK,0,여성,경남,23,대학교,예,4,잘 모르겠다,무교,어느 정도 자랑스럽다,어느 정도 자랑스럽다,2,Q61|Q62,약간 찬성함,1,Q63|Q65,7
R_4i2uLEn8HZ7G5tD,1,남성,인천,57,대학교,예,"10
보수",국민의힘,기독교,어느 정도 자랑스럽다,어느 정도 자랑스럽다,1,Q60|Q62,별로 찬성하지 않음,0,Q64|Q65,8
R_4WYdYExX0zyNMoV,1,남성,광주,35,대학교,예,7,국민의힘,천주교,어느 정도 자랑스럽다,매우 자랑스럽다,1,Q60|Q62,약간 찬성함,2,Q64|Q65,5
R_4eXmQLtatJfm2Ma,1,남성,경기도,52,고등학교,예,5,더불어민주당,무교,매우 자랑스럽다,어느 정도 자랑스럽다,4,Q61|Q62,약간 찬성함,2,Q64|Q65,5
R_40OxgDKOcwiVWNO,0,여성,경기도,30,대학교,예,3,더불어민주당,천주교,어느 정도 자랑스럽다,어느 정도 자랑스럽다,3,Q60|Q62,별로 찬성하지 않음,1,Q63|Q65,10
R_4xVIvQ0E4bfriHn,0,남성,충남,45,대학교,예,6,국민의힘,무교,어느 정도 자랑스럽다,어느 정도 자랑스럽다,2,Q60|Q62,별로 찬성하지 않음,1,Q63|Q65,9
R_4QMfQiVOB17llSF,1,남성,강원도,41,대학교,예,5,더불어민주당,무교,매우 자랑스럽다,매우 자랑스럽다,3,Q60|Q62,매우 찬성함,2,Q63|Q65,7
R_47r0zeNC4tKNkTD,0,여성,서울,26,대학교,예,5,국민의힘,기독교,매우 자랑스럽다,매우 자랑스럽다,2,Q60|Q62,약간 찬성함,1,Q63|Q65,10
R_4oZQhKLKucI86c1,0,남성,경기도,44,대학교,예,6,잘 모르겠다,무교,어느 정도 자랑스럽다,어느 정도 자랑스럽다,3,Q60|Q62,약간 찬성함,1,Q63|Q65,9
R_4Ec8lUoP6vBj109,0,남성,서울,53,대학교,예,3,더불어민주당,무교,어느 정도 자랑스럽다,어느 정도 자랑스럽다,3,Q61|Q62,전혀 찬성하지 않음,2,Q64|Q65,6
R_44f1tyCbjylPZry,1,여성,서울,39,전문 대학교(기술 학교 포함),예,5,잘 모르겠다,무교,매우 자랑스럽다,매우 자랑스럽다,1,Q61|Q62,매우 찬성함,1,Q64|Q65,5
R_4awWCFz4HuAJWgr,1,여성,서울,34,대학교,예,5,더불어민주당,불교,어느 정도 자랑스럽다,어느 정도 자랑스럽다,3,Q61|Q62,약간 찬성함,1,Q63|Q65,8
R_4qvyMpJER8yS5z2,0,여성,서울,22,대학교,예,7,녹색정의당,무교,별로 자랑스럽지 않다,별로 자랑스럽지 않다,3,Q60|Q62,별로 찬성하지 않음,2,Q63|Q65,10
R_4MhhymcT2GPDPER,0,남성,경기도,38,대학교,예,6,국민의힘,무교,어느 정도 자랑스럽다,어느 정도 자랑스럽다,3,Q61|Q62,약간 찬성함,2,Q63|Q65,8
R_4cynoZFn0AOzT6F,0,남성,서울,45,대학원 이상,예,6,국민의힘,천주교,어느 정도 자랑스럽다,어느 정도 자랑스럽다,3,Q60|Q62,전혀 찬성하지 않음,2,Q63|Q65,9
R_4E66212MOwOuHrn,1,여성,경기도,52,고등학교,예,5,잘 모르겠다,기타,어느 정도 자랑스럽다,어느 정도 자랑스럽다,4,Q61|Q62,약간 찬성함,2,Q64|Q65,9
R_4EspkbMu3Ul7R27,0,여성,전남,47,대학교,예,5,더불어민주당,무교,별로 자랑스럽지 않다,별로 자랑스럽지 않다,3,Q60|Q62,매우 찬성함,2,Q64|Q65,5
R_4ZEzcgaLnHhlxNq,0,남성,경기도,29,고등학교,예,5,잘 모르겠다,무교,별로 자랑스럽지 않다,별로 자랑스럽지 않다,1,Q61|Q62,약간 찬성함,3,Q64|Q65,5
R_4ZQPmQdwcwuWq5m,1,남성,서울,51,대학교,예,6,국민의힘,무교,어느 정도 자랑스럽다,어느 정도 자랑스럽다,3,Q61|Q62,별로 찬성하지 않음,1,Q63|Q65,9
R_4lLHGkPqlsKMs2r,1,여성,서울,33,전문 대학교(기술 학교 포함),예,5,잘 모르겠다,무교,어느 정도 자랑스럽다,어느 정도 자랑스럽다,0,Q60|Q62,매우 찬성함,1,Q64|Q65,5
R_4c62UVlfBxEekOA,1,남성,경기도,52,대학교,예,5,국민의힘,기독교,어느 정도 자랑스럽다,어느 정도 자랑스럽다,3,Q61|Q62,별로 찬성하지 않음,1,Q63|Q65,8
R_4QtfuTbtjzmWeo1,0,여성,충북,39,대학교,예,5,잘 모르겠다,무교,어느 정도 자랑스럽다,어느 정도 자랑스럽다,1,Q61|Q62,별로 찬성하지 않음,1,Q64|Q65,7
R_4FJuAWnTEcIeJIw,1,남성,경북,40,대학교,예,7,국민의힘,무교,매우 자랑스럽다,매우 자랑스럽다,3,Q60|Q62,매우 찬성함,1,Q63|Q65,10
R_4fTDY6laazQQKt3,0,여성,충남,51,대학교,예,5,국민의힘,무교,어느 정도 자랑스럽다,어느 정도 자랑스럽다,4,Q61|Q62,약간 찬성함,2,Q64|Q65,9
R_4TEH3CPvLilM9Zi,1,여성,경기도,40,대학교,예,5,잘 모르겠다,기타,별로 자랑스럽지 않다,별로 자랑스럽지 않다,1,Q60|Q62,약간 찬성함,1,Q63|Q65,5
R_4WNe9A2sEC1wrlr,0,여성,서울,32,대학교,예,5,더불어민주당,무교,매우 자랑스럽다,매우 자랑스럽다,1,Q60|Q62,별로 찬성하지 않음,2,Q63|Q65,9
R_4fl7kLm0wBY03f6,0,남성,서울,43,대학교,예,5,다른 정당,기독교,어느 정도 자랑스럽다,어느 정도 자랑스럽다,3,Q60|Q62,매우 찬성함,2,Q63|Q65,10
R_4xq3pXcGR9UDjMJ,0,여성,경북,29,고등학교,예,3,더불어민주당,불교,어느 정도 자랑스럽다,어느 정도 자랑스럽다,1,Q61|Q62,별로 찬성하지 않음,1,Q64|Q65,10
R_4dJTJVBhwW3FV9m,0,여성,경남,61,대학교,예,6,국민의힘,무교,어느 정도 자랑스럽다,어느 정도 자랑스럽다,3,Q61|Q62,별로 찬성하지 않음,2,Q64|Q65,9
R_4NwV6V6dDD0jNsd,1,남성,서울,40,대학교,예,5,더불어민주당,천주교,어느 정도 자랑스럽다,어느 정도 자랑스럽다,3,Q61|Q62,약간 찬성함,3,Q64|Q65,10
R_4iebT0za3D42UUH,1,여성,전북,54,대학교,예,4,다른 정당,불교,별로 자랑스럽지 않다,별로 자랑스럽지 않다,1,Q60|Q62,별로 찬성하지 않음,2,Q64|Q65,10
R_4NxtjWRVSImV1uy,1,남성,충북,40,대학교,예,5,더불어민주당,무교,별로 자랑스럽지 않다,별로 자랑스럽지 않다,2,Q61|Q62,약간 찬성함,2,Q64|Q65,8
R_4rPlj0Par0lYt0f,0,여성,서울,37,대학교,예,5,잘 모르겠다,무교,어느 정도 자랑스럽다,어느 정도 자랑스럽다,2,Q60|Q62,약간 찬성함,1,Q63|Q65,8
R_4RYM7taJdFUWEU1,0,여성,서울,40,대학교,예,4,더불어민주당,무교,별로 자랑스럽지 않다,별로 자랑스럽지 않다,1,Q60|Q62,별로 찬성하지 않음,3,Q63|Q65,8
R_4ZHNOHh43GkmJM5,0,여성,경기도,44,대학교,예,5,더불어민주당,천주교,매우 자랑스럽다,매우 자랑스럽다,1,Q60|Q62,매우 찬성함,1,Q64|Q65,10
R_4QMphLFMXWCvZNy,1,여성,서울,21,전문 대학교(기술 학교 포함),예,5,더불어민주당,기독교,매우 자랑스럽다,매우 자랑스럽다,3,Q61|Q62,별로 찬성하지 않음,1,Q64|Q65,10
R_40ncExk8EcPBdIt,0,남성,서울,46,대학원 이상,예,7,국민의힘,천주교,어느 정도 자랑스럽다,어느 정도 자랑스럽다,3,Q61|Q62,약간 찬성함,1,Q63|Q65,10
R_4t5tSIm2gP5obiZ,1,여성,전북,28,고등학교,예,2,더불어민주당,천주교,어느 정도 자랑스럽다,어느 정도 자랑스럽다,1,Q60|Q62,매우 찬성함,0,Q63|Q65,10
R_4EcznJFtWPF2Xeq,0,여성,경기도,56,전문 대학교(기술 학교 포함),예,7,국민의힘,불교,별로 자랑스럽지 않다,별로 자랑스럽지 않다,3,Q60|Q62,매우 찬성함,2,Q64|Q65,5
R_4yfHHBBdLcgp3UD,0,여성,경기도,21,전문 대학교(기술 학교 포함),예,8,더불어민주당,무교,어느 정도 자랑스럽다,매우 자랑스럽다,2,Q60|Q62,매우 찬성함,1,Q63|Q65,6
R_4fJzOODqDfPeyYA,0,남성,서울,49,대학교,예,5,더불어민주당,무교,어느 정도 자랑스럽다,어느 정도 자랑스럽다,3,Q61|Q62,전혀 찬성하지 않음,1,Q64|Q65,7
R_4oeYzddugrexprr,0,여성,경남,19,고등학교,예,"1
진보",더불어민주당,무교,별로 자랑스럽지 않다,별로 자랑스럽지 않다,2,Q60|Q62,약간 찬성함,2,Q64|Q65,10
R_4g1QM7wMibdcziX,1,여성,전북,36,대학교,예,5,다른 정당,무교,매우 자랑스럽다,매우 자랑스럽다,2,Q61|Q62,약간 찬성함,1,Q63|Q65,10
R_4mZ9GErieem8Lst,1,남성,서울,31,고등학교,예,5,잘 모르겠다,기타,어느 정도 자랑스럽다,어느 정도 자랑스럽다,2,Q61|Q62,약간 찬성함,2,Q64|Q65,5
R_4uOclgVedVZh985,1,여성,서울,32,대학교,예,3,더불어민주당,무교,어느 정도 자랑스럽다,어느 정도 자랑스럽다,1,Q61|Q62,매우 찬성함,1,Q64|Q65,6
R_47Em2DOlOW2LbVv,1,남성,서울,53,대학원 이상,예,5,국민의힘,기독교,전혀 자랑스럽지 않다,전혀 자랑스럽지 않다,1,Q60|Q62,전혀 찬성하지 않음,1,Q64|Q65,0
R_4pWSSRMl5KJGvTj,1,여성,경기도,36,전문 대학교(기술 학교 포함),예,5,잘 모르겠다,무교,어느 정도 자랑스럽다,어느 정도 자랑스럽다,2,Q60|Q62,매우 찬성함,1,Q63|Q65,8
R_4fqvEh1G3Ut8gqW,1,남성,경기도,49,대학교,예,5,더불어민주당,무교,별로 자랑스럽지 않다,별로 자랑스럽지 않다,0,Q60|Q62,별로 찬성하지 않음,0,Q64|Q65,9
R_4oBdm5INUYAjIAD,0,남성,서울,25,대학교,예,7,국민의힘,무교,어느 정도 자랑스럽다,어느 정도 자랑스럽다,3,Q60|Q62,별로 찬성하지 않음,2,Q63|Q65,6
R_4nq1Ey70FwSjEGx,0,남성,경기도,51,대학교,예,4,녹색정의당,무교,어느 정도 자랑스럽다,어느 정도 자랑스럽다,2,Q61|Q62,별로 찬성하지 않음,2,Q63|Q65,10
R_4mKrLDtNAWQppi9,0,남성,서울,50,대학교,예,2,더불어민주당,기독교,어느 정도 자랑스럽다,어느 정도 자랑스럽다,4,Q61|Q62,별로 찬성하지 않음,1,Q64|Q65,10
R_42ExgsVnHvdFjUx,0,여성,경기도,52,대학교,예,5,국민의힘,기독교,어느 정도 자랑스럽다,어느 정도 자랑스럽다,1,Q60|Q62,약간 찬성함,2,Q64|Q65,10
R_4E67CZrlinr7wA4,0,남성,경기도,34,전문 대학교(기술 학교 포함),예,7,잘 모르겠다,기타,어느 정도 자랑스럽다,어느 정도 자랑스럽다,1,Q61|Q62,매우 찬성함,2,Q64|Q65,6
R_4gg2UPESm6hByhP,0,여성,대전,29,대학교,예,5,더불어민주당,무교,매우 자랑스럽다,매우 자랑스럽다,3,Q61|Q62,별로 찬성하지 않음,1,Q63|Q65,10
R_4hM8ZCMQdButVCk,0,남성,서울,44,고등학교,예,5,더불어민주당,무교,매우 자랑스럽다,매우 자랑스럽다,1,Q61|Q62,약간 찬성함,1,Q64|Q65,9
R_4INcwIRnzrVdMvT,1,남성,서울,23,고등학교,예,5,잘 모르겠다,기독교,어느 정도 자랑스럽다,어느 정도 자랑스럽다,1,Q60|Q62,약간 찬성함,1,Q64|Q65,9
R_4Amxc2U1fporcv7,0,남성,경북,38,전문 대학교(기술 학교 포함),예,3,더불어민주당,무교,매우 자랑스럽다,매우 자랑스럽다,3,Q61|Q62,약간 찬성함,1,Q64|Q65,10
R_4P0wR4dtXO5cQ1o,1,여성,서울,25,대학교,예,6,더불어민주당,기독교,어느 정도 자랑스럽다,어느 정도 자랑스럽다,2,Q61|Q62,별로 찬성하지 않음,1,Q63|Q65,6
R_4gelBRqymoFN3J8,1,남성,경기도,48,대학교,예,6,국민의힘,불교,매우 자랑스럽다,매우 자랑스럽다,3,Q61|Q62,별로 찬성하지 않음,3,Q64|Q65,9
R_4PUFNoBSbc5SXmM,1,남성,서울,39,대학교,예,5,더불어민주당,무교,어느 정도 자랑스럽다,어느 정도 자랑스럽다,2,Q61|Q62,매우 찬성함,1,Q63|Q65,8
R_4P6R5ZyOs2FERWK,1,여성,경기도,52,대학교,예,5,더불어민주당,무교,어느 정도 자랑스럽다,어느 정도 자랑스럽다,3,Q60|Q62,별로 찬성하지 않음,1,Q63|Q65,7
R_41tvO6KIs6IbSqx,1,남성,경기도,42,고등학교,예,5,잘 모르겠다,기독교,어느 정도 자랑스럽다,매우 자랑스럽다,3,Q60|Q62,별로 찬성하지 않음,1,Q64|Q65,10
R_4rF1AszrwH9oSYN,0,남성,경기도,36,고등학교,예,2,더불어민주당,무교,어느 정도 자랑스럽다,어느 정도 자랑스럽다,2,Q61|Q62,별로 찬성하지 않음,1,Q64|Q65,7
R_42K3CBQlgO2VHzu,1,남성,서울,42,전문 대학교(기술 학교 포함),예,5,잘 모르겠다,무교,어느 정도 자랑스럽다,어느 정도 자랑스럽다,2,Q61|Q62,약간 찬성함,2,Q63|Q65,5
R_4Yb8ukaoqclruGA,0,남성,충북,33,대학교,예,3,잘 모르겠다,무교,별로 자랑스럽지 않다,별로 자랑스럽지 않다,1,Q60|Q62,매우 찬성함,1,Q64|Q65,9
R_4r9yjBzHiUlGNIl,1,여성,서울,39,대학교,예,7,잘 모르겠다,천주교,어느 정도 자랑스럽다,어느 정도 자랑스럽다,3,Q60|Q62,약간 찬성함,1,Q63|Q65,9
R_4o73uo0Vunn6fa6,0,남성,서울,52,대학원 이상,예,5,다른 정당,기독교,전혀 자랑스럽지 않다,전혀 자랑스럽지 않다,3,Q60|Q62,약간 찬성함,3,Q63|Q65,5
R_4pAJGFFTmIXXjty,1,여성,서울,34,대학교,예,4,더불어민주당,무교,어느 정도 자랑스럽다,어느 정도 자랑스럽다,3,Q61|Q62,약간 찬성함,2,Q64|Q65,8
R_47sfhcDXfcVA90J,0,남성,서울,51,대학교,예,5,더불어민주당,기독교,어느 정도 자랑스럽다,어느 정도 자랑스럽다,3,Q61|Q62,별로 찬성하지 않음,1,Q63|Q65,8
R_4fEoqZTHAf9o0JH,0,여성,경기도,46,대학교,예,5,잘 모르겠다,무교,어느 정도 자랑스럽다,어느 정도 자랑스럽다,2,Q61|Q62,약간 찬성함,1,Q63|Q65,9
R_4kcSLTq3my7zqAV,0,남성,경기도,40,대학교,예,5,잘 모르겠다,무교,별로 자랑스럽지 않다,별로 자랑스럽지 않다,0,Q60|Q62,별로 찬성하지 않음,0,Q64|Q65,5
R_4Ljto1Piaevc7VD,0,여성,경남,28,고등학교,예,7,국민의힘,기독교,어느 정도 자랑스럽다,어느 정도 자랑스럽다,1,Q60|Q62,별로 찬성하지 않음,1,Q63|Q65,8
R_4FytpiSK09osN6Z,1,남성,경기도,33,대학원 이상,예,6,잘 모르겠다,무교,별로 자랑스럽지 않다,별로 자랑스럽지 않다,1,Q60|Q62,매우 찬성함,0,Q63|Q65,10
R_43kMnTtc6hPfB7z,0,여성,서울,29,대학교,예,5,잘 모르겠다,무교,어느 정도 자랑스럽다,어느 정도 자랑스럽다,4,Q61|Q62,약간 찬성함,1,Q63|Q65,10
R_4WSiOfjQuCttnAV,1,여성,경기도,61,대학교,예,8,잘 모르겠다,불교,어느 정도 자랑스럽다,어느 정도 자랑스럽다,2,Q60|Q62,별로 찬성하지 않음,1,Q64|Q65,7
R_4Yld8yzO3h7SFtJ,0,남성,경북,26,대학교,예,"10
보수",국민의힘,무교,어느 정도 자랑스럽다,어느 정도 자랑스럽다,1,Q60|Q62,별로 찬성하지 않음,1,Q64|Q65,10
R_4N5hfOnlvF9IxaV,0,남성,경기도,47,대학교,예,8,국민의힘,무교,별로 자랑스럽지 않다,별로 자랑스럽지 않다,1,Q61|Q62,매우 찬성함,1,Q63|Q65,4
R_4HtpQKMFjoisgF5,1,여성,경기도,53,고등학교,예,"1
진보",더불어민주당,무교,어느 정도 자랑스럽다,어느 정도 자랑스럽다,3,Q61|Q62,약간 찬성함,2,Q64|Q65,10
R_4mmECRl8wb6NGdX,1,남성,서울,45,대학교,예,"1
진보",더불어민주당,무교,매우 자랑스럽다,매우 자랑스럽다,3,Q61|Q62,매우 찬성함,2,Q64|Q65,10
R_41jCorywf6Q0UGR,0,여성,경북,40,대학교,예,5,잘 모르겠다,무교,어느 정도 자랑스럽다,어느 정도 자랑스럽다,1,Q61|Q62,별로 찬성하지 않음,1,Q63|Q65,9
R_4MGrqwOsoNMtVjb,0,남성,경기도,29,대학교,예,6,국민의힘,무교,어느 정도 자랑스럽다,어느 정도 자랑스럽다,4,Q61|Q62,매우 찬성함,1,Q63|Q65,10
R_4DvErQHE10mv7WB,0,여성,서울,38,대학교,예,7,국민의힘,불교,매우 자랑스럽다,매우 자랑스럽다,0,Q60|Q62,매우 찬성함,0,Q63|Q65,10
R_4mwnLcDcez19qfI,1,여성,경기도,38,대학교,예,3,잘 모르겠다,무교,어느 정도 자랑스럽다,어느 정도 자랑스럽다,2,Q61|Q62,약간 찬성함,1,Q64|Q65,10
R_4QAOgD1ey2skZ2l,1,남성,서울,52,대학교,예,4,더불어민주당,기타,어느 정도 자랑스럽다,어느 정도 자랑스럽다,2,Q61|Q62,약간 찬성함,2,Q64|Q65,9
R_4SAdZgOWTLJPEUV,0,남성,경기도,35,고등학교,예,5,잘 모르겠다,무교,어느 정도 자랑스럽다,어느 정도 자랑스럽다,0,Q60|Q62,전혀 찬성하지 않음,2,Q64|Q65,9
R_4kB5g2basKw2RLA,0,남성,경기도,53,대학교,예,5,더불어민주당,불교,매우 자랑스럽다,매우 자랑스럽다,4,Q61|Q62,약간 찬성함,2,Q64|Q65,9
R_4258K5qYHq5p9BS,1,여성,경기도,28,대학교,예,4,국민의힘,무교,전혀 자랑스럽지 않다,전혀 자랑스럽지 않다,0,Q60|Q62,매우 찬성함,1,Q63|Q65,0
R_4DYuJbJKPzrwPLa,0,남성,경기도,41,대학교,예,3,더불어민주당,기독교,어느 정도 자랑스럽다,어느 정도 자랑스럽다,2,Q60|Q62,매우 찬성함,2,Q64|Q65,10
R_4LusiHBnwXGqkFX,1,남성,서울,47,대학교,예,5,잘 모르겠다,불교,별로 자랑스럽지 않다,별로 자랑스럽지 않다,2,Q61|Q62,약간 찬성함,1,Q63|Q65,5
R_4G24QlllKWpAPIw,0,남성,서울,46,대학교,예,4,국민의힘,기독교,매우 자랑스럽다,매우 자랑스럽다,2,Q60|Q62,약간 찬성함,3,Q63|Q65,8
R_4ovAiCGnWgP1Q0e,0,여성,경기도,53,고등학교,예,4,더불어민주당,무교,어느 정도 자랑스럽다,어느 정도 자랑스럽다,1,Q60|Q62,별로 찬성하지 않음,0,Q64|Q65,9
R_474SomDF2ekzG1P,1,여성,서울,38,대학교,예,4,더불어민주당,무교,어느 정도 자랑스럽다,매우 자랑스럽다,1,Q60|Q62,별로 찬성하지 않음,1,Q63|Q65,10
R_4qXcZNLwYzN8SKd,1,남성,서울,52,대학원 이상,예,2,더불어민주당,무교,어느 정도 자랑스럽다,어느 정도 자랑스럽다,0,Q60|Q62,전혀 찬성하지 않음,1,Q64|Q65,8
R_4D1t6CV9OYBvrrD,0,남성,서울,33,대학교,예,"10
보수",국민의힘,무교,별로 자랑스럽지 않다,전혀 자랑스럽지 않다,1,Q60|Q62,매우 찬성함,1,Q63|Q65,10
R_4EbvxTgkkcl3ik4,1,여성,서울,50,전문 대학교(기술 학교 포함),예,8,국민의힘,무교,어느 정도 자랑스럽다,어느 정도 자랑스럽다,1,Q60|Q62,별로 찬성하지 않음,1,Q64|Q65,5
R_4bJp2aJZOnOnDiz,0,남성,경북,27,대학교,예,5,더불어민주당,무교,매우 자랑스럽다,매우 자랑스럽다,3,Q60|Q62,전혀 찬성하지 않음,2,Q63|Q65,10
R_4f1Monts6rEd3Fu,1,여성,경북,27,대학교,예,3,잘 모르겠다,무교,어느 정도 자랑스럽다,어느 정도 자랑스럽다,3,Q61|Q62,별로 찬성하지 않음,1,Q63|Q65,10
R_4qWkOdG8buSEqWM,1,남성,서울,42,대학교,예,6,잘 모르겠다,무교,어느 정도 자랑스럽다,어느 정도 자랑스럽다,1,Q60|Q62,매우 찬성함,1,Q63|Q65,10
R_4LZ7Mpje0meIFJn,1,남성,충북,20,고등학교,예,8,국민의힘,무교,어느 정도 자랑스럽다,어느 정도 자랑스럽다,1,Q60|Q62,매우 찬성함,1,Q63|Q65,5
R_4sR2g4WgHBKPrDr,0,여성,서울,45,대학교,예,4,더불어민주당,무교,별로 자랑스럽지 않다,별로 자랑스럽지 않다,2,Q60|Q62,약간 찬성함,1,Q63|Q65,5
R_4DvmVHNllHBsAcV,0,남성,경기도,35,대학교,예,5,잘 모르겠다,무교,어느 정도 자랑스럽다,별로 자랑스럽지 않다,2,Q61|Q62,약간 찬성함,2,Q64|Q65,8
R_4dct6RdeS6vIOdP,0,여성,전북,23,고등학교,예,4,잘 모르겠다,무교,어느 정도 자랑스럽다,어느 정도 자랑스럽다,1,Q61|Q62,별로 찬성하지 않음,0,Q63|Q65,10
R_4Ic2iRXSeJNUHgg,1,남성,서울,51,대학원 이상,예,"1
진보",국민의힘,무교,매우 자랑스럽다,매우 자랑스럽다,1,Q60|Q62,매우 찬성함,4,Q64|Q65,10
R_4Vl2LSsK1v7A3wD,1,남성,서울,54,고등학교,예,4,더불어민주당,불교,어느 정도 자랑스럽다,어느 정도 자랑스럽다,1,Q60|Q62,별로 찬성하지 않음,1,Q63|Q65,7
R_4pYssshCzQPO3LH,0,남성,서울,39,대학교,예,"1
진보",다른 정당,무교,전혀 자랑스럽지 않다,전혀 자랑스럽지 않다,2,Q61|Q62,매우 찬성함,1,Q63|Q65,5
R_4PAyGmwE4COiYXJ,0,남성,충남,52,대학교,예,8,국민의힘,무교,매우 자랑스럽다,매우 자랑스럽다,3,Q61|Q62,매우 찬성함,2,Q63|Q65,10
R_4sdltoXclj9Wo25,0,남성,경기도,45,전문 대학교(기술 학교 포함),예,5,국민의힘,무교,매우 자랑스럽다,매우 자랑스럽다,2,Q60|Q62,전혀 찬성하지 않음,1,Q64|Q65,10
R_4N8rc2XuBlUBGvC,0,남성,경기도,52,대학교,예,5,국민의힘,천주교,어느 정도 자랑스럽다,어느 정도 자랑스럽다,2,Q61|Q62,약간 찬성함,1,Q63|Q65,8
R_4oSY8MfR4uuvKex,0,남성,서울,53,고등학교,예,5,잘 모르겠다,무교,별로 자랑스럽지 않다,별로 자랑스럽지 않다,1,Q61|Q62,약간 찬성함,1,Q64|Q65,5
R_42QzlaSp0hRcJNA,1,여성,경기도,43,고등학교,예,5,잘 모르겠다,기독교,어느 정도 자랑스럽다,어느 정도 자랑스럽다,2,Q61|Q62,약간 찬성함,3,Q63|Q65,7
R_4gh9rZ0HDENG5qG,1,남성,서울,19,고등학교,예,8,국민의힘,무교,전혀 자랑스럽지 않다,전혀 자랑스럽지 않다,0,Q60|Q62,매우 찬성함,1,Q63|Q65,5
R_47rENgd1tTHMOzL,0,남성,서울,30,대학교,예,5,잘 모르겠다,무교,어느 정도 자랑스럽다,어느 정도 자랑스럽다,2,Q61|Q62,약간 찬성함,2,Q64|Q65,3
R_4FRHWL2mRASPfJh,1,여성,서울,43,대학교,예,6,더불어민주당,천주교,어느 정도 자랑스럽다,어느 정도 자랑스럽다,4,Q61|Q62,약간 찬성함,2,Q64|Q65,6
R_41HLgg2RP6biVgt,0,남성,경북,52,고등학교,예,4,더불어민주당,무교,별로 자랑스럽지 않다,별로 자랑스럽지 않다,1,Q61|Q62,약간 찬성함,1,Q63|Q65,8
R_4urXm5B2duaRprr,1,남성,서울,39,대학교,예,8,더불어민주당,기독교,어느 정도 자랑스럽다,어느 정도 자랑스럽다,2,Q60|Q62,전혀 찬성하지 않음,2,Q64|Q65,6
R_43kwceOD6eB5KIR,0,남성,경기도,44,대학교,예,5,잘 모르겠다,무교,어느 정도 자랑스럽다,어느 정도 자랑스럽다,2,Q61|Q62,별로 찬성하지 않음,1,Q64|Q65,10
R_4QKG1rL9iOuGpMB,1,여성,서울,41,고등학교,예,3,더불어민주당,불교,전혀 자랑스럽지 않다,전혀 자랑스럽지 않다,1,Q60|Q62,약간 찬성함,2,Q64|Q65,1
R_4BOwwNhyIxQ5QnD,0,남성,서울,49,대학교,예,5,더불어민주당,무교,어느 정도 자랑스럽다,어느 정도 자랑스럽다,1,Q60|Q62,전혀 찬성하지 않음,2,Q64|Q65,9
R_4z6JzoV06UVeNKH,1,남성,경남,53,대학원 이상,예,4,더불어민주당,기독교,매우 자랑스럽다,매우 자랑스럽다,3,Q60|Q62,별로 찬성하지 않음,2,Q64|Q65,10
R_4erCqjheng4OCn0,1,남성,경기도,48,대학교,예,5,더불어민주당,무교,별로 자랑스럽지 않다,별로 자랑스럽지 않다,3,Q60|Q62,전혀 찬성하지 않음,0,Q64|Q65,10
R_4rdtWvADKBbOwal,0,여성,서울,48,전문 대학교(기술 학교 포함),예,5,국민의힘,기독교,별로 자랑스럽지 않다,어느 정도 자랑스럽다,1,Q61|Q62,약간 찬성함,2,Q64|Q65,10
R_4oYErRDbffiVkmB,0,남성,충남,51,전문 대학교(기술 학교 포함),예,8,더불어민주당,불교,매우 자랑스럽다,매우 자랑스럽다,3,Q61|Q62,약간 찬성함,2,Q63|Q65,10
R_48XQ2JohhFJGFqn,0,남성,경기도,49,전문 대학교(기술 학교 포함),예,6,잘 모르겠다,무교,어느 정도 자랑스럽다,어느 정도 자랑스럽다,2,Q60|Q62,약간 찬성함,1,Q63|Q65,5
R_4IzaAURtdCnBPnd,1,남성,경기도,46,대학교,예,5,잘 모르겠다,무교,어느 정도 자랑스럽다,별로 자랑스럽지 않다,2,Q60|Q62,약간 찬성함,2,Q64|Q65,6
R_4ni30U6fpLdLQAs,0,남성,경남,53,전문 대학교(기술 학교 포함),예,6,잘 모르겠다,무교,별로 자랑스럽지 않다,별로 자랑스럽지 않다,1,Q60|Q62,매우 찬성함,2,Q64|Q65,6
R_4ftGvsgMLd2CpJD,1,남성,경기도,52,대학교,예,5,국민의힘,천주교,어느 정도 자랑스럽다,매우 자랑스럽다,4,Q61|Q62,약간 찬성함,2,Q64|Q65,7
R_4LmcOAoqWjL6Sbv,1,남성,경기도,35,대학교,예,2,녹색정의당,무교,별로 자랑스럽지 않다,별로 자랑스럽지 않다,1,Q61|Q62,약간 찬성함,2,Q64|Q65,2
R_4LU9UJmITxhwFXC,0,남성,경기도,52,대학교,예,7,국민의힘,기독교,어느 정도 자랑스럽다,어느 정도 자랑스럽다,2,Q61|Q62,전혀 찬성하지 않음,1,Q63|Q65,10
R_4tA6vhMAPC2fFnE,0,남성,서울,58,대학교,예,5,다른 정당,기독교,어느 정도 자랑스럽다,어느 정도 자랑스럽다,2,Q61|Q62,매우 찬성함,2,Q63|Q65,9
R_41ZO48hTv3mYWJX,1,여성,경기도,47,대학교,예,6,국민의힘,기독교,어느 정도 자랑스럽다,어느 정도 자랑스럽다,2,Q60|Q62,약간 찬성함,2,Q64|Q65,8
R_4cjseaaf07q9SiR,1,여성,경기도,40,대학교,예,3,더불어민주당,무교,어느 정도 자랑스럽다,어느 정도 자랑스럽다,2,Q61|Q62,약간 찬성함,1,Q63|Q65,9
R_4QLgRwq94CkpYYI,0,여성,서울,40,대학교,예,5,다른 정당,무교,전혀 자랑스럽지 않다,전혀 자랑스럽지 않다,1,Q61|Q62,약간 찬성함,2,Q64|Q65,1
R_4INGHFzZnPoas01,0,여성,충남,51,전문 대학교(기술 학교 포함),예,6,다른 정당,기독교,어느 정도 자랑스럽다,어느 정도 자랑스럽다,2,Q61|Q62,약간 찬성함,2,Q64|Q65,3
R_4vdBmIgTtgoJy3t,1,여성,서울,32,대학교,예,6,다른 정당,기타,매우 자랑스럽다,매우 자랑스럽다,3,Q61|Q62,별로 찬성하지 않음,2,Q63|Q65,10
R_4qfhavvAnhsJIvu,0,여성,경기도,52,대학교,예,3,더불어민주당,무교,별로 자랑스럽지 않다,별로 자랑스럽지 않다,2,Q60|Q62,약간 찬성함,2,Q63|Q65,7
R_4FB1gGKU597ArHX,0,남성,서울,42,대학교,예,4,더불어민주당,무교,어느 정도 자랑스럽다,어느 정도 자랑스럽다,2,Q60|Q62,약간 찬성함,1,Q63|Q65,7
R_4cY2rujEqcklhS5,0,여성,경기도,48,대학교,예,2,더불어민주당,무교,어느 정도 자랑스럽다,어느 정도 자랑스럽다,2,Q60|Q62,별로 찬성하지 않음,1,Q64|Q65,10
R_4dGGCPCkjhlJ7sC,1,남성,서울,54,대학교,예,6,잘 모르겠다,기독교,어느 정도 자랑스럽다,어느 정도 자랑스럽다,2,Q60|Q62,약간 찬성함,1,Q64|Q65,9
R_4Hbns4j2jvl2QKj,0,여성,충북,53,대학원 이상,예,3,더불어민주당,천주교,어느 정도 자랑스럽다,어느 정도 자랑스럽다,2,Q60|Q62,별로 찬성하지 않음,1,Q63|Q65,10
R_4mCSXMxln9Lw2GZ,1,여성,경기도,44,대학교,예,3,더불어민주당,무교,전혀 자랑스럽지 않다,전혀 자랑스럽지 않다,0,Q61|Q62,약간 찬성함,2,Q64|Q65,6
R_439iEWwRYBzJQOD,1,여성,경기도,28,대학교,예,5,더불어민주당,무교,어느 정도 자랑스럽다,어느 정도 자랑스럽다,0,Q61|Q62,약간 찬성함,1,Q63|Q65,5
R_4sGOhOPlMlWfdhD,1,여성,충북,42,전문 대학교(기술 학교 포함),예,"1
진보",더불어민주당,기독교,어느 정도 자랑스럽다,어느 정도 자랑스럽다,2,Q61|Q62,약간 찬성함,1,Q64|Q65,10
R_4o1fQ5sjHJ4OW5Z,0,여성,서울,50,대학교,예,5,국민의힘,기독교,어느 정도 자랑스럽다,어느 정도 자랑스럽다,3,Q61|Q62,약간 찬성함,3,Q64|Q65,5
R_4ANoqfmM9LA0y1s,1,여성,서울,45,대학교,예,7,국민의힘,기독교,어느 정도 자랑스럽다,전혀 자랑스럽지 않다,3,Q61|Q62,약간 찬성함,2,Q64|Q65,10
R_4Gltpu6R15jPKJH,1,여성,충남,33,대학교,예,3,다른 정당,천주교,별로 자랑스럽지 않다,별로 자랑스럽지 않다,2,Q61|Q62,약간 찬성함,1,Q63|Q65,5
R_4dcwY8ScSfowga0,1,남성,경기도,43,대학교,예,4,더불어민주당,무교,매우 자랑스럽다,매우 자랑스럽다,2,Q60|Q62,별로 찬성하지 않음,1,Q63|Q65,9
R_4e3RxOROjMgQbDu,0,남성,서울,40,고등학교,예,5,국민의힘,무교,어느 정도 자랑스럽다,어느 정도 자랑스럽다,2,Q60|Q62,별로 찬성하지 않음,2,Q64|Q65,7
R_4KSDKUg0RuCSXbm,1,남성,경기도,61,전문 대학교(기술 학교 포함),예,5,국민의힘,천주교,어느 정도 자랑스럽다,어느 정도 자랑스럽다,2,Q60|Q62,별로 찬성하지 않음,1,Q63|Q65,10
R_4MbSiruVHAtITC0,0,여성,서울,48,대학교,예,5,잘 모르겠다,무교,어느 정도 자랑스럽다,어느 정도 자랑스럽다,2,Q60|Q62,약간 찬성함,2,Q64|Q65,8
R_4eePeV7TkeqUCrz,0,여성,경기도,43,대학교,예,5,더불어민주당,무교,어느 정도 자랑스럽다,어느 정도 자랑스럽다,1,Q60|Q62,별로 찬성하지 않음,1,Q64|Q65,5
R_4V3KWI0xoX2fg71,0,남성,경기도,40,대학원 이상,예,5,잘 모르겠다,기독교,별로 자랑스럽지 않다,별로 자랑스럽지 않다,0,Q61|Q62,약간 찬성함,1,Q64|Q65,5
R_4YhqjPYh29SNpW7,0,여성,서울,30,대학교,예,5,잘 모르겠다,무교,어느 정도 자랑스럽다,어느 정도 자랑스럽다,1,Q60|Q62,약간 찬성함,1,Q63|Q65,7
R_4m518tHRC3et8xm,1,여성,경기도,38,대학교,예,5,잘 모르겠다,무교,매우 자랑스럽다,매우 자랑스럽다,2,Q61|Q62,별로 찬성하지 않음,1,Q63|Q65,10
R_48xXUb5HleOjPtD,1,남성,경기도,51,전문 대학교(기술 학교 포함),예,7,국민의힘,기독교,어느 정도 자랑스럽다,어느 정도 자랑스럽다,2,Q60|Q62,별로 찬성하지 않음,2,Q64|Q65,6
R_4d5i8DsGS8LvpUm,1,남성,서울,42,대학교,예,6,잘 모르겠다,천주교,어느 정도 자랑스럽다,어느 정도 자랑스럽다,2,Q60|Q62,별로 찬성하지 않음,1,Q63|Q65,10
R_41aIuWO5k5JI3tv,0,여성,경기도,43,대학교,예,3,더불어민주당,천주교,어느 정도 자랑스럽다,어느 정도 자랑스럽다,1,Q60|Q62,매우 찬성함,1,Q64|Q65,10
R_447vqZv23Ge3ofT,0,여성,경남,52,전문 대학교(기술 학교 포함),예,8,국민의힘,불교,매우 자랑스럽다,매우 자랑스럽다,4,Q61|Q62,약간 찬성함,0,Q63|Q65,8
R_4BxYxo19Y3c8fzH,1,남성,경기도,53,대학교,예,4,더불어민주당,무교,어느 정도 자랑스럽다,어느 정도 자랑스럽다,3,Q61|Q62,전혀 찬성하지 않음,1,Q64|Q65,7
R_4wvgOyRTDQQBxjN,1,남성,경기도,45,대학교,예,3,더불어민주당,무교,어느 정도 자랑스럽다,어느 정도 자랑스럽다,1,Q60|Q62,별로 찬성하지 않음,1,Q63|Q65,9
R_4eqMIM4d2dPiVtb,0,여성,서울,64,고등학교,예,7,국민의힘,기독교,매우 자랑스럽다,매우 자랑스럽다,3,Q60|Q62,매우 찬성함,1,Q63|Q65,10
R_49w0S2owsxPRcVr,0,여성,경기도,37,대학교,예,7,잘 모르겠다,불교,어느 정도 자랑스럽다,어느 정도 자랑스럽다,3,Q61|Q62,약간 찬성함,1,Q64|Q65,9
R_4mk2VcYxO2fJzmV,0,남성,서울,50,전문 대학교(기술 학교 포함),예,5,잘 모르겠다,불교,어느 정도 자랑스럽다,어느 정도 자랑스럽다,2,Q60|Q62,약간 찬성함,2,Q63|Q65,6
R_4S1bm8dDoLZNmdj,1,여성,서울,33,대학교,예,5,더불어민주당,무교,별로 자랑스럽지 않다,별로 자랑스럽지 않다,2,Q61|Q62,약간 찬성함,0,Q63|Q65,7
R_4lz6brjBhrnQc40,1,여성,서울,48,대학교,예,6,국민의힘,무교,어느 정도 자랑스럽다,어느 정도 자랑스럽다,3,Q61|Q62,매우 찬성함,1,Q63|Q65,6
R_4MAa9ce7qHVDtYG,0,여성,경기도,43,고등학교,예,5,더불어민주당,무교,별로 자랑스럽지 않다,전혀 자랑스럽지 않다,3,Q60|Q62,별로 찬성하지 않음,3,Q63|Q65,7
R_4zl4dqXaMATq1y1,1,남성,서울,55,대학교,예,7,국민의힘,불교,어느 정도 자랑스럽다,어느 정도 자랑스럽다,3,Q61|Q62,약간 찬성함,1,Q63|Q65,10
R_4Yt5giZifZqRQqk,0,남성,서울,51,대학교,예,6,국민의힘,기독교,매우 자랑스럽다,매우 자랑스럽다,2,Q60|Q62,매우 찬성함,1,Q63|Q65,10
R_4DSvBhh4GA2w39D,1,여성,서울,40,대학교,예,6,국민의힘,천주교,어느 정도 자랑스럽다,어느 정도 자랑스럽다,1,Q60|Q62,약간 찬성함,1,Q63|Q65,10
R_448aoFJ9QMwos4M,0,남성,서울,54,대학교,예,2,더불어민주당,기독교,매우 자랑스럽다,매우 자랑스럽다,4,Q61|Q62,별로 찬성하지 않음,2,Q63|Q65,10
R_4hZqLd952Of9pvP,0,여성,서울,52,대학교,예,6,잘 모르겠다,무교,매우 자랑스럽다,매우 자랑스럽다,4,Q61|Q62,약간 찬성함,1,Q64|Q65,9
R_4lItAFWVLwIQlEt,1,여성,서울,45,대학교,예,5,잘 모르겠다,무교,어느 정도 자랑스럽다,어느 정도 자랑스럽다,2,Q60|Q62,약간 찬성함,1,Q64|Q65,8
R_4R7zZNOfMUd21Vc,0,남성,전남,50,대학교,예,4,더불어민주당,기독교,매우 자랑스럽다,매우 자랑스럽다,2,Q61|Q62,별로 찬성하지 않음,1,Q63|Q65,10
R_4rHGq5VTpkmUpsi,0,여성,서울,38,대학교,예,2,잘 모르겠다,천주교,어느 정도 자랑스럽다,어느 정도 자랑스럽다,1,Q60|Q62,약간 찬성함,1,Q63|Q65,7
R_4tlNHIlWcN0FEMS,0,여성,서울,38,고등학교,예,5,잘 모르겠다,무교,어느 정도 자랑스럽다,어느 정도 자랑스럽다,1,Q61|Q62,매우 찬성함,2,Q64|Q65,10
R_4HFY4Vgw3g6zzMR,0,남성,경북,60,대학교,예,5,잘 모르겠다,불교,어느 정도 자랑스럽다,어느 정도 자랑스럽다,4,Q61|Q62,약간 찬성함,1,Q64|Q65,8
R_4WmlvDVj8XUvpHb,0,여성,경기도,52,대학교,예,2,더불어민주당,무교,어느 정도 자랑스럽다,어느 정도 자랑스럽다,1,Q60|Q62,전혀 찬성하지 않음,1,Q63|Q65,6
R_4hIHvG0Bsnbxt7j,1,남성,서울,49,대학원 이상,예,6,국민의힘,무교,매우 자랑스럽다,매우 자랑스럽다,2,Q60|Q62,별로 찬성하지 않음,2,Q64|Q65,7
R_4TzTVd43hnIdnpG,0,남성,서울,45,대학교,예,6,잘 모르겠다,기독교,별로 자랑스럽지 않다,별로 자랑스럽지 않다,1,Q61|Q62,매우 찬성함,0,Q63|Q65,9
R_4mL80ehC5ImfGWt,0,여성,서울,52,대학교,예,4,더불어민주당,무교,어느 정도 자랑스럽다,별로 자랑스럽지 않다,2,Q60|Q62,별로 찬성하지 않음,2,Q63|Q65,9
R_4QQVFokDsqX9snh,0,여성,경기도,36,고등학교,예,5,잘 모르겠다,무교,매우 자랑스럽다,매우 자랑스럽다,3,Q60|Q62,매우 찬성함,1,Q64|Q65,10
R_4q88voOLQd8hRC5,0,여성,서울,24,고등학교,예,7,잘 모르겠다,무교,어느 정도 자랑스럽다,어느 정도 자랑스럽다,2,Q61|Q62,별로 찬성하지 않음,3,Q63|Q65,5
R_4dSBgNkzYBgUYh1,0,남성,서울,43,대학원 이상,예,3,녹색정의당,불교,어느 정도 자랑스럽다,어느 정도 자랑스럽다,2,Q60|Q62,별로 찬성하지 않음,1,Q63|Q65,8
R_4OkGJ72Lmc2NZ36,0,남성,충북,38,고등학교,예,5,더불어민주당,기독교,어느 정도 자랑스럽다,어느 정도 자랑스럽다,2,Q61|Q62,약간 찬성함,1,Q63|Q65,9
R_4CYcLncIdA4hhAd,1,여성,서울,54,고등학교,예,7,녹색정의당,불교,어느 정도 자랑스럽다,어느 정도 자랑스럽다,2,Q60|Q62,매우 찬성함,2,Q63|Q65,6
R_4rIeGPjxqymgw9Y,1,남성,경기도,61,전문 대학교(기술 학교 포함),예,8,국민의힘,불교,어느 정도 자랑스럽다,매우 자랑스럽다,3,Q60|Q62,별로 찬성하지 않음,0,Q64|Q65,10
R_4EFyPUpDt9A01A7,1,남성,경기도,33,대학교,예,9,국민의힘,불교,매우 자랑스럽다,매우 자랑스럽다,4,Q61|Q62,약간 찬성함,3,Q63|Q65,9
R_48LfalYmjz93W7f,0,남성,서울,19,고등학교,예,8,국민의힘,무교,전혀 자랑스럽지 않다,전혀 자랑스럽지 않다,0,Q60|Q62,매우 찬성함,1,Q64|Q65,5
R_4AG7goHnCsZlQ6X,0,여성,경기도,42,대학교,예,5,잘 모르겠다,무교,어느 정도 자랑스럽다,어느 정도 자랑스럽다,3,Q61|Q62,약간 찬성함,1,Q64|Q65,6
R_4ruZc2HQq6bBp1j,0,남성,서울,33,고등학교,예,6,녹색정의당,불교,어느 정도 자랑스럽다,매우 자랑스럽다,2,Q60|Q62,매우 찬성함,1,Q63|Q65,4
R_4rJSIz3tb61KWcu,0,남성,서울,27,대학교,예,3,더불어민주당,기독교,어느 정도 자랑스럽다,어느 정도 자랑스럽다,4,Q61|Q62,약간 찬성함,3,Q64|Q65,8
R_4pLj8TvOVwiCqOV,0,여성,경남,35,대학원 이상,예,5,잘 모르겠다,무교,매우 자랑스럽다,매우 자랑스럽다,1,Q60|Q62,별로 찬성하지 않음,1,Q63|Q65,10
R_4ZPpGxhT8MfcuZj,0,여성,서울,44,대학교,예,5,잘 모르겠다,무교,어느 정도 자랑스럽다,어느 정도 자랑스럽다,4,Q61|Q62,전혀 찬성하지 않음,1,Q64|Q65,7
R_4SAGuwE8haRNHgJ,0,남성,경기도,47,대학교,예,6,국민의힘,기독교,별로 자랑스럽지 않다,별로 자랑스럽지 않다,1,Q60|Q62,약간 찬성함,1,Q63|Q65,5
R_4xrTRBrXNyVqTL3,0,남성,경기도,60,대학교,예,5,다른 정당,기독교,어느 정도 자랑스럽다,어느 정도 자랑스럽다,4,Q61|Q62,전혀 찬성하지 않음,1,Q64|Q65,10
R_4YKhauq2o5mhsZj,0,남성,서울,47,대학원 이상,예,4,더불어민주당,기독교,어느 정도 자랑스럽다,어느 정도 자랑스럽다,3,Q61|Q62,전혀 찬성하지 않음,1,Q63|Q65,10
R_4TaLqLyf2CCyxqx,0,남성,경북,50,대학교,예,5,더불어민주당,천주교,매우 자랑스럽다,매우 자랑스럽다,3,Q60|Q62,약간 찬성함,3,Q63|Q65,8
R_4ONed5E2TUPIbTF,0,여성,경북,48,대학교,예,5,잘 모르겠다,불교,어느 정도 자랑스럽다,어느 정도 자랑스럽다,2,Q61|Q62,약간 찬성함,1,Q63|Q65,5
R_4PC0UyxGfSJq9B4,1,남성,경기도,51,대학교,예,5,잘 모르겠다,무교,어느 정도 자랑스럽다,어느 정도 자랑스럽다,2,Q60|Q62,전혀 찬성하지 않음,1,Q64|Q65,7
R_4dLYzViX5Ih2hwR,1,남성,경남,29,고등학교,예,6,더불어민주당,무교,어느 정도 자랑스럽다,어느 정도 자랑스럽다,3,Q61|Q62,매우 찬성함,1,Q63|Q65,8
R_4nSNGk3jqrkQOYQ,1,여성,경기도,39,대학교,예,6,잘 모르겠다,무교,어느 정도 자랑스럽다,매우 자랑스럽다,2,Q60|Q62,매우 찬성함,2,Q64|Q65,10
R_4X0Zk3wmUDAOuc7,1,남성,경기도,54,전문 대학교(기술 학교 포함),예,5,더불어민주당,무교,어느 정도 자랑스럽다,별로 자랑스럽지 않다,2,Q61|Q62,매우 찬성함,1,Q63|Q65,7
R_4lmDoVafJbLPTdH,0,남성,경기도,51,대학교,예,3,더불어민주당,불교,어느 정도 자랑스럽다,어느 정도 자랑스럽다,4,Q61|Q62,별로 찬성하지 않음,1,Q63|Q65,7
R_4y2vImArHnpJeas,1,남성,경남,37,고등학교,예,5,다른 정당,무교,전혀 자랑스럽지 않다,별로 자랑스럽지 않다,1,Q60|Q62,매우 찬성함,1,Q64|Q65,8
R_4flU7STFG4x7CB7,0,남성,강원도,49,대학교,예,8,국민의힘,무교,어느 정도 자랑스럽다,어느 정도 자랑스럽다,1,Q60|Q62,별로 찬성하지 않음,1,Q64|Q65,10
R_429tGYsdhZTufDP,0,남성,경기도,22,전문 대학교(기술 학교 포함),예,4,국민의힘,무교,어느 정도 자랑스럽다,어느 정도 자랑스럽다,3,Q61|Q62,약간 찬성함,2,Q64|Q65,6
R_4qsySlQKKQmee7j,0,여성,서울,29,대학교,예,6,국민의힘,무교,어느 정도 자랑스럽다,어느 정도 자랑스럽다,2,Q60|Q62,매우 찬성함,1,Q63|Q65,6
R_4SJR7UgnMftIhd7,1,남성,경기도,43,대학교,예,3,더불어민주당,무교,어느 정도 자랑스럽다,어느 정도 자랑스럽다,0,Q60|Q62,전혀 찬성하지 않음,1,Q63|Q65,9
R_4KdO8UTy1UxNEFb,1,여성,서울,44,대학교,예,6,잘 모르겠다,무교,어느 정도 자랑스럽다,어느 정도 자랑스럽다,4,Q61|Q62,별로 찬성하지 않음,2,Q63|Q65,8
R_49FzYMVxS7QIvRL,0,남성,경기도,45,대학교,예,6,더불어민주당,무교,어느 정도 자랑스럽다,어느 정도 자랑스럽다,3,Q61|Q62,별로 찬성하지 않음,1,Q64|Q65,9
R_43xTRpRlaJ2amOw,1,남성,서울,45,대학교,예,4,더불어민주당,천주교,별로 자랑스럽지 않다,별로 자랑스럽지 않다,1,Q60|Q62,약간 찬성함,1,Q63|Q65,5
R_41QqcQBbsVZ3ymy,1,남성,서울,50,대학교,예,5,더불어민주당,천주교,어느 정도 자랑스럽다,어느 정도 자랑스럽다,1,Q60|Q62,별로 찬성하지 않음,1,Q63|Q65,7
R_4aWwpJwktm0cCs2,1,여성,서울,19,대학교,예,6,더불어민주당,불교,어느 정도 자랑스럽다,어느 정도 자랑스럽다,3,Q61|Q62,약간 찬성함,2,Q64|Q65,8
R_4pm9TrvhNsl7LSw,1,남성,경북,33,전문 대학교(기술 학교 포함),예,"1
진보",더불어민주당,기독교,매우 자랑스럽다,매우 자랑스럽다,3,Q60|Q62,매우 찬성함,1,Q63|Q65,10
R_4Og29Ge9zhIUJQl,0,여성,경북,50,대학원 이상,예,3,더불어민주당,천주교,별로 자랑스럽지 않다,별로 자랑스럽지 않다,1,Q61|Q62,매우 찬성함,2,Q64|Q65,8
R_45WqiEEwH1vSrhw,0,여성,경기도,31,대학교,예,5,잘 모르겠다,무교,어느 정도 자랑스럽다,어느 정도 자랑스럽다,2,Q61|Q62,매우 찬성함,2,Q64|Q65,8
R_4rGo4YMU4ypJ4Mr,1,남성,충북,26,고등학교,예,3,녹색정의당,무교,별로 자랑스럽지 않다,별로 자랑스럽지 않다,0,Q61|Q62,매우 찬성함,1,Q64|Q65,5
R_4k00LVZm2Msi1hH,0,남성,경기도,52,대학교,예,5,더불어민주당,불교,매우 자랑스럽다,매우 자랑스럽다,3,Q60|Q62,매우 찬성함,1,Q64|Q65,10
R_4kFYaC0iBCjf6RO,1,여성,서울,41,고등학교,예,5,더불어민주당,무교,어느 정도 자랑스럽다,어느 정도 자랑스럽다,1,Q61|Q62,약간 찬성함,1,Q64|Q65,9
R_40tLjuaSaAoBtV9,1,남성,경기도,22,대학교,예,5,국민의힘,천주교,어느 정도 자랑스럽다,어느 정도 자랑스럽다,3,Q60|Q62,별로 찬성하지 않음,2,Q63|Q65,10
R_4DHoeoOdb1Kicsp,0,남성,전북,52,대학교,예,5,잘 모르겠다,기독교,어느 정도 자랑스럽다,별로 자랑스럽지 않다,3,Q61|Q62,전혀 찬성하지 않음,1,Q63|Q65,9
R_4p3CgY4wjundMa3,0,여성,경북,43,대학교,예,6,국민의힘,무교,어느 정도 자랑스럽다,어느 정도 자랑스럽다,2,Q60|Q62,약간 찬성함,1,Q63|Q65,8
R_4i8mjEdfbO8pWaY,1,남성,경기도,53,대학원 이상,예,4,더불어민주당,불교,어느 정도 자랑스럽다,어느 정도 자랑스럽다,3,Q60|Q62,전혀 찬성하지 않음,1,Q64|Q65,7
R_4ncOD6SBYaYA6LD,1,남성,서울,49,대학교,예,5,더불어민주당,무교,어느 정도 자랑스럽다,어느 정도 자랑스럽다,2,Q61|Q62,별로 찬성하지 않음,1,Q64|Q65,8
R_4fkYORpJkEP49Z7,0,남성,서울,42,대학교,예,4,더불어민주당,무교,매우 자랑스럽다,매우 자랑스럽다,3,Q60|Q62,약간 찬성함,1,Q63|Q65,10
R_4KArZcjb38PGbW0,1,남성,서울,38,대학교,예,5,더불어민주당,천주교,어느 정도 자랑스럽다,어느 정도 자랑스럽다,3,Q60|Q62,매우 찬성함,0,Q63|Q65,10
R_4OTxQks3xQK4DEt,1,남성,서울,57,대학교,예,2,더불어민주당,무교,어느 정도 자랑스럽다,어느 정도 자랑스럽다,2,Q61|Q62,약간 찬성함,2,Q64|Q65,9
R_4iBZoJPE6cene34,0,여성,경기도,46,대학교,예,5,잘 모르겠다,무교,어느 정도 자랑스럽다,어느 정도 자랑스럽다,3,Q61|Q62,매우 찬성함,1,Q63|Q65,9
R_4ocm5Xg6SdL4MJH,0,남성,서울,40,대학원 이상,예,8,다른 정당,불교,매우 자랑스럽다,매우 자랑스럽다,3,Q60|Q62,매우 찬성함,0,Q63|Q65,10
R_4dLH7JEv5qu5ODg,0,여성,전남,35,대학교,예,6,더불어민주당,이슬람교,매우 자랑스럽다,어느 정도 자랑스럽다,3,Q61|Q62,약간 찬성함,0,Q64|Q65,4
R_4gHlHxMXDV5XkEz,1,남성,서울,48,대학교,예,2,더불어민주당,불교,어느 정도 자랑스럽다,어느 정도 자랑스럽다,3,Q60|Q62,매우 찬성함,1,Q63|Q65,10
R_4P6HqW5x1TzGh69,0,남성,제주,66,전문 대학교(기술 학교 포함),예,6,잘 모르겠다,기독교,매우 자랑스럽다,매우 자랑스럽다,3,Q61|Q62,매우 찬성함,3,Q64|Q65,10
R_407BHYwRoV3YRYQ,0,남성,경남,47,전문 대학교(기술 학교 포함),예,5,잘 모르겠다,무교,어느 정도 자랑스럽다,어느 정도 자랑스럽다,0,Q60|Q62,매우 찬성함,0,Q64|Q65,7
R_4OZ1hlUyNmaxPah,1,남성,서울,39,고등학교,예,5,더불어민주당,기타,별로 자랑스럽지 않다,별로 자랑스럽지 않다,0,Q61|Q62,별로 찬성하지 않음,0,Q64|Q65,3
R_4aryDtvtEBdIzFz,1,남성,서울,54,고등학교,예,5,잘 모르겠다,불교,어느 정도 자랑스럽다,어느 정도 자랑스럽다,3,Q61|Q62,별로 찬성하지 않음,2,Q64|Q65,10
R_4hG6vvHtpNmiHLJ,0,남성,서울,27,전문 대학교(기술 학교 포함),예,7,더불어민주당,천주교,어느 정도 자랑스럽다,어느 정도 자랑스럽다,2,Q60|Q62,매우 찬성함,2,Q64|Q65,10
R_4DBdqt24LjY8yoo,1,여성,서울,29,전문 대학교(기술 학교 포함),예,5,국민의힘,무교,어느 정도 자랑스럽다,어느 정도 자랑스럽다,1,Q61|Q62,약간 찬성함,3,Q64|Q65,9
R_4imLiGRXtfv5Uo0,0,여성,서울,23,대학교,예,5,잘 모르겠다,무교,어느 정도 자랑스럽다,어느 정도 자랑스럽다,3,Q60|Q62,별로 찬성하지 않음,0,Q64|Q65,6
R_4cSrXmevvjnIm2F,1,남성,강원도,52,대학교,예,7,국민의힘,무교,어느 정도 자랑스럽다,어느 정도 자랑스럽다,0,Q60|Q62,별로 찬성하지 않음,1,Q63|Q65,7
R_4BqDdRaSXz9elJX,0,남성,충남,19,고등학교,예,,국민의힘,기독교,매우 자랑스럽다,매우 자랑스럽다,2,Q60|Q62,매우 찬성함,2,Q64|Q65,2
R_4etRgYjZpjZS72M,0,남성,경기도,41,대학교,예,5,더불어민주당,기독교,어느 정도 자랑스럽다,어느 정도 자랑스럽다,2,Q60|Q62,전혀 찬성하지 않음,1,Q64|Q65,8
R_4J1NYhRQB5VL2Oh,1,여성,전북,50,대학교,예,5,더불어민주당,천주교,전혀 자랑스럽지 않다,전혀 자랑스럽지 않다,1,Q61|Q62,전혀 찬성하지 않음,2,Q64|Q65,5
R_4s7z07NYpTmBiM2,1,여성,서울,43,대학교,예,5,잘 모르겠다,무교,매우 자랑스럽다,매우 자랑스럽다,1,Q60|Q62,약간 찬성함,2,Q64|Q65,10
R_4w7xzMD2sMCn9OS,0,여성,충북,37,대학교,예,6,잘 모르겠다,무교,어느 정도 자랑스럽다,어느 정도 자랑스럽다,0,Q61|Q62,별로 찬성하지 않음,0,Q63|Q65,10
R_4qwsARqkHvtNmGf,1,여성,서울,28,전문 대학교(기술 학교 포함),예,5,더불어민주당,불교,매우 자랑스럽다,매우 자랑스럽다,2,Q60|Q62,별로 찬성하지 않음,3,Q63|Q65,7
R_4KiN6nYwdeJVgNd,1,남성,경기도,34,전문 대학교(기술 학교 포함),예,4,더불어민주당,기독교,어느 정도 자랑스럽다,별로 자랑스럽지 않다,1,Q61|Q62,매우 찬성함,2,Q64|Q65,7
R_4dIMWol504GPF7z,0,남성,서울,49,대학교,예,7,국민의힘,천주교,어느 정도 자랑스럽다,어느 정도 자랑스럽다,3,Q61|Q62,약간 찬성함,2,Q64|Q65,10
R_4JvrFG6H5oiKmbf,0,여성,서울,54,대학교,예,9,국민의힘,무교,매우 자랑스럽다,매우 자랑스럽다,1,Q60|Q62,매우 찬성함,1,Q64|Q65,10
R_4QfByKfRH51nfCp,1,여성,대전,24,대학원 이상,예,3,더불어민주당,유대교,어느 정도 자랑스럽다,어느 정도 자랑스럽다,3,Q60|Q62,매우 찬성함,4,Q64|Q65,4
R_4qIrNEJetXEIJtH,0,여성,충남,47,고등학교,예,4,더불어민주당,무교,어느 정도 자랑스럽다,어느 정도 자랑스럽다,1,Q60|Q62,매우 찬성함,2,Q64|Q65,8
R_4ctJw9r6MLUeiI7,1,남성,전남,42,대학원 이상,예,6,잘 모르겠다,불교,어느 정도 자랑스럽다,어느 정도 자랑스럽다,2,Q60|Q62,약간 찬성함,2,Q64|Q65,8
R_4G8QPMFXBI0POd4,0,남성,경기도,53,대학교,예,5,다른 정당,무교,어느 정도 자랑스럽다,어느 정도 자랑스럽다,1,Q60|Q62,약간 찬성함,2,Q64|Q65,9
R_42RtiHJ0cZR70Yu,0,남성,경기도,44,대학교,예,3,잘 모르겠다,천주교,별로 자랑스럽지 않다,별로 자랑스럽지 않다,2,Q60|Q62,매우 찬성함,2,Q63|Q65,6
R_4RlCvfHZDmxRplv,1,남성,경기도,32,고등학교,예,2,더불어민주당,기독교,어느 정도 자랑스럽다,매우 자랑스럽다,2,Q60|Q62,약간 찬성함,1,Q64|Q65,7
R_414VakwCCwwyyRe,0,남성,서울,30,대학교,예,6,국민의힘,불교,어느 정도 자랑스럽다,어느 정도 자랑스럽다,1,Q60|Q62,매우 찬성함,0,Q63|Q65,10
R_4T6ew2Bdee7x6jD,1,여성,서울,48,대학교,예,8,국민의힘,기독교,어느 정도 자랑스럽다,어느 정도 자랑스럽다,1,Q60|Q62,매우 찬성함,0,Q63|Q65,6
R_4ZQTZi1KISOvKSJ,1,남성,서울,56,대학교,예,5,잘 모르겠다,무교,어느 정도 자랑스럽다,어느 정도 자랑스럽다,2,Q61|Q62,별로 찬성하지 않음,1,Q64|Q65,7
R_4rUt8dd1upic06I,1,여성,서울,32,대학교,예,4,더불어민주당,무교,어느 정도 자랑스럽다,어느 정도 자랑스럽다,3,Q60|Q62,별로 찬성하지 않음,2,Q64|Q65,8
R_4jSEyYz9hSGv1vi,1,여성,강원도,25,전문 대학교(기술 학교 포함),예,6,잘 모르겠다,기타,별로 자랑스럽지 않다,별로 자랑스럽지 않다,1,Q60|Q62,전혀 찬성하지 않음,3,Q63|Q65,10
R_4ikXT36GY7YRxXN,0,남성,서울,40,대학원 이상,예,8,국민의힘,불교,매우 자랑스럽다,매우 자랑스럽다,2,Q60|Q62,별로 찬성하지 않음,2,Q63|Q65,8
R_4Q2avHcWEA5dPq1,1,남성,경남,49,대학교,예,5,더불어민주당,무교,어느 정도 자랑스럽다,어느 정도 자랑스럽다,4,Q61|Q62,약간 찬성함,3,Q63|Q65,9
R_4UgDiQOTevafckF,0,여성,서울,40,대학교,예,5,잘 모르겠다,무교,별로 자랑스럽지 않다,별로 자랑스럽지 않다,1,Q60|Q62,약간 찬성함,1,Q63|Q65,6
R_45NiDWaaLQIMrc0,0,여성,서울,27,대학교,예,7,국민의힘,무교,어느 정도 자랑스럽다,어느 정도 자랑스럽다,4,Q61|Q62,약간 찬성함,1,Q63|Q65,7
R_4qqILwJErLFvzfu,1,여성,충북,55,고등학교,예,5,잘 모르겠다,무교,어느 정도 자랑스럽다,어느 정도 자랑스럽다,1,Q60|Q62,약간 찬성함,4,Q64|Q65,10
R_4H7VyuCcMfgjQhA,1,남성,서울,27,대학교,예,8,국민의힘,무교,어느 정도 자랑스럽다,어느 정도 자랑스럽다,4,Q61|Q62,별로 찬성하지 않음,1,Q64|Q65,8
R_4QRSKlVC7IfCCeX,0,남성,경기도,44,고등학교,예,5,다른 정당,무교,어느 정도 자랑스럽다,어느 정도 자랑스럽다,1,Q60|Q62,약간 찬성함,1,Q63|Q65,8
R_4V4QFzIPOOUher7,1,여성,경기도,40,전문 대학교(기술 학교 포함),예,"10
보수",국민의힘,불교,어느 정도 자랑스럽다,어느 정도 자랑스럽다,2,Q61|Q62,매우 찬성함,1,Q64|Q65,10
R_4o8JZzuR1Po6bnj,1,남성,충남,54,고등학교,예,"10
보수",다른 정당,무교,별로 자랑스럽지 않다,전혀 자랑스럽지 않다,1,Q60|Q62,별로 찬성하지 않음,2,Q64|Q65,7
R_4wNQPiG08SCKuOF,0,여성,서울,50,대학교,예,6,잘 모르겠다,천주교,어느 정도 자랑스럽다,어느 정도 자랑스럽다,1,Q60|Q62,약간 찬성함,1,Q64|Q65,10
R_4lWFZf5p19gezWJ,0,남성,전남,59,대학교,예,7,더불어민주당,불교,어느 정도 자랑스럽다,어느 정도 자랑스럽다,3,Q60|Q62,별로 찬성하지 않음,2,Q64|Q65,6
R_4kN7yK5SVbhMEyB,1,남성,경기도,65,전문 대학교(기술 학교 포함),예,7,국민의힘,천주교,별로 자랑스럽지 않다,별로 자랑스럽지 않다,3,Q60|Q62,약간 찬성함,1,Q63|Q65,7
R_4NU52rSiMpiHXhX,1,남성,경기도,51,대학교,예,"10
보수",국민의힘,천주교,매우 자랑스럽다,매우 자랑스럽다,3,Q60|Q62,매우 찬성함,1,Q63|Q65,10
R_46c19yiVEkUvNDD,0,남성,경기도,48,대학교,예,9,국민의힘,기독교,어느 정도 자랑스럽다,어느 정도 자랑스럽다,3,Q60|Q62,약간 찬성함,1,Q63|Q65,10
R_4olsyKT0touny6t,1,남성,서울,52,대학교,예,6,잘 모르겠다,기독교,어느 정도 자랑스럽다,어느 정도 자랑스럽다,3,Q60|Q62,전혀 찬성하지 않음,1,Q63|Q65,10
R_4KkI09F6PM3Gwiu,0,남성,서울,42,고등학교,예,5,잘 모르겠다,무교,어느 정도 자랑스럽다,어느 정도 자랑스럽다,3,Q60|Q62,약간 찬성함,2,Q64|Q65,5
R_43pNlPq2euxwoyd,1,여성,경북,42,대학교,예,5,더불어민주당,무교,어느 정도 자랑스럽다,어느 정도 자랑스럽다,0,Q60|Q62,별로 찬성하지 않음,1,Q64|Q65,5
R_4ZyGGCuRUahZiQV,0,남성,광주,26,대학교,예,8,잘 모르겠다,기타,매우 자랑스럽다,매우 자랑스럽다,3,Q60|Q62,매우 찬성함,3,Q63|Q65,9
R_4P6shbbOacToE2g,1,여성,경기도,48,대학교,예,4,더불어민주당,기독교,어느 정도 자랑스럽다,어느 정도 자랑스럽다,2,Q61|Q62,별로 찬성하지 않음,1,Q64|Q65,8
R_4g9xQCGjraVdcSl,0,남성,경기도,47,대학교,예,5,더불어민주당,무교,어느 정도 자랑스럽다,어느 정도 자랑스럽다,3,Q60|Q62,약간 찬성함,1,Q63|Q65,10
R_45ehQhZlDzxAazf,0,여성,서울,45,대학교,예,3,더불어민주당,무교,어느 정도 자랑스럽다,어느 정도 자랑스럽다,2,Q60|Q62,매우 찬성함,1,Q63|Q65,7
R_4l3ro54WsMFUtTt,0,남성,서울,55,고등학교,예,5,잘 모르겠다,무교,어느 정도 자랑스럽다,어느 정도 자랑스럽다,2,Q61|Q62,약간 찬성함,1,Q64|Q65,5
R_4nvzVSvEyb9Tu61,1,남성,서울,49,대학교,예,7,잘 모르겠다,무교,별로 자랑스럽지 않다,별로 자랑스럽지 않다,2,Q61|Q62,약간 찬성함,0,Q63|Q65,6
R_4FPAcyM9cEg8usP,0,여성,강원도,54,고등학교,예,5,잘 모르겠다,무교,별로 자랑스럽지 않다,별로 자랑스럽지 않다,1,Q60|Q62,약간 찬성함,1,Q63|Q65,5
R_4RkhfI3DQpmpmRO,0,남성,경기도,47,대학원 이상,예,8,다른 정당,무교,별로 자랑스럽지 않다,별로 자랑스럽지 않다,3,Q60|Q62,약간 찬성함,1,Q64|Q65,7
R_4sh2eqUU2uF2QTf,1,남성,충남,51,대학교,예,7,국민의힘,무교,매우 자랑스럽다,매우 자랑스럽다,3,Q60|Q62,전혀 찬성하지 않음,2,Q64|Q65,10
R_4PHbN6BHHdzz83x,0,남성,경남,42,전문 대학교(기술 학교 포함),예,3,더불어민주당,불교,어느 정도 자랑스럽다,어느 정도 자랑스럽다,2,Q60|Q62,별로 찬성하지 않음,2,Q64|Q65,5
R_4EAtNoaZCr7ykx2,1,남성,경기도,41,대학교,예,5,더불어민주당,천주교,어느 정도 자랑스럽다,어느 정도 자랑스럽다,0,Q60|Q62,약간 찬성함,2,Q64|Q65,7
R_4wce7vcFx9AiKQj,1,여성,경기도,31,대학교,예,4,더불어민주당,무교,별로 자랑스럽지 않다,별로 자랑스럽지 않다,0,Q61|Q62,약간 찬성함,0,Q64|Q65,10
R_4hyZNWfGvwpwQNN,0,남성,충남,51,대학교,예,5,다른 정당,무교,별로 자랑스럽지 않다,별로 자랑스럽지 않다,2,Q61|Q62,전혀 찬성하지 않음,1,Q63|Q65,2
R_4490D2Os72L0U1S,1,남성,전북,39,초등학교 이하,예,3,잘 모르겠다,무교,어느 정도 자랑스럽다,전혀 자랑스럽지 않다,2,Q60|Q62,매우 찬성함,2,Q64|Q65,9
R_4b1xwfgg9LQI83C,1,여성,서울,50,대학교,예,5,잘 모르겠다,기독교,어느 정도 자랑스럽다,어느 정도 자랑스럽다,1,Q60|Q62,별로 찬성하지 않음,1,Q63|Q65,10
R_4DnIERteMmggZe6,0,남성,충북,45,대학교,예,9,더불어민주당,무교,매우 자랑스럽다,매우 자랑스럽다,3,Q60|Q62,매우 찬성함,3,Q64|Q65,9
R_4OTs2trjhTcWZGC,0,남성,충북,54,대학교,예,5,더불어민주당,기독교,어느 정도 자랑스럽다,매우 자랑스럽다,4,Q61|Q62,전혀 찬성하지 않음,1,Q64|Q65,10
R_43kWrGan6QO4Tak,0,여성,경기도,32,대학원 이상,예,7,잘 모르겠다,기독교,어느 정도 자랑스럽다,어느 정도 자랑스럽다,2,Q60|Q62,약간 찬성함,1,Q63|Q65,10
R_4NMG7wx7KHtv9kd,0,남성,경북,51,고등학교,예,9,국민의힘,불교,매우 자랑스럽다,매우 자랑스럽다,2,Q61|Q62,별로 찬성하지 않음,1,Q63|Q65,10
R_4JF6L21bwkFvNho,1,여성,서울,44,전문 대학교(기술 학교 포함),예,5,더불어민주당,무교,별로 자랑스럽지 않다,별로 자랑스럽지 않다,1,Q60|Q62,약간 찬성함,1,Q63|Q65,7
R_4s4Gzz19Qp1pRZv,1,남성,서울,44,대학교,예,5,잘 모르겠다,무교,어느 정도 자랑스럽다,어느 정도 자랑스럽다,2,Q61|Q62,별로 찬성하지 않음,2,Q63|Q65,10
R_4z22tYQwtYMUhlD,1,남성,경기도,25,대학교,예,5,잘 모르겠다,무교,별로 자랑스럽지 않다,별로 자랑스럽지 않다,0,Q61|Q62,별로 찬성하지 않음,2,Q64|Q65,4
R_42zr9Z9R4CsiFCk,0,남성,전남,32,전문 대학교(기술 학교 포함),예,5,다른 정당,무교,별로 자랑스럽지 않다,별로 자랑스럽지 않다,1,Q61|Q62,별로 찬성하지 않음,2,Q63|Q65,7
R_4WnMabN2e5TQlep,0,남성,서울,49,대학원 이상,예,8,잘 모르겠다,무교,매우 자랑스럽다,매우 자랑스럽다,2,Q61|Q62,매우 찬성함,1,Q63|Q65,9
R_4xCTT8zQT9MJ90B,0,남성,서울,39,전문 대학교(기술 학교 포함),예,3,잘 모르겠다,무교,별로 자랑스럽지 않다,별로 자랑스럽지 않다,1,Q61|Q62,별로 찬성하지 않음,1,Q63|Q65,3
R_4rezmKJZ6PVP17P,0,여성,서울,29,대학교,예,5,더불어민주당,무교,어느 정도 자랑스럽다,어느 정도 자랑스럽다,1,Q60|Q62,매우 찬성함,1,Q64|Q65,10
R_4JWsNunAgHNovmZ,1,남성,서울,42,대학원 이상,예,9,국민의힘,불교,별로 자랑스럽지 않다,별로 자랑스럽지 않다,1,Q61|Q62,약간 찬성함,1,Q63|Q65,8
R_4Yang9r7OrlPUbb,1,남성,서울,43,전문 대학교(기술 학교 포함),예,5,잘 모르겠다,무교,어느 정도 자랑스럽다,어느 정도 자랑스럽다,2,Q61|Q62,전혀 찬성하지 않음,1,Q64|Q65,6
R_4tsrTCFrYeBKZem,1,남성,경북,44,대학교,예,7,국민의힘,무교,어느 정도 자랑스럽다,어느 정도 자랑스럽다,1,Q60|Q62,약간 찬성함,1,Q63|Q65,10
R_4XFBhDrxJjWJMpr,0,남성,강원도,30,대학원 이상,예,9,더불어민주당,기독교,어느 정도 자랑스럽다,어느 정도 자랑스럽다,3,Q60|Q62,약간 찬성함,2,Q64|Q65,10
R_4fJjKGJFuvJtepP,1,여성,경기도,71,대학교,예,4,더불어민주당,불교,매우 자랑스럽다,매우 자랑스럽다,1,Q60|Q62,전혀 찬성하지 않음,1,Q63|Q65,9
R_4kMTdywuOWHlfEk,1,남성,서울,41,대학교,예,8,국민의힘,불교,어느 정도 자랑스럽다,어느 정도 자랑스럽다,4,Q61|Q62,별로 찬성하지 않음,1,Q63|Q65,8
R_4DMJoLJL3djQrWs,0,남성,경기도,75,전문 대학교(기술 학교 포함),예,"10
보수",국민의힘,불교,매우 자랑스럽다,매우 자랑스럽다,3,Q60|Q62,매우 찬성함,2,Q64|Q65,10
R_4usmr6rYehu0K0T,1,남성,경기도,42,대학원 이상,예,5,잘 모르겠다,기독교,별로 자랑스럽지 않다,별로 자랑스럽지 않다,3,Q60|Q62,매우 찬성함,3,Q64|Q65,9
R_4GlRwAB6AEqJILT,0,여성,경기도,28,대학교,예,6,잘 모르겠다,무교,어느 정도 자랑스럽다,어느 정도 자랑스럽다,1,Q60|Q62,약간 찬성함,1,Q63|Q65,10
R_4pltKGA5Wfva7Qu,1,여성,서울,29,대학교,예,3,더불어민주당,기독교,매우 자랑스럽다,매우 자랑스럽다,3,Q60|Q62,약간 찬성함,1,Q63|Q65,10
R_44eKyoihjfInx7t,0,남성,서울,42,대학교,예,5,잘 모르겠다,무교,어느 정도 자랑스럽다,어느 정도 자랑스럽다,2,Q61|Q62,매우 찬성함,1,Q64|Q65,10
R_4ebwy9pur9kRBHP,1,남성,경북,38,대학교,예,5,국민의힘,무교,어느 정도 자랑스럽다,어느 정도 자랑스럽다,3,Q60|Q62,매우 찬성함,3,Q63|Q65,7
R_4a7pcjDk09LoskF,0,남성,서울,41,고등학교,예,7,국민의힘,무교,어느 정도 자랑스럽다,어느 정도 자랑스럽다,1,Q60|Q62,별로 찬성하지 않음,0,Q63|Q65,10
R_4itS9umzQBh03XX,1,남성,서울,40,고등학교,예,5,잘 모르겠다,무교,별로 자랑스럽지 않다,어느 정도 자랑스럽다,1,Q61|Q62,약간 찬성함,1,Q64|Q65,6
R_42JOCKxVz8ybltv,1,남성,서울,41,대학교,예,4,더불어민주당,기독교,어느 정도 자랑스럽다,어느 정도 자랑스럽다,3,Q61|Q62,약간 찬성함,1,Q63|Q65,7
R_4CBaPQaxoSTZ2sM,0,여성,경기도,37,대학교,예,4,더불어민주당,무교,별로 자랑스럽지 않다,별로 자랑스럽지 않다,2,Q61|Q62,별로 찬성하지 않음,1,Q64|Q65,4
R_4ewxRdaP801sm12,1,남성,서울,23,고등학교,예,4,더불어민주당,무교,어느 정도 자랑스럽다,어느 정도 자랑스럽다,2,Q60|Q62,약간 찬성함,1,Q63|Q65,8
R_48Sig9ABfn8mCjv,0,남성,서울,55,대학원 이상,예,"10
보수",국민의힘,기독교,어느 정도 자랑스럽다,어느 정도 자랑스럽다,3,Q61|Q62,별로 찬성하지 않음,2,Q63|Q65,10
R_4B98gBBvX78Rb5G,1,남성,대구,38,대학교,예,7,국민의힘,무교,어느 정도 자랑스럽다,매우 자랑스럽다,2,Q61|Q62,약간 찬성함,2,Q64|Q65,10
R_4EixaJuXP2PoJP3,1,남성,강원도,42,대학교,예,4,잘 모르겠다,무교,별로 자랑스럽지 않다,별로 자랑스럽지 않다,1,Q60|Q62,별로 찬성하지 않음,1,Q64|Q65,8
R_4qEiHwkTOQPpYsQ,0,남성,전남,41,대학원 이상,예,4,더불어민주당,무교,어느 정도 자랑스럽다,어느 정도 자랑스럽다,3,Q60|Q62,별로 찬성하지 않음,1,Q64|Q65,5
R_4E0RnXrUbhrUXSa,0,남성,서울,37,대학교,예,3,잘 모르겠다,기독교,어느 정도 자랑스럽다,어느 정도 자랑스럽다,2,Q61|Q62,별로 찬성하지 않음,1,Q64|Q65,7
R_4GNwraLeDIyD5G9,1,여성,서울,34,대학교,예,5,잘 모르겠다,무교,어느 정도 자랑스럽다,어느 정도 자랑스럽다,1,Q60|Q62,약간 찬성함,2,Q64|Q65,7
R_4XnebPhJrVhLE9c,1,남성,경기도,42,대학교,예,5,국민의힘,천주교,별로 자랑스럽지 않다,어느 정도 자랑스럽다,2,Q60|Q62,매우 찬성함,3,Q64|Q65,7
R_410QRDEHk18dbou,1,여성,경기도,30,대학교,예,5,잘 모르겠다,무교,어느 정도 자랑스럽다,어느 정도 자랑스럽다,1,Q61|Q62,약간 찬성함,3,Q64|Q65,10
R_4YofWmFoBe0CUpX,1,여성,경기도,36,대학교,예,4,녹색정의당,천주교,어느 정도 자랑스럽다,어느 정도 자랑스럽다,0,Q60|Q62,별로 찬성하지 않음,2,Q64|Q65,5
R_4NzdOa8pgYMtRUL,0,남성,경북,41,대학원 이상,예,4,잘 모르겠다,무교,어느 정도 자랑스럽다,어느 정도 자랑스럽다,2,Q61|Q62,별로 찬성하지 않음,1,Q63|Q65,4
R_4ejXNedyQ5YDb0I,1,남성,경북,42,대학원 이상,예,3,더불어민주당,기독교,어느 정도 자랑스럽다,어느 정도 자랑스럽다,2,Q61|Q62,약간 찬성함,1,Q63|Q65,7
R_4hG4xmBhPOfgbmT,1,남성,서울,39,고등학교,예,5,잘 모르겠다,무교,어느 정도 자랑스럽다,어느 정도 자랑스럽다,1,Q60|Q62,매우 찬성함,1,Q63|Q65,9
R_4l6ud4QR1JbkOHw,0,남성,서울,41,대학원 이상,예,7,더불어민주당,무교,어느 정도 자랑스럽다,전혀 자랑스럽지 않다,1,Q61|Q62,약간 찬성함,1,Q64|Q65,6
R_4JOUB7fbhNqnTCQ,0,남성,서울,29,대학교,예,5,더불어민주당,기독교,어느 정도 자랑스럽다,어느 정도 자랑스럽다,3,Q60|Q62,약간 찬성함,1,Q63|Q65,10
R_4PjweocLHIaa31D,0,남성,서울,40,대학교,예,8,국민의힘,기독교,매우 자랑스럽다,매우 자랑스럽다,2,Q60|Q62,약간 찬성함,1,Q63|Q65,9
R_4J4sU5b8NUefO21,0,남성,경기도,36,전문 대학교(기술 학교 포함),예,"1
진보",더불어민주당,무교,매우 자랑스럽다,매우 자랑스럽다,2,Q60|Q62,별로 찬성하지 않음,1,Q63|Q65,10
R_4Si3rcBfRBJQatZ,1,남성,서울,44,대학교,예,3,더불어민주당,무교,어느 정도 자랑스럽다,어느 정도 자랑스럽다,3,Q60|Q62,별로 찬성하지 않음,1,Q63|Q65,7
R_4eEpyjppyIZPjsN,0,여성,경기도,40,대학교,예,8,더불어민주당,무교,어느 정도 자랑스럽다,어느 정도 자랑스럽다,2,Q61|Q62,매우 찬성함,2,Q63|Q65,8
R_4fxRJAEZfG1tHSS,0,여성,경기도,29,대학교,예,9,더불어민주당,기독교,어느 정도 자랑스럽다,어느 정도 자랑스럽다,1,Q60|Q62,매우 찬성함,1,Q63|Q65,3
R_42JSjvsK02re0QQ,1,여성,서울,42,고등학교,예,4,더불어민주당,무교,별로 자랑스럽지 않다,별로 자랑스럽지 않다,0,Q61|Q62,전혀 찬성하지 않음,1,Q64|Q65,5
R_4qx9pMCKux7S6yd,0,남성,전남,39,고등학교,예,5,국민의힘,무교,어느 정도 자랑스럽다,어느 정도 자랑스럽다,2,Q60|Q62,약간 찬성함,2,Q63|Q65,10
R_48O2SrvzIHIC9rI,0,여성,서울,35,대학교,예,7,국민의힘,무교,어느 정도 자랑스럽다,어느 정도 자랑스럽다,4,Q61|Q62,매우 찬성함,2,Q63|Q65,7
R_4oCB3Coy8O0p9CN,0,남성,경기도,22,전문 대학교(기술 학교 포함),예,5,잘 모르겠다,무교,별로 자랑스럽지 않다,별로 자랑스럽지 않다,0,Q60|Q62,약간 찬성함,1,Q63|Q65,8
R_4rg3djfuAA3Yaat,1,남성,전북,35,대학교,예,5,더불어민주당,무교,어느 정도 자랑스럽다,어느 정도 자랑스럽다,2,Q60|Q62,약간 찬성함,1,Q63|Q65,7
R_4rZOtRxCOz7ZoP7,1,남성,강원도,40,대학교,예,4,다른 정당,기독교,별로 자랑스럽지 않다,전혀 자랑스럽지 않다,1,Q61|Q62,약간 찬성함,1,Q63|Q65,3
R_4OHX3ylMCdETINX,1,남성,서울,56,대학교,예,"1
진보",더불어민주당,기독교,매우 자랑스럽다,매우 자랑스럽다,4,Q61|Q62,별로 찬성하지 않음,1,Q64|Q65,10
R_4x3jmYqtoICqIlH,1,여성,경기도,39,대학교,예,5,더불어민주당,불교,어느 정도 자랑스럽다,어느 정도 자랑스럽다,3,Q61|Q62,약간 찬성함,4,Q64|Q65,8
R_4f4vgu6SvpSQBiN,1,남성,서울,60,대학원 이상,예,5,다른 정당,기독교,매우 자랑스럽다,매우 자랑스럽다,3,Q60|Q62,약간 찬성함,1,Q64|Q65,10
R_4arFp046nnQsMHn,0,남성,경남,30,대학교,예,7,더불어민주당,무교,어느 정도 자랑스럽다,어느 정도 자랑스럽다,2,Q60|Q62,약간 찬성함,2,Q63|Q65,7
R_4ip1YybK2uSQv6h,1,여성,경기도,27,대학교,예,5,잘 모르겠다,무교,어느 정도 자랑스럽다,어느 정도 자랑스럽다,4,Q61|Q62,약간 찬성함,3,Q63|Q65,5
R_48Tg8jdHGz0A7VV,1,남성,서울,40,대학교,예,6,잘 모르겠다,무교,어느 정도 자랑스럽다,어느 정도 자랑스럽다,2,Q61|Q62,약간 찬성함,1,Q64|Q65,8
R_4036sTpZah85jgu,0,남성,강원도,41,고등학교,예,5,다른 정당,무교,별로 자랑스럽지 않다,어느 정도 자랑스럽다,3,Q60|Q62,약간 찬성함,2,Q64|Q65,4
R_4CdXAsL8O0d2tXV,1,여성,충북,28,대학교,예,4,더불어민주당,무교,매우 자랑스럽다,매우 자랑스럽다,2,Q60|Q62,약간 찬성함,2,Q64|Q65,10
R_4BWPip6zFrfhwOt,0,남성,서울,23,고등학교,예,5,잘 모르겠다,기독교,어느 정도 자랑스럽다,어느 정도 자랑스럽다,2,Q60|Q62,매우 찬성함,2,Q63|Q65,5
R_4pgXoJYUY3hmuxb,0,여성,서울,28,고등학교,예,5,잘 모르겠다,기독교,어느 정도 자랑스럽다,어느 정도 자랑스럽다,3,Q61|Q62,약간 찬성함,3,Q64|Q65,8
R_49h7bYkdrZTywOE,0,여성,강원도,40,대학교,예,4,잘 모르겠다,무교,어느 정도 자랑스럽다,어느 정도 자랑스럽다,3,Q61|Q62,별로 찬성하지 않음,2,Q63|Q65,10
R_49g1N59p9ELrbQv,0,남성,경기도,36,대학교,예,6,잘 모르겠다,무교,별로 자랑스럽지 않다,별로 자랑스럽지 않다,1,Q61|Q62,약간 찬성함,1,Q63|Q65,9
R_4sv1FgzMHXxJiM5,1,남성,서울,40,대학교,예,8,국민의힘,무교,어느 정도 자랑스럽다,어느 정도 자랑스럽다,3,Q61|Q62,약간 찬성함,1,Q64|Q65,9
R_4laAx3F1Pf9JfH1,1,남성,서울,58,대학교,예,5,잘 모르겠다,무교,어느 정도 자랑스럽다,어느 정도 자랑스럽다,3,Q60|Q62,약간 찬성함,2,Q64|Q65,8
R_4iOo3rUpnaOHr6b,1,남성,서울,33,대학교,예,6,국민의힘,천주교,전혀 자랑스럽지 않다,전혀 자랑스럽지 않다,1,Q60|Q62,전혀 찬성하지 않음,1,Q63|Q65,3
R_4NyLc1jV8JrxApG,1,여성,서울,61,대학교,예,5,잘 모르겠다,무교,어느 정도 자랑스럽다,어느 정도 자랑스럽다,2,Q60|Q62,약간 찬성함,2,Q63|Q65,10
R_4FP8B8Vu5j77fkI,1,남성,서울,40,대학교,예,5,잘 모르겠다,천주교,어느 정도 자랑스럽다,어느 정도 자랑스럽다,1,Q60|Q62,매우 찬성함,1,Q63|Q65,5
R_41q6hrqMQrIWo2l,1,남성,서울,30,고등학교,예,5,잘 모르겠다,기독교,어느 정도 자랑스럽다,어느 정도 자랑스럽다,0,Q60|Q62,별로 찬성하지 않음,2,Q63|Q65,7
R_4F5VmqNT9LHqeDn,0,여성,서울,29,전문 대학교(기술 학교 포함),예,2,잘 모르겠다,무교,어느 정도 자랑스럽다,어느 정도 자랑스럽다,1,Q60|Q62,약간 찬성함,1,Q63|Q65,9
R_4CEchYmm6CtgFyK,0,여성,경기도,29,대학교,예,5,국민의힘,무교,매우 자랑스럽다,매우 자랑스럽다,2,Q61|Q62,약간 찬성함,2,Q64|Q65,10
R_4hGf4gQDp4qelI5,1,남성,충남,34,대학교,예,4,더불어민주당,무교,어느 정도 자랑스럽다,어느 정도 자랑스럽다,0,Q60|Q62,별로 찬성하지 않음,1,Q64|Q65,7
R_4rMvhcZBxEbiRCS,0,여성,경기도,30,대학교,예,4,더불어민주당,무교,어느 정도 자랑스럽다,어느 정도 자랑스럽다,0,Q60|Q62,약간 찬성함,1,Q63|Q65,7
R_4ZQ7rQuHpWG1PRq,1,남성,서울,43,대학교,예,6,국민의힘,기독교,어느 정도 자랑스럽다,어느 정도 자랑스럽다,2,Q60|Q62,별로 찬성하지 않음,1,Q63|Q65,8
R_4tF0RPIYQXmcK9J,0,여성,경기도,20,전문 대학교(기술 학교 포함),예,4,잘 모르겠다,기독교,별로 자랑스럽지 않다,매우 자랑스럽다,2,Q60|Q62,매우 찬성함,2,Q64|Q65,10
R_4COctSIxT69Eihi,1,남성,서울,36,고등학교,예,9,국민의힘,무교,전혀 자랑스럽지 않다,전혀 자랑스럽지 않다,1,Q61|Q62,매우 찬성함,1,Q63|Q65,0
R_4kLq8zzNo1UWPGv,1,남성,경기도,44,전문 대학교(기술 학교 포함),예,5,잘 모르겠다,무교,어느 정도 자랑스럽다,어느 정도 자랑스럽다,1,Q60|Q62,별로 찬성하지 않음,1,Q64|Q65,8
R_4vFzJlJOhh6QDRL,1,남성,강원도,65,고등학교,예,6,더불어민주당,무교,어느 정도 자랑스럽다,어느 정도 자랑스럽다,3,Q61|Q62,별로 찬성하지 않음,1,Q64|Q65,10
R_46DxhIYBpZIAWAx,1,남성,서울,41,대학교,예,2,녹색정의당,기독교,어느 정도 자랑스럽다,어느 정도 자랑스럽다,2,Q60|Q62,전혀 찬성하지 않음,1,Q63|Q65,7
R_41RxEgJ2ctOGWYY,1,남성,전북,44,대학교,예,5,더불어민주당,무교,별로 자랑스럽지 않다,별로 자랑스럽지 않다,2,Q61|Q62,약간 찬성함,1,Q63|Q65,8
R_4cj1zpe10ntLBgl,1,남성,경기도,27,고등학교,예,5,더불어민주당,무교,어느 정도 자랑스럽다,어느 정도 자랑스럽다,3,Q61|Q62,약간 찬성함,0,Q64|Q65,6
R_4qyrh0D58b3APZq,0,남성,서울,33,대학교,예,3,국민의힘,무교,매우 자랑스럽다,매우 자랑스럽다,4,Q61|Q62,매우 찬성함,1,Q64|Q65,9
R_4gjABdWyJwubUaz,0,남성,경기도,44,대학원 이상,예,4,더불어민주당,기독교,어느 정도 자랑스럽다,어느 정도 자랑스럽다,3,Q60|Q62,별로 찬성하지 않음,1,Q63|Q65,10
R_4UrB65P8fjW8cLL,1,남성,서울,42,대학교,예,5,국민의힘,천주교,매우 자랑스럽다,매우 자랑스럽다,3,Q61|Q62,매우 찬성함,0,Q63|Q65,4
R_4BnSOe4WYn10S1z,1,여성,경기도,18,고등학교,예,5,더불어민주당,무교,어느 정도 자랑스럽다,어느 정도 자랑스럽다,2,Q60|Q62,매우 찬성함,2,Q64|Q65,8
R_4IQkeqa0fqGGRMZ,0,남성,서울,31,고등학교,예,"10
보수",잘 모르겠다,무교,별로 자랑스럽지 않다,별로 자랑스럽지 않다,0,Q60|Q62,매우 찬성함,0,Q64|Q65,5
R_4tNsWaVLpx8e5QB,0,남성,서울,38,대학교,예,8,국민의힘,무교,별로 자랑스럽지 않다,별로 자랑스럽지 않다,2,Q61|Q62,약간 찬성함,4,Q64|Q65,6
R_4j0uN8kuk6j1Fsx,1,남성,서울,44,전문 대학교(기술 학교 포함),예,5,더불어민주당,기독교,어느 정도 자랑스럽다,어느 정도 자랑스럽다,1,Q61|Q62,약간 찬성함,1,Q64|Q65,6
R_41nlzB4xQPuMW5t,1,남성,경기도,42,고등학교,예,5,더불어민주당,기독교,매우 자랑스럽다,매우 자랑스럽다,3,Q61|Q62,전혀 찬성하지 않음,3,Q64|Q65,8
R_4GKv6UenS9RgUq0,0,여성,서울,40,전문 대학교(기술 학교 포함),예,5,잘 모르겠다,무교,별로 자랑스럽지 않다,별로 자랑스럽지 않다,2,Q61|Q62,별로 찬성하지 않음,2,Q63|Q65,6
R_49uHXuze2T0eK39,0,여성,서울,58,고등학교,예,5,국민의힘,무교,매우 자랑스럽다,어느 정도 자랑스럽다,3,Q61|Q62,매우 찬성함,2,Q63|Q65,10
R_4SHpR3TgYkN3eo1,1,여성,서울,58,고등학교,예,4,국민의힘,기독교,어느 정도 자랑스럽다,어느 정도 자랑스럽다,1,Q60|Q62,약간 찬성함,2,Q64|Q65,4
R_4COsyUlPLPnS1bH,1,여성,강원도,41,대학교,예,5,잘 모르겠다,무교,별로 자랑스럽지 않다,별로 자랑스럽지 않다,1,Q60|Q62,약간 찬성함,0,Q63|Q65,6
R_4G39Gm20mKeYUF4,1,여성,강원도,34,대학교,예,5,더불어민주당,무교,어느 정도 자랑스럽다,매우 자랑스럽다,3,Q60|Q62,별로 찬성하지 않음,1,Q64|Q65,10
R_4sVk7xKWt560SQh,0,여성,경북,44,대학교,예,6,국민의힘,불교,전혀 자랑스럽지 않다,별로 자랑스럽지 않다,1,Q60|Q62,매우 찬성함,2,Q63|Q65,5
R_4Dr8uiDyWq9eJ6i,1,여성,서울,33,전문 대학교(기술 학교 포함),예,5,국민의힘,무교,별로 자랑스럽지 않다,별로 자랑스럽지 않다,3,Q60|Q62,매우 찬성함,3,Q63|Q65,10
R_4FD4ilGYLs7AKKC,1,여성,서울,33,전문 대학교(기술 학교 포함),예,5,잘 모르겠다,천주교,매우 자랑스럽다,매우 자랑스럽다,1,Q61|Q62,별로 찬성하지 않음,2,Q63|Q65,5
R_4uyLREYfcOHD6wj,1,여성,서울,31,대학교,예,5,더불어민주당,불교,별로 자랑스럽지 않다,별로 자랑스럽지 않다,3,Q61|Q62,별로 찬성하지 않음,1,Q64|Q65,10
R_4h8qvMglNUWpLtD,0,여성,서울,36,대학교,예,5,잘 모르겠다,기독교,별로 자랑스럽지 않다,어느 정도 자랑스럽다,2,Q60|Q62,별로 찬성하지 않음,1,Q64|Q65,8
R_4gHMIBaV5VUlYQu,0,여성,전남,41,대학교,예,5,더불어민주당,기독교,별로 자랑스럽지 않다,별로 자랑스럽지 않다,1,Q61|Q62,별로 찬성하지 않음,1,Q63|Q65,5
R_4sgHpjuuvLuOUtG,0,여성,서울,42,고등학교,예,8,국민의힘,무교,어느 정도 자랑스럽다,어느 정도 자랑스럽다,2,Q60|Q62,매우 찬성함,1,Q63|Q65,10
R_43PDalqqxMUyP8l,0,여성,경남,44,전문 대학교(기술 학교 포함),예,"10
보수",국민의힘,무교,별로 자랑스럽지 않다,별로 자랑스럽지 않다,2,Q61|Q62,매우 찬성함,1,Q64|Q65,5
R_4qaRamupwx1QC1C,1,여성,충남,30,대학교,예,5,잘 모르겠다,무교,별로 자랑스럽지 않다,별로 자랑스럽지 않다,0,Q61|Q62,약간 찬성함,0,Q64|Q65,10
R_47JbDjXZhM5Ob4M,1,여성,서울,31,대학교,예,2,더불어민주당,무교,어느 정도 자랑스럽다,어느 정도 자랑스럽다,1,Q61|Q62,전혀 찬성하지 않음,2,Q64|Q65,8
R_4GjNSGqG0cq2KeR,0,여성,서울,40,대학교,예,5,더불어민주당,무교,어느 정도 자랑스럽다,어느 정도 자랑스럽다,1,Q60|Q62,약간 찬성함,1,Q64|Q65,9
R_4yC1G9Q5e6J9CcV,1,여성,서울,55,고등학교,예,5,잘 모르겠다,무교,매우 자랑스럽다,매우 자랑스럽다,2,Q60|Q62,전혀 찬성하지 않음,2,Q64|Q65,10
R_4qZnmcdKuZRI0Ux,0,여성,서울,30,대학교,예,8,국민의힘,무교,별로 자랑스럽지 않다,별로 자랑스럽지 않다,1,Q60|Q62,약간 찬성함,1,Q63|Q65,8
R_4rIY46Y2L5TASfA,0,여성,경북,40,대학교,예,5,잘 모르겠다,무교,어느 정도 자랑스럽다,어느 정도 자랑스럽다,2,Q60|Q62,별로 찬성하지 않음,1,Q63|Q65,6
R_4dN3YHuFAPaxhSM,0,여성,서울,38,대학교,예,2,더불어민주당,무교,별로 자랑스럽지 않다,별로 자랑스럽지 않다,1,Q60|Q62,약간 찬성함,1,Q63|Q65,4
R_4hBj23Aonubn4TM,1,여성,서울,34,대학원 이상,예,7,국민의힘,천주교,전혀 자랑스럽지 않다,전혀 자랑스럽지 않다,0,Q60|Q62,매우 찬성함,1,Q63|Q65,10
R_4O7zmfi9QaWrX3T,1,여성,서울,29,대학교,예,7,더불어민주당,불교,어느 정도 자랑스럽다,어느 정도 자랑스럽다,3,Q61|Q62,약간 찬성함,1,Q63|Q65,8
R_4Iim5eHAPQDwmkl,0,여성,경남,39,전문 대학교(기술 학교 포함),예,5,잘 모르겠다,무교,어느 정도 자랑스럽다,어느 정도 자랑스럽다,1,Q60|Q62,약간 찬성함,2,Q64|Q65,6
R_4OmuB7A7YvFAkWl,1,여성,서울,42,대학원 이상,예,5,더불어민주당,천주교,어느 정도 자랑스럽다,어느 정도 자랑스럽다,3,Q61|Q62,별로 찬성하지 않음,1,Q64|Q65,8
R_42DuallLs4AKbLz,0,여성,경남,30,고등학교,예,6,국민의힘,무교,어느 정도 자랑스럽다,어느 정도 자랑스럽다,2,Q61|Q62,매우 찬성함,1,Q63|Q65,4
R_4wEmzIsfvublaBC,0,여성,충남,41,전문 대학교(기술 학교 포함),예,5,잘 모르겠다,무교,어느 정도 자랑스럽다,어느 정도 자랑스럽다,1,Q61|Q62,약간 찬성함,2,Q64|Q65,10
R_4g86QR08skdDPQ5,1,여성,서울,44,고등학교,예,5,다른 정당,무교,어느 정도 자랑스럽다,어느 정도 자랑스럽다,1,Q60|Q62,별로 찬성하지 않음,2,Q64|Q65,8
R_438LvPKXPljM98t,1,여성,서울,25,대학원 이상,예,7,더불어민주당,기독교,매우 자랑스럽다,매우 자랑스럽다,2,Q60|Q62,약간 찬성함,4,Q64|Q65,10
R_4OMHjpSb1lGoJSB,1,여성,전남,39,전문 대학교(기술 학교 포함),예,5,잘 모르겠다,무교,어느 정도 자랑스럽다,어느 정도 자랑스럽다,1,Q61|Q62,별로 찬성하지 않음,1,Q63|Q65,7
R_43wXA4v4b61Cl9v,0,여성,경북,43,대학교,예,5,잘 모르겠다,불교,별로 자랑스럽지 않다,별로 자랑스럽지 않다,3,Q60|Q62,약간 찬성함,2,Q63|Q65,9
R_4pWwrWn63DUvz2i,0,여성,서울,23,대학교,예,5,잘 모르겠다,무교,별로 자랑스럽지 않다,별로 자랑스럽지 않다,2,Q60|Q62,약간 찬성함,2,Q64|Q65,9
R_4NmKI8Vb6155Ewh,0,여성,전북,37,대학교,예,3,잘 모르겠다,무교,매우 자랑스럽다,매우 자랑스럽다,1,Q61|Q62,약간 찬성함,2,Q63|Q65,10
R_4gzLcTqAXOGofqK,0,여성,경북,32,대학교,예,5,국민의힘,불교,매우 자랑스럽다,매우 자랑스럽다,2,Q60|Q62,매우 찬성함,2,Q64|Q65,7
R_4jfU85bIZ9YQ5tD,0,여성,서울,56,대학교,예,2,잘 모르겠다,무교,어느 정도 자랑스럽다,어느 정도 자랑스럽다,1,Q60|Q62,매우 찬성함,2,Q64|Q65,10
R_4AvPRNBe442xsXL,1,여성,서울,25,대학교,예,3,잘 모르겠다,무교,어느 정도 자랑스럽다,전혀 자랑스럽지 않다,1,Q60|Q62,약간 찬성함,3,Q64|Q65,9
R_4dN0p60u56VEXIS,1,여성,강원도,39,대학교,예,6,잘 모르겠다,무교,별로 자랑스럽지 않다,별로 자랑스럽지 않다,1,Q61|Q62,매우 찬성함,3,Q64|Q65,7
R_44BQaF9ZRnM4cqZ,1,여성,전남,26,대학교,예,5,더불어민주당,무교,어느 정도 자랑스럽다,어느 정도 자랑스럽다,1,Q60|Q62,별로 찬성하지 않음,2,Q63|Q65,7
R_4U4HLWC50ofbMaZ,1,여성,서울,29,대학교,예,4,더불어민주당,무교,어느 정도 자랑스럽다,어느 정도 자랑스럽다,2,Q60|Q62,매우 찬성함,1,Q63|Q65,8
R_4yX8N2bs6VhRUbL,1,여성,서울,19,고등학교,예,5,잘 모르겠다,무교,어느 정도 자랑스럽다,어느 정도 자랑스럽다,1,Q61|Q62,약간 찬성함,1,Q63|Q65,5
R_4NglHAufUKCcAxP,1,여성,경남,37,대학교,예,6,다른 정당,불교,어느 정도 자랑스럽다,어느 정도 자랑스럽다,4,Q61|Q62,전혀 찬성하지 않음,2,Q64|Q65,6
R_4qL2vN36UuTkQb0,0,여성,서울,57,고등학교,예,5,잘 모르겠다,기독교,별로 자랑스럽지 않다,별로 자랑스럽지 않다,0,Q61|Q62,매우 찬성함,1,Q63|Q65,7
R_4kXsC5CvScTbae3,0,여성,서울,40,대학교,예,2,더불어민주당,기독교,어느 정도 자랑스럽다,어느 정도 자랑스럽다,1,Q61|Q62,약간 찬성함,1,Q63|Q65,5
R_4FPqxPDnIAuBCEm,0,여성,경남,79,고등학교,예,8,국민의힘,불교,어느 정도 자랑스럽다,어느 정도 자랑스럽다,2,Q60|Q62,약간 찬성함,3,Q64|Q65,9
R_4FJQPYBhSjCtf2S,0,여성,경북,33,전문 대학교(기술 학교 포함),예,5,더불어민주당,무교,어느 정도 자랑스럽다,어느 정도 자랑스럽다,1,Q60|Q62,약간 찬성함,2,Q63|Q65,10
R_4mKIcReiyFvoeDT,0,여성,충북,26,대학교,예,4,더불어민주당,무교,별로 자랑스럽지 않다,별로 자랑스럽지 않다,1,Q60|Q62,약간 찬성함,1,Q64|Q65,9
R_4KGXYgCkwWniDcj,0,여성,서울,38,대학교,예,4,국민의힘,무교,어느 정도 자랑스럽다,어느 정도 자랑스럽다,3,Q61|Q62,매우 찬성함,2,Q64|Q65,8
R_41ao7OViTUk4qza,0,여성,서울,60,고등학교,예,9,국민의힘,천주교,매우 자랑스럽다,어느 정도 자랑스럽다,4,Q61|Q62,별로 찬성하지 않음,2,Q64|Q65,10
R_4qVMjZIQqR6tcJj,0,여성,서울,43,전문 대학교(기술 학교 포함),예,5,더불어민주당,무교,어느 정도 자랑스럽다,매우 자랑스럽다,2,Q61|Q62,전혀 찬성하지 않음,1,Q63|Q65,5
R_4OWg50OZIpujuBG,0,여성,충북,44,대학원 이상,예,"10
보수",국민의힘,기독교,매우 자랑스럽다,어느 정도 자랑스럽다,3,Q61|Q62,약간 찬성함,2,Q64|Q65,8
R_4afeLv3Axqe34yQ,1,여성,서울,36,대학교,예,6,잘 모르겠다,기독교,어느 정도 자랑스럽다,어느 정도 자랑스럽다,2,Q60|Q62,약간 찬성함,1,Q64|Q65,10
R_4IiX8mU8HckMOxL,1,여성,서울,36,고등학교,예,"10
보수",국민의힘,무교,매우 자랑스럽다,매우 자랑스럽다,4,Q61|Q62,약간 찬성함,1,Q64|Q65,10
R_4LveBNbFCt8km2I,1,여성,충북,36,대학교,예,5,잘 모르겠다,무교,어느 정도 자랑스럽다,어느 정도 자랑스럽다,2,Q60|Q62,별로 찬성하지 않음,2,Q64|Q65,10
R_4R2PQUByOK5pNgh,1,여성,서울,56,고등학교,예,5,국민의힘,기독교,매우 자랑스럽다,매우 자랑스럽다,1,Q60|Q62,약간 찬성함,1,Q63|Q65,5
R_4E6UXOjbLvFSgBb,1,여성,전남,31,대학교,예,5,더불어민주당,불교,별로 자랑스럽지 않다,별로 자랑스럽지 않다,2,Q61|Q62,별로 찬성하지 않음,2,Q64|Q65,10
R_4jVxuHtvjzo5cmF,1,여성,충남,35,전문 대학교(기술 학교 포함),예,4,국민의힘,무교,어느 정도 자랑스럽다,어느 정도 자랑스럽다,3,Q60|Q62,약간 찬성함,2,Q64|Q65,10
R_4HpnNsvBCjU3NUB,0,여성,서울,55,대학교,예,7,국민의힘,기독교,어느 정도 자랑스럽다,어느 정도 자랑스럽다,2,Q61|Q62,전혀 찬성하지 않음,1,Q63|Q65,8
R_4pQposS17MLIvU9,0,여성,서울,59,대학교,예,2,더불어민주당,무교,어느 정도 자랑스럽다,어느 정도 자랑스럽다,2,Q60|Q62,매우 찬성함,2,Q64|Q65,10
R_4N55YJW3X7ShA3g,0,여성,경남,25,대학교,예,4,잘 모르겠다,무교,매우 자랑스럽다,매우 자랑스럽다,4,Q61|Q62,약간 찬성함,1,Q63|Q65,9
R_4dy07mk0C6Lrlo1,1,여성,전북,35,대학교,예,5,더불어민주당,불교,어느 정도 자랑스럽다,어느 정도 자랑스럽다,2,Q60|Q62,약간 찬성함,2,Q64|Q65,7
R_416NKuWOHT5Kg0D,0,여성,서울,41,대학교,예,7,국민의힘,무교,어느 정도 자랑스럽다,어느 정도 자랑스럽다,1,Q61|Q62,약간 찬성함,1,Q63|Q65,8
R_4My70EJxGSkyCKI,1,여성,서울,30,대학교,예,3,더불어민주당,무교,어느 정도 자랑스럽다,어느 정도 자랑스럽다,1,Q60|Q62,약간 찬성함,2,Q64|Q65,9
R_49tUNf9pfCDCvu1,1,여성,서울,26,대학교,예,3,더불어민주당,무교,어느 정도 자랑스럽다,어느 정도 자랑스럽다,2,Q60|Q62,약간 찬성함,2,Q64|Q65,10
R_4Fb7tMciD8z2989,0,여성,전북,30,고등학교,예,5,더불어민주당,무교,어느 정도 자랑스럽다,어느 정도 자랑스럽다,2,Q61|Q62,별로 찬성하지 않음,2,Q63|Q65,10
R_4nVqo5emD6H2DoY,1,여성,서울,28,대학교,예,3,더불어민주당,무교,어느 정도 자랑스럽다,어느 정도 자랑스럽다,2,Q60|Q62,약간 찬성함,2,Q63|Q65,8
R_4QlIUTL33bpLrfW,0,여성,충남,24,전문 대학교(기술 학교 포함),예,4,더불어민주당,기독교,매우 자랑스럽다,매우 자랑스럽다,2,Q60|Q62,매우 찬성함,1,Q63|Q65,8
R_4dlcVpL9AeOHkaZ,1,여성,서울,32,대학교,예,7,국민의힘,기독교,어느 정도 자랑스럽다,어느 정도 자랑스럽다,1,Q60|Q62,매우 찬성함,2,Q64|Q65,7
R_4ckm1IcwgUQurao,1,여성,전북,57,전문 대학교(기술 학교 포함),예,2,더불어민주당,무교,매우 자랑스럽다,어느 정도 자랑스럽다,3,Q61|Q62,매우 찬성함,1,Q64|Q65,5
R_4ZNup7LsEsgWCUS,1,여성,서울,37,대학원 이상,예,4,다른 정당,무교,별로 자랑스럽지 않다,별로 자랑스럽지 않다,2,Q61|Q62,약간 찬성함,1,Q63|Q65,8
R_4LwJSSQ79jPvJrM,0,여성,서울,42,대학교,예,8,국민의힘,불교,어느 정도 자랑스럽다,어느 정도 자랑스럽다,1,Q61|Q62,약간 찬성함,0,Q63|Q65,6
R_4Nrevk0e38Qr608,1,여성,서울,25,대학교,예,4,더불어민주당,기독교,어느 정도 자랑스럽다,어느 정도 자랑스럽다,2,Q61|Q62,약간 찬성함,2,Q64|Q65,7
R_4IVMXRGXYAmAW53,0,여성,서울,62,대학원 이상,예,5,잘 모르겠다,무교,별로 자랑스럽지 않다,별로 자랑스럽지 않다,1,Q61|Q62,매우 찬성함,1,Q63|Q65,5
R_4FIgoL4gKwrqmne,0,여성,경북,28,전문 대학교(기술 학교 포함),예,5,더불어민주당,불교,매우 자랑스럽다,매우 자랑스럽다,2,Q61|Q62,매우 찬성함,0,Q63|Q65,10
R_4OOcX0EXAdNiTnU,1,여성,서울,19,대학교,예,"10
보수",국민의힘,무교,매우 자랑스럽다,매우 자랑스럽다,2,Q61|Q62,매우 찬성함,2,Q63|Q65,10
R_4vMcegq8WKWA3df,1,여성,경남,25,대학교,예,4,국민의힘,무교,어느 정도 자랑스럽다,어느 정도 자랑스럽다,2,Q61|Q62,별로 찬성하지 않음,1,Q63|Q65,6
R_4qtdzpdBQUqEcXD,0,여성,서울,32,대학원 이상,예,5,잘 모르겠다,무교,전혀 자랑스럽지 않다,어느 정도 자랑스럽다,1,Q60|Q62,약간 찬성함,2,Q64|Q65,2
R_4u43i6mQizSyHe1,0,여성,경북,34,전문 대학교(기술 학교 포함),예,5,잘 모르겠다,불교,어느 정도 자랑스럽다,어느 정도 자랑스럽다,1,Q61|Q62,매우 찬성함,2,Q64|Q65,10
R_4VgYMxyR2yQ9CHy,0,여성,강원도,28,대학교,예,5,더불어민주당,무교,어느 정도 자랑스럽다,어느 정도 자랑스럽다,2,Q61|Q62,전혀 찬성하지 않음,2,Q63|Q65,8
R_4Cm5itPi9QxbxJr,0,여성,서울,18,고등학교,예,7,국민의힘,기독교,별로 자랑스럽지 않다,어느 정도 자랑스럽다,2,Q60|Q62,별로 찬성하지 않음,1,Q64|Q65,4
R_4FP9GHmnAa2fMtd,0,여성,전북,23,대학교,예,6,잘 모르겠다,기독교,어느 정도 자랑스럽다,매우 자랑스럽다,3,Q60|Q62,별로 찬성하지 않음,2,Q64|Q65,10
R_4Ia4LjRFB7ExtdR,1,여성,경북,32,대학교,예,5,잘 모르겠다,무교,어느 정도 자랑스럽다,어느 정도 자랑스럽다,0,Q61|Q62,매우 찬성함,1,Q64|Q65,7
R_4n3qN29OxeOfk3u,1,여성,서울,23,대학원 이상,예,7,더불어민주당,천주교,어느 정도 자랑스럽다,어느 정도 자랑스럽다,3,Q61|Q62,매우 찬성함,2,Q63|Q65,8
R_4E5o6YBpEFh1ElO,1,여성,서울,32,전문 대학교(기술 학교 포함),예,6,다른 정당,기독교,어느 정도 자랑스럽다,어느 정도 자랑스럽다,2,Q61|Q62,별로 찬성하지 않음,1,Q63|Q65,8
R_4hbGTcE4gZrD6ys,0,여성,서울,66,대학교,예,5,더불어민주당,천주교,매우 자랑스럽다,매우 자랑스럽다,3,Q60|Q62,매우 찬성함,3,Q64|Q65,10
R_4DALNQZ8TnPNrWm,1,여성,경북,31,전문 대학교(기술 학교 포함),예,6,국민의힘,기독교,어느 정도 자랑스럽다,어느 정도 자랑스럽다,1,Q60|Q62,약간 찬성함,1,Q63|Q65,8
R_4yhIeqyz5rNwNlT,0,여성,경남,32,고등학교,예,5,더불어민주당,불교,어느 정도 자랑스럽다,어느 정도 자랑스럽다,1,Q60|Q62,전혀 찬성하지 않음,3,Q63|Q65,10
R_45kcVXbvathFaBX,1,여성,강원도,33,고등학교,예,5,잘 모르겠다,무교,어느 정도 자랑스럽다,어느 정도 자랑스럽다,2,Q61|Q62,약간 찬성함,3,Q64|Q65,8
R_48UNBURrPjFilsu,1,여성,서울,23,대학원 이상,예,5,잘 모르겠다,무교,매우 자랑스럽다,매우 자랑스럽다,2,Q61|Q62,매우 찬성함,1,Q64|Q65,10
R_4G7J1OQ0rg7sXL9,0,여성,대전,28,대학교,예,4,더불어민주당,천주교,어느 정도 자랑스럽다,어느 정도 자랑스럽다,4,Q61|Q62,별로 찬성하지 않음,2,Q64|Q65,7
R_4KQBuRCPIqxRTJn,0,여성,서울,29,대학교,예,5,잘 모르겠다,천주교,별로 자랑스럽지 않다,별로 자랑스럽지 않다,2,Q61|Q62,약간 찬성함,3,Q64|Q65,8
R_4juCg4UeJo6zmgV,1,여성,서울,33,대학교,예,3,더불어민주당,무교,어느 정도 자랑스럽다,어느 정도 자랑스럽다,3,Q60|Q62,전혀 찬성하지 않음,1,Q64|Q65,10
R_4soeqrTKU37oWyq,1,여성,경남,68,고등학교,예,8,국민의힘,천주교,어느 정도 자랑스럽다,어느 정도 자랑스럽다,3,Q61|Q62,매우 찬성함,2,Q64|Q65,7
R_49Lq1pHbX1a3iPT,0,여성,서울,32,대학교,예,"1
진보",더불어민주당,불교,어느 정도 자랑스럽다,어느 정도 자랑스럽다,4,Q61|Q62,약간 찬성함,3,Q64|Q65,9
R_4TBgGfQeP7cZLP2,0,여성,서울,22,고등학교,예,5,잘 모르겠다,무교,매우 자랑스럽다,별로 자랑스럽지 않다,4,Q61|Q62,약간 찬성함,4,Q64|Q65,4
R_4BqNMsFEB0QyiEp,1,여성,전북,27,대학원 이상,예,2,더불어민주당,무교,어느 정도 자랑스럽다,어느 정도 자랑스럽다,1,Q60|Q62,전혀 찬성하지 않음,3,Q64|Q65,7
R_4LzCFhmxKImxDgJ,1,여성,충남,56,대학교,예,5,잘 모르겠다,기독교,별로 자랑스럽지 않다,전혀 자랑스럽지 않다,3,Q61|Q62,매우 찬성함,1,Q63|Q65,10
R_4jo0QWTIM6vp889,0,여성,광주,28,대학교,예,5,잘 모르겠다,불교,어느 정도 자랑스럽다,매우 자랑스럽다,2,Q60|Q62,약간 찬성함,2,Q63|Q65,6
R_4jeTHZRqfaAi73B,0,여성,서울,31,대학원 이상,예,5,잘 모르겠다,무교,어느 정도 자랑스럽다,어느 정도 자랑스럽다,3,Q61|Q62,약간 찬성함,1,Q63|Q65,10
R_47DqQHvcQ0fBMl0,1,여성,서울,30,대학교,예,5,국민의힘,무교,매우 자랑스럽다,매우 자랑스럽다,1,Q60|Q62,약간 찬성함,1,Q64|Q65,8
R_43fOPVHHG3g8AyE,0,여성,서울,23,대학교,예,6,국민의힘,기독교,매우 자랑스럽다,매우 자랑스럽다,3,Q61|Q62,전혀 찬성하지 않음,1,Q64|Q65,7
R_4HvoiwUrv1oqaLD,1,여성,서울,63,대학교,예,8,잘 모르겠다,기독교,어느 정도 자랑스럽다,어느 정도 자랑스럽다,2,Q60|Q62,약간 찬성함,2,Q63|Q65,10
R_4Zx96MaA0kk63AJ,0,여성,대구,34,대학교,예,4,국민의힘,무교,어느 정도 자랑스럽다,어느 정도 자랑스럽다,1,Q60|Q62,매우 찬성함,2,Q63|Q65,9
R_4WBRGrI7664mH9T,1,여성,전남,33,대학교,예,5,국민의힘,무교,별로 자랑스럽지 않다,별로 자랑스럽지 않다,3,Q61|Q62,매우 찬성함,3,Q64|Q65,5
R_4E6o3W1oVH8xN12,0,여성,서울,31,전문 대학교(기술 학교 포함),예,5,녹색정의당,무교,어느 정도 자랑스럽다,어느 정도 자랑스럽다,2,Q60|Q62,약간 찬성함,2,Q64|Q65,10
R_41Awz2naLAkdvA8,0,여성,서울,23,대학교,예,5,국민의힘,기독교,매우 자랑스럽다,매우 자랑스럽다,2,Q60|Q62,전혀 찬성하지 않음,0,Q63|Q65,7
R_42y5oBizxuxy9AK,0,여성,서울,34,대학원 이상,예,3,더불어민주당,무교,어느 정도 자랑스럽다,어느 정도 자랑스럽다,2,Q60|Q62,별로 찬성하지 않음,1,Q64|Q65,8
R_4rxIYokD9zzf4gY,1,여성,서울,24,대학교,예,"1
진보",잘 모르겠다,무교,별로 자랑스럽지 않다,별로 자랑스럽지 않다,3,Q61|Q62,매우 찬성함,2,Q64|Q65,5
R_46gbkMVoPgOGp25,1,여성,서울,24,대학교,예,4,국민의힘,무교,어느 정도 자랑스럽다,어느 정도 자랑스럽다,2,Q60|Q62,전혀 찬성하지 않음,1,Q63|Q65,6
R_4utB288IWsNOUBH,1,여성,서울,24,대학교,예,4,더불어민주당,기독교,어느 정도 자랑스럽다,어느 정도 자랑스럽다,2,Q61|Q62,약간 찬성함,1,Q63|Q65,10
R_4JdRGcBAZjz0N2N,1,여성,서울,34,대학원 이상,예,4,국민의힘,기독교,별로 자랑스럽지 않다,별로 자랑스럽지 않다,3,Q60|Q62,약간 찬성함,2,Q64|Q65,6
R_4llzDgFCzFHXcnH,0,여성,경남,20,대학교,예,4,국민의힘,무교,어느 정도 자랑스럽다,어느 정도 자랑스럽다,2,Q61|Q62,약간 찬성함,3,Q64|Q65,8
R_4K3lTwAFxmJoHQh,1,여성,서울,24,대학교,예,"1
진보",더불어민주당,무교,어느 정도 자랑스럽다,어느 정도 자랑스럽다,2,Q60|Q62,약간 찬성함,1,Q63|Q65,10
R_4wiycgjhubtyuDH,1,여성,부산,27,전문 대학교(기술 학교 포함),예,"1
진보",잘 모르겠다,기독교,매우 자랑스럽다,매우 자랑스럽다,1,Q60|Q62,약간 찬성함,2,Q63|Q65,9
R_4PNpFNTPPmkdR5v,0,여성,충남,28,대학교,예,5,잘 모르겠다,무교,어느 정도 자랑스럽다,어느 정도 자랑스럽다,2,Q61|Q62,약간 찬성함,2,Q63|Q65,9
R_6QicysHk8N1D8f3,1,여성,서울,30,전문 대학교(기술 학교 포함),예,5,녹색정의당,기독교,어느 정도 자랑스럽다,어느 정도 자랑스럽다,2,Q61|Q62,별로 찬성하지 않음,2,Q63|Q65,7
R_4VkF8jZi6BGjnUK,0,여성,전북,32,전문 대학교(기술 학교 포함),예,5,잘 모르겠다,기독교,어느 정도 자랑스럽다,어느 정도 자랑스럽다,3,Q60|Q62,약간 찬성함,2,Q63|Q65,5
R_4J9JzPkirqKqysG,0,여성,서울,58,대학교,예,5,더불어민주당,무교,어느 정도 자랑스럽다,어느 정도 자랑스럽다,2,Q60|Q62,별로 찬성하지 않음,1,Q63|Q65,8
R_4Po86MIVjXkZA8N,1,여성,서울,28,대학교,예,7,국민의힘,기독교,어느 정도 자랑스럽다,어느 정도 자랑스럽다,3,Q61|Q62,전혀 찬성하지 않음,1,Q64|Q65,7
R_4urCqLcupT7tPnm,1,여성,서울,18,고등학교,예,5,더불어민주당,기타,어느 정도 자랑스럽다,어느 정도 자랑스럽다,3,Q60|Q62,약간 찬성함,1,Q64|Q65,8
R_4YEGeqrE2V8K8kp,0,여성,서울,31,전문 대학교(기술 학교 포함),예,5,다른 정당,무교,어느 정도 자랑스럽다,별로 자랑스럽지 않다,1,Q60|Q62,약간 찬성함,3,Q64|Q65,8
R_4HA0WUq50FzhTvU,0,여성,서울,26,대학교,예,3,더불어민주당,불교,어느 정도 자랑스럽다,매우 자랑스럽다,2,Q60|Q62,약간 찬성함,2,Q64|Q65,10
R_47DSozKqD4auPbr,0,여성,서울,22,고등학교,예,3,더불어민주당,무교,별로 자랑스럽지 않다,별로 자랑스럽지 않다,2,Q61|Q62,별로 찬성하지 않음,1,Q63|Q65,8
R_4fVR4jxDPEPbLGP,0,여성,서울,29,대학원 이상,예,6,잘 모르겠다,무교,어느 정도 자랑스럽다,어느 정도 자랑스럽다,3,Q61|Q62,약간 찬성함,2,Q64|Q65,7
R_4JCxdikXswRAxdQ,0,여성,충북,59,고등학교,예,7,더불어민주당,기독교,어느 정도 자랑스럽다,어느 정도 자랑스럽다,4,Q61|Q62,전혀 찬성하지 않음,1,Q64|Q65,10
R_4CUN0qPgoAM3MCh,0,여성,서울,24,대학교,예,5,더불어민주당,무교,전혀 자랑스럽지 않다,전혀 자랑스럽지 않다,2,Q61|Q62,약간 찬성함,1,Q63|Q65,9
R_4nqlzX7G0YJpAiX,0,여성,서울,34,대학교,예,3,더불어민주당,무교,어느 정도 자랑스럽다,어느 정도 자랑스럽다,1,Q60|Q62,별로 찬성하지 않음,1,Q63|Q65,10
R_4e2eSnoFRZy6EIF,1,여성,서울,33,대학교,예,4,잘 모르겠다,무교,어느 정도 자랑스럽다,어느 정도 자랑스럽다,2,Q61|Q62,전혀 찬성하지 않음,2,Q63|Q65,10
R_4co10nlPtzvUoUe,1,여성,경남,33,대학교,예,7,더불어민주당,무교,매우 자랑스럽다,매우 자랑스럽다,2,Q60|Q62,매우 찬성함,2,Q64|Q65,9
R_4dMXs91g5ZBjsRy,1,여성,서울,55,대학교,예,5,다른 정당,무교,어느 정도 자랑스럽다,어느 정도 자랑스럽다,0,Q60|Q62,전혀 찬성하지 않음,1,Q63|Q65,8
R_4320gJyTA2b3SWZ,0,여성,충북,66,대학교,예,6,국민의힘,무교,별로 자랑스럽지 않다,어느 정도 자랑스럽다,0,Q61|Q62,매우 찬성함,2,Q64|Q65,10
R_4FD4rA0ATFHRkeh,0,여성,서울,55,고등학교,예,3,더불어민주당,불교,어느 정도 자랑스럽다,매우 자랑스럽다,2,Q60|Q62,별로 찬성하지 않음,2,Q64|Q65,8
R_4aOOCM7p5H726M9,1,여성,서울,31,전문 대학교(기술 학교 포함),예,5,잘 모르겠다,무교,어느 정도 자랑스럽다,어느 정도 자랑스럽다,1,Q60|Q62,별로 찬성하지 않음,3,Q64|Q65,5
R_4V3bXAn8BW9oJCN,0,여성,서울,32,대학교,예,8,국민의힘,무교,어느 정도 자랑스럽다,어느 정도 자랑스럽다,1,Q60|Q62,매우 찬성함,2,Q63|Q65,10
R_4Rw3Uu68kq3mYUo,0,여성,충북,32,고등학교,예,5,더불어민주당,무교,어느 정도 자랑스럽다,어느 정도 자랑스럽다,2,Q61|Q62,약간 찬성함,2,Q63|Q65,10
R_4nx5DDpH9a1724F,1,여성,충북,27,대학교,예,5,더불어민주당,무교,매우 자랑스럽다,매우 자랑스럽다,2,Q61|Q62,약간 찬성함,1,Q63|Q65,10
R_4m50UWoOn019kp3,0,여성,경남,32,대학원 이상,예,7,잘 모르겠다,무교,어느 정도 자랑스럽다,어느 정도 자랑스럽다,1,Q60|Q62,약간 찬성함,2,Q63|Q65,9
R_4gGrDVvytdxZ0nD,0,여성,서울,32,대학원 이상,예,7,잘 모르겠다,천주교,어느 정도 자랑스럽다,어느 정도 자랑스럽다,1,Q60|Q62,매우 찬성함,2,Q63|Q65,6
R_4anb2j9qiDZKSgF,0,여성,서울,56,고등학교,예,"1
진보",더불어민주당,기독교,어느 정도 자랑스럽다,매우 자랑스럽다,3,Q61|Q62,매우 찬성함,1,Q63|Q65,10
R_4fVJ4n86SXCLKQF,1,여성,서울,56,고등학교,예,7,국민의힘,무교,매우 자랑스럽다,매우 자랑스럽다,3,Q61|Q62,매우 찬성함,1,Q63|Q65,9
R_42nrQE8737sUmUR,1,여성,서울,29,대학교,예,5,잘 모르겠다,무교,어느 정도 자랑스럽다,어느 정도 자랑스럽다,2,Q61|Q62,약간 찬성함,0,Q63|Q65,7
R_4BzK2T1zQG8I3jB,0,여성,서울,29,대학교,예,3,다른 정당,무교,어느 정도 자랑스럽다,별로 자랑스럽지 않다,1,Q61|Q62,약간 찬성함,1,Q64|Q65,5
R_4zmEHjIRKhsXvtT,1,여성,서울,27,대학교,예,"1
진보",다른 정당,무교,매우 자랑스럽다,매우 자랑스럽다,1,Q60|Q62,별로 찬성하지 않음,1,Q64|Q65,9
R_4Cyx2S5zpF0PJuP,1,여성,서울,33,대학원 이상,예,5,더불어민주당,무교,매우 자랑스럽다,어느 정도 자랑스럽다,1,Q61|Q62,별로 찬성하지 않음,1,Q64|Q65,8
R_4fx7igljtepaHrE,0,여성,인천,27,대학교,예,"1
진보",잘 모르겠다,무교,매우 자랑스럽다,매우 자랑스럽다,2,Q61|Q62,매우 찬성함,1,Q64|Q65,5
R_441UpazULWO2rgd,1,여성,울산,23,고등학교,예,6,잘 모르겠다,무교,매우 자랑스럽다,매우 자랑스럽다,2,Q60|Q62,약간 찬성함,2,Q63|Q65,5
R_4w4vyYVFarGA05n,1,여성,대구,26,전문 대학교(기술 학교 포함),예,4,녹색정의당,무교,매우 자랑스럽다,매우 자랑스럽다,3,Q61|Q62,별로 찬성하지 않음,1,Q63|Q65,3
R_4kHLG7fZA7MkvzZ,0,여성,서울,63,대학원 이상,예,5,다른 정당,천주교,어느 정도 자랑스럽다,어느 정도 자랑스럽다,2,Q60|Q62,별로 찬성하지 않음,1,Q63|Q65,10
R_4lcUrnOpzSJo3KV,1,여성,세종,29,대학원 이상,예,6,녹색정의당,불교,어느 정도 자랑스럽다,어느 정도 자랑스럽다,2,Q60|Q62,별로 찬성하지 않음,1,Q63|Q65,7
R_44jvRk3PYKNRFrf,1,여성,서울,32,대학교,예,5,더불어민주당,무교,어느 정도 자랑스럽다,어느 정도 자랑스럽다,1,Q61|Q62,별로 찬성하지 않음,0,Q64|Q65,7
R_4jSyWwsfmTak85E,0,여성,서울,27,대학교,예,2,더불어민주당,무교,어느 정도 자랑스럽다,어느 정도 자랑스럽다,1,Q60|Q62,약간 찬성함,2,Q63|Q65,10
R_41EKDOKUyFWcwmd,1,여성,전남,22,대학교,예,8,녹색정의당,기독교,별로 자랑스럽지 않다,전혀 자랑스럽지 않다,3,Q61|Q62,별로 찬성하지 않음,1,Q64|Q65,8
R_45Xz3Bnmzh8OLtL,1,여성,부산,18,대학교,예,5,잘 모르겠다,무교,매우 자랑스럽다,매우 자랑스럽다,2,Q61|Q62,매우 찬성함,0,Q64|Q65,6
R_4wMudtNqy3msKlj,0,여성,서울,28,대학교,예,5,녹색정의당,무교,별로 자랑스럽지 않다,별로 자랑스럽지 않다,3,Q61|Q62,약간 찬성함,1,Q63|Q65,8
R_4SSj5u00RnG76rn,1,여성,서울,28,대학교,예,5,다른 정당,무교,어느 정도 자랑스럽다,어느 정도 자랑스럽다,2,Q60|Q62,약간 찬성함,2,Q64|Q65,7
R_4PRVVKTtkTs3qfz,1,여성,제주,34,전문 대학교(기술 학교 포함),예,5,국민의힘,무교,어느 정도 자랑스럽다,어느 정도 자랑스럽다,2,Q60|Q62,매우 찬성함,1,Q63|Q65,10
R_4h0cqWs9spjnXD5,1,여성,전북,28,대학교,예,5,더불어민주당,무교,어느 정도 자랑스럽다,어느 정도 자랑스럽다,0,Q60|Q62,약간 찬성함,1,Q63|Q65,7
R_4db0jzDRQg4u9Df,0,여성,부산,25,대학교,예,5,더불어민주당,무교,어느 정도 자랑스럽다,어느 정도 자랑스럽다,2,Q60|Q62,별로 찬성하지 않음,2,Q63|Q65,6
R_4k2Q5bgXtEByVj3,1,여성,대구,30,대학교,예,5,잘 모르겠다,무교,어느 정도 자랑스럽다,어느 정도 자랑스럽다,2,Q61|Q62,약간 찬성함,3,Q63|Q65,10
R_4rYsg0PCbSclS2l,1,여성,서울,18,고등학교,예,3,잘 모르겠다,무교,어느 정도 자랑스럽다,별로 자랑스럽지 않다,0,Q60|Q62,약간 찬성함,1,Q63|Q65,5
R_44o381rArKyg1od,1,여성,인천,22,대학교,예,5,잘 모르겠다,무교,매우 자랑스럽다,어느 정도 자랑스럽다,3,Q61|Q62,약간 찬성함,3,Q63|Q65,10
R_4Uz4DfFyvjVDPFf,0,여성,충남,24,전문 대학교(기술 학교 포함),예,,잘 모르겠다,기타,어느 정도 자랑스럽다,어느 정도 자랑스럽다,2,Q60|Q62,약간 찬성함,2,Q63|Q65,9
R_41nDuuekh2bAh2B,0,여성,서울,32,대학교,예,5,국민의힘,기독교,별로 자랑스럽지 않다,별로 자랑스럽지 않다,2,Q60|Q62,매우 찬성함,3,Q63|Q65,5
R_4Ph6l7wOhYAZ0Yn,1,여성,서울,24,전문 대학교(기술 학교 포함),예,3,잘 모르겠다,무교,매우 자랑스럽다,매우 자랑스럽다,2,Q60|Q62,전혀 찬성하지 않음,1,Q64|Q65,8
R_411FNwdeNfOQRs1,1,여성,서울,20,대학교,예,5,더불어민주당,기독교,어느 정도 자랑스럽다,어느 정도 자랑스럽다,3,Q60|Q62,약간 찬성함,3,Q64|Q65,10
R_41v6qxqknliqbq9,0,여성,서울,30,대학교,예,3,더불어민주당,무교,별로 자랑스럽지 않다,별로 자랑스럽지 않다,3,Q60|Q62,별로 찬성하지 않음,1,Q64|Q65,10
R_4et4FmIMiP7BmUc,1,여성,부산,20,대학교,예,5,잘 모르겠다,무교,어느 정도 자랑스럽다,어느 정도 자랑스럽다,1,Q61|Q62,별로 찬성하지 않음,1,Q63|Q65,10
R_4TnsPvi89U8ZigP,0,여성,경남,23,대학교,예,5,더불어민주당,무교,어느 정도 자랑스럽다,어느 정도 자랑스럽다,3,Q60|Q62,약간 찬성함,2,Q64|Q65,9
R_4fiImcqlfnFMIgH,0,여성,서울,29,대학교,예,5,더불어민주당,천주교,어느 정도 자랑스럽다,어느 정도 자랑스럽다,3,Q61|Q62,약간 찬성함,2,Q64|Q65,7
R_4QhjwasHIFabjLH,0,여성,서울,28,대학교,예,3,더불어민주당,기독교,별로 자랑스럽지 않다,전혀 자랑스럽지 않다,2,Q61|Q62,약간 찬성함,2,Q64|Q65,10
R_43r0EPoeCXhfMml,0,여성,서울,32,대학교,예,"10
보수",더불어민주당,불교,어느 정도 자랑스럽다,매우 자랑스럽다,4,Q61|Q62,약간 찬성함,3,Q63|Q65,8
R_4Kx0s9g0j9o3WTq,0,여성,부산,33,대학교,예,5,잘 모르겠다,기독교,별로 자랑스럽지 않다,전혀 자랑스럽지 않다,1,Q61|Q62,매우 찬성함,0,Q63|Q65,5
R_49XO55JcRYAn5pn,0,여성,서울,32,대학원 이상,예,4,잘 모르겠다,무교,어느 정도 자랑스럽다,매우 자랑스럽다,2,Q60|Q62,약간 찬성함,2,Q64|Q65,9
R_4rYxSrpkWPaR8wq,0,여성,서울,23,대학교,예,4,더불어민주당,무교,별로 자랑스럽지 않다,별로 자랑스럽지 않다,1,Q60|Q62,약간 찬성함,2,Q64|Q65,5
R_49g1o1TP16sEjIy,1,여성,부산,28,대학교,예,4,더불어민주당,무교,어느 정도 자랑스럽다,어느 정도 자랑스럽다,1,Q60|Q62,매우 찬성함,2,Q64|Q65,10
R_4X4o8IyqJzMbQXd,0,여성,광주,66,대학교,예,5,다른 정당,천주교,전혀 자랑스럽지 않다,전혀 자랑스럽지 않다,2,Q61|Q62,별로 찬성하지 않음,3,Q63|Q65,9
R_42nngxCl1RbGlck,0,남성,서울,75,고등학교,예,5,국민의힘,기독교,매우 자랑스럽다,매우 자랑스럽다,4,Q61|Q62,별로 찬성하지 않음,0,Q63|Q65,10
R_4tsVg69zptJDHBr,0,여성,서울,55,대학원 이상,예,6,다른 정당,기독교,어느 정도 자랑스럽다,어느 정도 자랑스럽다,2,Q60|Q62,약간 찬성함,1,Q63|Q65,9
R_4NDrc9E7tpjBLUe,1,여성,서울,56,대학교,예,"1
진보",더불어민주당,불교,어느 정도 자랑스럽다,매우 자랑스럽다,3,Q61|Q62,약간 찬성함,2,Q64|Q65,10
R_4cznh7fQOtfI7xk,1,남성,서울,55,대학교,예,7,국민의힘,무교,별로 자랑스럽지 않다,어느 정도 자랑스럽다,2,Q61|Q62,매우 찬성함,2,Q64|Q65,7
R_41cwd6ERWoa3xcL,1,여성,서울,65,대학교,예,9,국민의힘,기독교,어느 정도 자랑스럽다,어느 정도 자랑스럽다,3,Q60|Q62,매우 찬성함,2,Q64|Q65,8
R_4XoAZ78U5urMPhK,1,여성,서울,69,전문 대학교(기술 학교 포함),예,6,국민의힘,천주교,매우 자랑스럽다,매우 자랑스럽다,2,Q61|Q62,약간 찬성함,1,Q63|Q65,10
R_4ojtJQyo8GORsS4,1,남성,인천,72,전문 대학교(기술 학교 포함),예,4,더불어민주당,무교,어느 정도 자랑스럽다,어느 정도 자랑스럽다,2,Q60|Q62,약간 찬성함,2,Q64|Q65,9
R_449nDVqVHFj5R6h,0,남성,서울,56,대학교,예,3,더불어민주당,무교,별로 자랑스럽지 않다,별로 자랑스럽지 않다,2,Q60|Q62,별로 찬성하지 않음,1,Q64|Q65,3
R_4M5IAW9BYKAsY1P,1,여성,경기도,59,고등학교,예,5,잘 모르겠다,무교,매우 자랑스럽다,매우 자랑스럽다,1,Q60|Q62,약간 찬성함,2,Q64|Q65,10
R_4mDfctnxPvfyEBI,0,남성,광주,63,대학교,예,4,더불어민주당,천주교,별로 자랑스럽지 않다,별로 자랑스럽지 않다,1,Q61|Q62,전혀 찬성하지 않음,1,Q64|Q65,5
R_4u8rTQhTOx3fKBX,0,남성,서울,57,대학원 이상,예,5,국민의힘,무교,어느 정도 자랑스럽다,어느 정도 자랑스럽다,1,Q60|Q62,전혀 찬성하지 않음,1,Q63|Q65,9
R_4ZTsUawFGYdqRYS,0,여성,전남,58,대학원 이상,예,4,다른 정당,무교,별로 자랑스럽지 않다,별로 자랑스럽지 않다,1,Q60|Q62,별로 찬성하지 않음,1,Q63|Q65,10
R_4XjKwTNWdUQfm8N,0,여성,경기도,59,대학교,예,5,국민의힘,무교,어느 정도 자랑스럽다,어느 정도 자랑스럽다,3,Q60|Q62,매우 찬성함,1,Q63|Q65,7
R_4QmLlp8xZLmdL9e,1,남성,경기도,56,전문 대학교(기술 학교 포함),예,5,국민의힘,천주교,어느 정도 자랑스럽다,매우 자랑스럽다,3,Q60|Q62,매우 찬성함,1,Q64|Q65,9
R_4LdVOnDAY7gcQJN,1,여성,서울,62,대학원 이상,예,3,더불어민주당,불교,어느 정도 자랑스럽다,어느 정도 자랑스럽다,2,Q60|Q62,약간 찬성함,1,Q63|Q65,7
R_4hymbDOKhYmblSb,1,여성,서울,62,고등학교,예,7,잘 모르겠다,기독교,어느 정도 자랑스럽다,어느 정도 자랑스럽다,2,Q60|Q62,별로 찬성하지 않음,2,Q64|Q65,10
R_4H2hPVqrbf24xTC,1,남성,서울,67,대학원 이상,예,9,국민의힘,기독교,어느 정도 자랑스럽다,어느 정도 자랑스럽다,2,Q60|Q62,매우 찬성함,1,Q63|Q65,9
R_4AWpcr3jzaJtJde,0,여성,대구,58,대학교,예,5,더불어민주당,불교,어느 정도 자랑스럽다,어느 정도 자랑스럽다,4,Q61|Q62,별로 찬성하지 않음,1,Q63|Q65,9
R_4ouu19vVBAx6P5W,1,여성,경기도,59,대학교,예,4,다른 정당,기독교,매우 자랑스럽다,매우 자랑스럽다,3,Q60|Q62,별로 찬성하지 않음,2,Q63|Q65,10
R_4IcnyPMm7nJipHI,0,남성,인천,57,전문 대학교(기술 학교 포함),예,4,더불어민주당,무교,어느 정도 자랑스럽다,어느 정도 자랑스럽다,1,Q60|Q62,별로 찬성하지 않음,1,Q63|Q65,9
R_4f07ydfkhCRlkoV,1,남성,서울,65,고등학교,예,9,국민의힘,천주교,어느 정도 자랑스럽다,매우 자랑스럽다,2,Q60|Q62,별로 찬성하지 않음,1,Q63|Q65,10
R_4y8B6vY8c1GAEcy,0,여성,경기도,76,대학교,예,"10
보수",국민의힘,불교,별로 자랑스럽지 않다,별로 자랑스럽지 않다,2,Q61|Q62,약간 찬성함,1,Q64|Q65,10
R_4rkA67t4FVue1ei,1,여성,충남,58,대학원 이상,예,6,더불어민주당,무교,어느 정도 자랑스럽다,어느 정도 자랑스럽다,3,Q61|Q62,별로 찬성하지 않음,2,Q64|Q65,10
R_4R3op9sctsma3TT,0,남성,부산,60,대학교,예,6,더불어민주당,불교,어느 정도 자랑스럽다,어느 정도 자랑스럽다,3,Q60|Q62,별로 찬성하지 않음,1,Q63|Q65,8
R_4DJJkm2ZBp4ggk9,1,남성,강원도,57,고등학교,예,2,더불어민주당,기독교,별로 자랑스럽지 않다,별로 자랑스럽지 않다,3,Q60|Q62,별로 찬성하지 않음,2,Q64|Q65,7
R_4MK9LZJwn31CbvZ,0,남성,강원도,59,대학교,예,5,녹색정의당,불교,어느 정도 자랑스럽다,어느 정도 자랑스럽다,4,Q61|Q62,약간 찬성함,2,Q64|Q65,8
R_47Tkuw86F0TfDnr,1,남성,대전,67,대학교,예,6,국민의힘,무교,어느 정도 자랑스럽다,어느 정도 자랑스럽다,4,Q61|Q62,약간 찬성함,2,Q64|Q65,9
R_4W5w5skFcMpIcnf,0,남성,대구,74,대학교,예,7,국민의힘,무교,매우 자랑스럽다,매우 자랑스럽다,3,Q61|Q62,약간 찬성함,3,Q63|Q65,10
R_4rIUX7IxzlOOeJL,0,여성,서울,62,전문 대학교(기술 학교 포함),예,6,국민의힘,천주교,어느 정도 자랑스럽다,어느 정도 자랑스럽다,2,Q61|Q62,약간 찬성함,2,Q63|Q65,8
R_4w4gWvU3HeIcGo4,1,여성,인천,65,대학교,예,9,국민의힘,기독교,어느 정도 자랑스럽다,어느 정도 자랑스럽다,0,Q60|Q62,약간 찬성함,1,Q64|Q65,10
R_4ifihq1X502XZaC,0,여성,대구,25,전문 대학교(기술 학교 포함),예,7,더불어민주당,무교,매우 자랑스럽다,매우 자랑스럽다,2,Q60|Q62,약간 찬성함,2,Q63|Q65,10
R_4wnEL6vqlTel3od,1,여성,경기도,60,고등학교,예,4,더불어민주당,무교,어느 정도 자랑스럽다,어느 정도 자랑스럽다,4,Q61|Q62,별로 찬성하지 않음,1,Q63|Q65,8
R_4MYKqMyqfuOZFDP,1,여성,경기도,56,대학교,예,2,더불어민주당,무교,어느 정도 자랑스럽다,어느 정도 자랑스럽다,2,Q60|Q62,약간 찬성함,2,Q64|Q65,6
R_41TSUuSxrdGD9lz,0,여성,경기도,34,고등학교,예,5,국민의힘,무교,별로 자랑스럽지 않다,어느 정도 자랑스럽다,2,Q61|Q62,약간 찬성함,2,Q63|Q65,8
R_4qHPAlEuStf0eXL,1,여성,부산,72,고등학교,예,5,더불어민주당,불교,어느 정도 자랑스럽다,어느 정도 자랑스럽다,1,Q61|Q62,매우 찬성함,1,Q63|Q65,10
R_42EFDFUN1zG6r2w,1,여성,서울,31,대학교,예,2,잘 모르겠다,무교,매우 자랑스럽다,매우 자랑스럽다,1,Q60|Q62,별로 찬성하지 않음,1,Q63|Q65,9
R_4Fm4R0CLkuir5Kk,1,여성,광주,24,전문 대학교(기술 학교 포함),예,6,국민의힘,기독교,별로 자랑스럽지 않다,전혀 자랑스럽지 않다,4,Q61|Q62,매우 찬성함,1,Q63|Q65,5
R_4N1nG3YmOn3RyEx,1,여성,강원도,66,고등학교,예,5,잘 모르겠다,무교,어느 정도 자랑스럽다,어느 정도 자랑스럽다,1,Q61|Q62,별로 찬성하지 않음,1,Q64|Q65,8
R_4YY5EX0zHrFz3JT,1,여성,부산,57,대학원 이상,예,5,더불어민주당,천주교,매우 자랑스럽다,매우 자랑스럽다,3,Q61|Q62,약간 찬성함,2,Q64|Q65,10
R_4CCiSm6l8u4yJBt,0,여성,울산,33,전문 대학교(기술 학교 포함),예,4,더불어민주당,무교,어느 정도 자랑스럽다,어느 정도 자랑스럽다,2,Q61|Q62,약간 찬성함,1,Q63|Q65,10
R_4ga9XNg6OindIzf,1,여성,경기도,55,대학교,예,5,다른 정당,무교,전혀 자랑스럽지 않다,전혀 자랑스럽지 않다,2,Q61|Q62,별로 찬성하지 않음,1,Q64|Q65,6
R_4irNi5LfepA6g37,1,여성,부산,69,고등학교,예,9,국민의힘,기독교,매우 자랑스럽다,매우 자랑스럽다,2,Q61|Q62,매우 찬성함,1,Q63|Q65,10
R_4nryuXWS4XqELUR,0,여성,경남,56,대학원 이상,예,2,더불어민주당,기타,매우 자랑스럽다,매우 자랑스럽다,2,Q61|Q62,전혀 찬성하지 않음,1,Q64|Q65,10
R_4zowJSBDOb3QnLb,0,여성,서울,33,대학교,예,5,잘 모르겠다,무교,별로 자랑스럽지 않다,별로 자랑스럽지 않다,1,Q61|Q62,매우 찬성함,2,Q64|Q65,5
R_42Qs0ECl3fTtL1E,1,여성,서울,50,대학교,예,5,더불어민주당,무교,어느 정도 자랑스럽다,어느 정도 자랑스럽다,3,Q60|Q62,약간 찬성함,3,Q64|Q65,7
R_4Gb9S156WKwwPZL,1,여성,경기도,51,대학교,예,6,더불어민주당,무교,어느 정도 자랑스럽다,별로 자랑스럽지 않다,3,Q60|Q62,약간 찬성함,1,Q63|Q65,8
R_4Ub3FNitaGFStTr,0,여성,경북,52,대학원 이상,예,8,국민의힘,기독교,어느 정도 자랑스럽다,어느 정도 자랑스럽다,3,Q60|Q62,별로 찬성하지 않음,3,Q64|Q65,7
R_4QrM0mY4GJwJ4gp,1,여성,서울,47,전문 대학교(기술 학교 포함),예,5,더불어민주당,불교,어느 정도 자랑스럽다,어느 정도 자랑스럽다,3,Q60|Q62,약간 찬성함,2,Q64|Q65,7
R_4hnDOBksAuZOOJC,0,여성,충북,60,고등학교,예,5,국민의힘,무교,매우 자랑스럽다,매우 자랑스럽다,2,Q60|Q62,매우 찬성함,4,Q64|Q65,9
R_4ydg013cdKaI8LP,1,여성,충남,53,고등학교,예,2,더불어민주당,무교,어느 정도 자랑스럽다,어느 정도 자랑스럽다,2,Q60|Q62,약간 찬성함,1,Q63|Q65,8
R_4zinc3LOIps87gO,0,여성,경북,50,대학교,예,5,잘 모르겠다,기독교,어느 정도 자랑스럽다,어느 정도 자랑스럽다,2,Q60|Q62,별로 찬성하지 않음,1,Q63|Q65,7
R_4PbFWv1AVFjY0Lf,0,여성,서울,29,대학교,예,3,잘 모르겠다,무교,어느 정도 자랑스럽다,어느 정도 자랑스럽다,1,Q61|Q62,매우 찬성함,1,Q64|Q65,7
R_4F2Hddjwm6Pbcjb,0,여성,대구,22,고등학교,예,5,잘 모르겠다,무교,매우 자랑스럽다,매우 자랑스럽다,2,Q61|Q62,별로 찬성하지 않음,2,Q64|Q65,5
R_4LhcRrXU8uWQj0z,1,여성,서울,28,대학교,예,3,잘 모르겠다,무교,별로 자랑스럽지 않다,별로 자랑스럽지 않다,1,Q60|Q62,매우 찬성함,2,Q64|Q65,6
R_4EAmPRUKcY1ZNcJ,1,여성,서울,28,고등학교,예,5,더불어민주당,무교,어느 정도 자랑스럽다,어느 정도 자랑스럽다,1,Q60|Q62,매우 찬성함,2,Q63|Q65,5
R_4kiVApq2yMAuAyI,1,여성,서울,29,전문 대학교(기술 학교 포함),예,5,더불어민주당,천주교,어느 정도 자랑스럽다,어느 정도 자랑스럽다,3,Q60|Q62,약간 찬성함,2,Q64|Q65,10
R_4JVKO3P5FgJFc7X,1,여성,서울,22,대학교,예,5,잘 모르겠다,무교,어느 정도 자랑스럽다,어느 정도 자랑스럽다,2,Q61|Q62,약간 찬성함,1,Q64|Q65,7
R_4PvYEid8dUxcvzs,1,여성,서울,25,전문 대학교(기술 학교 포함),예,5,잘 모르겠다,천주교,어느 정도 자랑스럽다,어느 정도 자랑스럽다,1,Q60|Q62,별로 찬성하지 않음,3,Q63|Q65,7
R_4X8mgHimw3d1uM1,0,여성,서울,22,대학교,예,5,잘 모르겠다,기독교,어느 정도 자랑스럽다,어느 정도 자랑스럽다,2,Q61|Q62,매우 찬성함,1,Q63|Q65,7
R_4hXvikGXLlNWpj3,0,여성,서울,27,대학교,예,4,더불어민주당,무교,매우 자랑스럽다,매우 자랑스럽다,3,Q61|Q62,약간 찬성함,2,Q64|Q65,10
R_4QYocH9wvjg6BMt,1,여성,서울,31,대학교,예,4,녹색정의당,무교,어느 정도 자랑스럽다,어느 정도 자랑스럽다,3,Q61|Q62,별로 찬성하지 않음,1,Q63|Q65,8
R_4ZfTyO8nN6pniql,0,여성,서울,25,대학교,예,3,더불어민주당,무교,매우 자랑스럽다,매우 자랑스럽다,3,Q60|Q62,매우 찬성함,2,Q64|Q65,10
R_4rP0evohAPUCdZn,0,여성,경남,26,고등학교,예,4,더불어민주당,무교,어느 정도 자랑스럽다,어느 정도 자랑스럽다,2,Q60|Q62,약간 찬성함,2,Q64|Q65,8
R_4atLtgQcQynD7od,1,여성,서울,29,고등학교,예,5,더불어민주당,무교,매우 자랑스럽다,매우 자랑스럽다,1,Q61|Q62,매우 찬성함,1,Q63|Q65,10
R_4Vrw0y9A8M7IJxD,1,여성,서울,24,고등학교,예,3,잘 모르겠다,무교,어느 정도 자랑스럽다,어느 정도 자랑스럽다,1,Q60|Q62,약간 찬성함,1,Q63|Q65,9
R_4tA2qhpSbCrOr0r,0,여성,서울,29,고등학교,예,7,잘 모르겠다,기독교,어느 정도 자랑스럽다,어느 정도 자랑스럽다,3,Q61|Q62,약간 찬성함,2,Q64|Q65,10
R_41j6HVA7g7k6BWt,1,여성,부산,30,대학교,예,4,잘 모르겠다,천주교,어느 정도 자랑스럽다,어느 정도 자랑스럽다,4,Q61|Q62,별로 찬성하지 않음,3,Q64|Q65,8
R_4rV1Kxb0MPPUYTL,1,여성,전북,24,고등학교,예,5,잘 모르겠다,무교,매우 자랑스럽다,어느 정도 자랑스럽다,2,Q60|Q62,별로 찬성하지 않음,1,Q64|Q65,10
R_4sjNqX1hMAGPRUX,0,여성,충남,58,대학원 이상,예,4,더불어민주당,무교,어느 정도 자랑스럽다,어느 정도 자랑스럽다,3,Q61|Q62,별로 찬성하지 않음,2,Q64|Q65,10
R_4HjDILrOyhIwQpk,0,여성,서울,21,고등학교,예,5,잘 모르겠다,무교,어느 정도 자랑스럽다,어느 정도 자랑스럽다,2,Q61|Q62,약간 찬성함,2,Q64|Q65,9
R_4MULARUwDIDjx7P,1,여성,서울,56,대학교,예,5,더불어민주당,불교,어느 정도 자랑스럽다,어느 정도 자랑스럽다,2,Q60|Q62,약간 찬성함,2,Q64|Q65,6
R_4mxslWcCgJfed9i,0,여성,강원도,65,대학교,예,3,더불어민주당,불교,매우 자랑스럽다,매우 자랑스럽다,3,Q61|Q62,약간 찬성함,1,Q63|Q65,9
R_4DEofLl64m6rjH3,1,여성,대전,25,대학원 이상,예,6,국민의힘,무교,매우 자랑스럽다,매우 자랑스럽다,3,Q60|Q62,약간 찬성함,2,Q63|Q65,10
R_4aXfHgXVxv3WiQI,1,여성,서울,28,전문 대학교(기술 학교 포함),예,5,국민의힘,무교,어느 정도 자랑스럽다,어느 정도 자랑스럽다,3,Q60|Q62,약간 찬성함,2,Q64|Q65,9
R_4phWCE0u3uCS0TF,0,여성,서울,23,고등학교,예,5,더불어민주당,무교,매우 자랑스럽다,매우 자랑스럽다,2,Q60|Q62,약간 찬성함,1,Q63|Q65,9
R_4TzWT24VOYqdAO1,0,여성,서울,33,대학교,예,5,더불어민주당,무교,어느 정도 자랑스럽다,어느 정도 자랑스럽다,4,Q61|Q62,별로 찬성하지 않음,3,Q63|Q65,9
R_4sEoeMWKEcoxKjT,0,여성,서울,25,대학교,예,5,더불어민주당,무교,어느 정도 자랑스럽다,매우 자랑스럽다,2,Q61|Q62,전혀 찬성하지 않음,2,Q64|Q65,5
R_4I5T34XGqMIquTi,0,여성,서울,27,고등학교,예,3,더불어민주당,무교,매우 자랑스럽다,매우 자랑스럽다,2,Q61|Q62,약간 찬성함,3,Q64|Q65,10
R_4PpqDKyWpWwSOAp,1,여성,서울,23,대학교,예,5,다른 정당,무교,어느 정도 자랑스럽다,어느 정도 자랑스럽다,2,Q60|Q62,약간 찬성함,1,Q63|Q65,8
R_4iJq6hzX5R4pFvq,1,여성,인천,59,대학교,예,3,더불어민주당,천주교,어느 정도 자랑스럽다,어느 정도 자랑스럽다,2,Q60|Q62,전혀 찬성하지 않음,2,Q63|Q65,7
R_4P6i9FzSvcuiOY1,1,여성,서울,31,대학원 이상,예,8,국민의힘,천주교,매우 자랑스럽다,매우 자랑스럽다,4,Q61|Q62,매우 찬성함,3,Q64|Q65,10
R_41aXaxpxwpuHM2E,0,여성,서울,27,대학교,예,4,더불어민주당,무교,어느 정도 자랑스럽다,어느 정도 자랑스럽다,3,Q61|Q62,약간 찬성함,3,Q63|Q65,7
R_4OTY0ql3ekGRk77,0,여성,서울,32,대학교,예,5,잘 모르겠다,무교,별로 자랑스럽지 않다,어느 정도 자랑스럽다,1,Q60|Q62,약간 찬성함,2,Q64|Q65,7
R_4turiOVO7DVGY9u,0,여성,서울,27,대학원 이상,예,4,녹색정의당,기독교,어느 정도 자랑스럽다,어느 정도 자랑스럽다,1,Q61|Q62,별로 찬성하지 않음,1,Q64|Q65,8
R_437nFB2IXi5TFAd,1,여성,인천,19,고등학교,예,5,더불어민주당,무교,어느 정도 자랑스럽다,어느 정도 자랑스럽다,3,Q61|Q62,별로 찬성하지 않음,4,Q64|Q65,7
R_4xxULzX6DGY3BCG,0,여성,서울,57,대학교,예,5,잘 모르겠다,무교,매우 자랑스럽다,매우 자랑스럽다,2,Q61|Q62,매우 찬성함,2,Q64|Q65,10
R_4SjilqrqM0YjMvn,0,여성,인천,26,고등학교,예,7,국민의힘,무교,매우 자랑스럽다,매우 자랑스럽다,2,Q61|Q62,별로 찬성하지 않음,2,Q63|Q65,10
R_4Q4VjJr0Bc6jE1r,1,여성,부산,30,대학교,예,8,잘 모르겠다,무교,매우 자랑스럽다,매우 자랑스럽다,3,Q61|Q62,약간 찬성함,2,Q63|Q65,8
R_4D8ozenPjc8fLUf,0,여성,대전,57,대학교,예,6,국민의힘,불교,어느 정도 자랑스럽다,어느 정도 자랑스럽다,2,Q61|Q62,매우 찬성함,2,Q63|Q65,10
R_45Vlqsd4nvxtpp7,0,여성,서울,29,전문 대학교(기술 학교 포함),예,5,잘 모르겠다,천주교,어느 정도 자랑스럽다,어느 정도 자랑스럽다,2,Q61|Q62,약간 찬성함,2,Q64|Q65,7
R_42F99zXMWo5bYMz,1,여성,서울,34,대학교,예,4,더불어민주당,무교,어느 정도 자랑스럽다,어느 정도 자랑스럽다,1,Q60|Q62,약간 찬성함,2,Q64|Q65,9
R_4MUPORbgU6qsT6N,1,여성,인천,26,대학교,예,5,잘 모르겠다,무교,어느 정도 자랑스럽다,어느 정도 자랑스럽다,3,Q61|Q62,별로 찬성하지 않음,1,Q64|Q65,10
R_4sD1F6TfDgGBMoV,0,여성,서울,31,대학교,예,4,잘 모르겠다,무교,별로 자랑스럽지 않다,별로 자랑스럽지 않다,2,Q60|Q62,약간 찬성함,0,Q64|Q65,9
R_4h8Cbiey2WlvL4R,0,여성,광주,62,대학교,예,9,국민의힘,기독교,어느 정도 자랑스럽다,어느 정도 자랑스럽다,4,Q61|Q62,매우 찬성함,1,Q63|Q65,10
R_4ojyp9NCbCD20u3,0,여성,대구,57,대학원 이상,예,4,더불어민주당,불교,어느 정도 자랑스럽다,어느 정도 자랑스럽다,4,Q61|Q62,전혀 찬성하지 않음,2,Q64|Q65,10
R_4irMNPhjg3Ffd1d,0,여성,대구,55,대학교,예,6,국민의힘,무교,어느 정도 자랑스럽다,어느 정도 자랑스럽다,1,Q60|Q62,약간 찬성함,1,Q63|Q65,10
R_41G7vq7P735aROO,1,여성,전남,61,대학교,예,4,잘 모르겠다,불교,어느 정도 자랑스럽다,어느 정도 자랑스럽다,1,Q61|Q62,별로 찬성하지 않음,1,Q63|Q65,9
R_4mrSTBLfWG9i3CP,1,여성,제주,28,고등학교,예,5,잘 모르겠다,불교,어느 정도 자랑스럽다,어느 정도 자랑스럽다,1,Q60|Q62,약간 찬성함,1,Q64|Q65,5
R_4DJ32LS5AfWjbk3,1,여성,서울,83,대학교,예,7,잘 모르겠다,불교,어느 정도 자랑스럽다,어느 정도 자랑스럽다,3,Q60|Q62,별로 찬성하지 않음,1,Q63|Q65,10
R_4VPWEnWEk8mJL4Z,0,여성,충남,66,고등학교,예,7,국민의힘,불교,어느 정도 자랑스럽다,어느 정도 자랑스럽다,3,Q60|Q62,약간 찬성함,1,Q63|Q65,7
R_4eRkuuvCmMy974l,1,여성,강원도,65,고등학교,예,4,더불어민주당,불교,매우 자랑스럽다,매우 자랑스럽다,2,Q60|Q62,매우 찬성함,2,Q63|Q65,10
R_4mSFjxNFXZ4L5VT,0,여성,서울,65,대학교,예,5,잘 모르겠다,불교,어느 정도 자랑스럽다,어느 정도 자랑스럽다,3,Q61|Q62,별로 찬성하지 않음,2,Q63|Q65,9
R_4nwkEQ2212dKh0A,0,여성,서울,61,대학교,예,5,잘 모르겠다,무교,별로 자랑스럽지 않다,별로 자랑스럽지 않다,3,Q60|Q62,약간 찬성함,3,Q64|Q65,2
R_4JzueIHImtU4XPo,1,여성,인천,26,대학교,예,3,국민의힘,무교,매우 자랑스럽다,매우 자랑스럽다,4,Q61|Q62,매우 찬성함,3,Q63|Q65,7
R_42m2QB5t5F3PCyD,0,여성,서울,27,대학교,예,5,잘 모르겠다,무교,매우 자랑스럽다,매우 자랑스럽다,4,Q61|Q62,매우 찬성함,4,Q64|Q65,10
R_4PXp6guzgiLl2da,1,여성,부산,57,대학원 이상,예,5,더불어민주당,천주교,매우 자랑스럽다,매우 자랑스럽다,2,Q61|Q62,약간 찬성함,1,Q63|Q65,10
R_4pfBtRI8YTjcHwx,0,여성,서울,23,대학교,예,7,잘 모르겠다,무교,어느 정도 자랑스럽다,어느 정도 자랑스럽다,2,Q61|Q62,약간 찬성함,1,Q63|Q65,7
R_4wAHJALLYiUocRk,1,여성,광주,61,고등학교,예,5,잘 모르겠다,무교,매우 자랑스럽다,매우 자랑스럽다,3,Q60|Q62,약간 찬성함,2,Q64|Q65,10
R_4WAOkc3buepebZY,1,여성,인천,30,고등학교,예,3,잘 모르겠다,무교,어느 정도 자랑스럽다,어느 정도 자랑스럽다,0,Q60|Q62,약간 찬성함,1,Q64|Q65,7
R_4RQX5ylnGiIspst,1,여성,서울,28,고등학교,예,7,국민의힘,무교,어느 정도 자랑스럽다,어느 정도 자랑스럽다,1,Q60|Q62,매우 찬성함,1,Q63|Q65,5
R_44MdKlNyfybeONE,1,여성,경북,25,대학원 이상,예,7,더불어민주당,기독교,매우 자랑스럽다,매우 자랑스럽다,4,Q61|Q62,약간 찬성함,2,Q63|Q65,10
R_4vHcJprCPzxUaDT,1,여성,부산,23,고등학교,예,4,더불어민주당,무교,어느 정도 자랑스럽다,어느 정도 자랑스럽다,2,Q61|Q62,별로 찬성하지 않음,1,Q63|Q65,8
R_41cq0tMMbNRVsr9,0,여성,광주,30,대학교,예,3,더불어민주당,무교,어느 정도 자랑스럽다,어느 정도 자랑스럽다,0,Q60|Q62,약간 찬성함,3,Q64|Q65,6
R_4I5lhEP537wHoXe,0,여성,대구,22,전문 대학교(기술 학교 포함),예,7,국민의힘,불교,매우 자랑스럽다,매우 자랑스럽다,3,Q61|Q62,별로 찬성하지 않음,1,Q63|Q65,10
R_4QRaFXTehbBrP3b,0,여성,부산,24,대학교,예,7,더불어민주당,불교,어느 정도 자랑스럽다,어느 정도 자랑스럽다,1,Q60|Q62,약간 찬성함,2,Q63|Q65,9
R_4aSegFm0vXEHsv7,0,여성,서울,32,대학교,예,6,더불어민주당,기독교,매우 자랑스럽다,매우 자랑스럽다,3,Q60|Q62,약간 찬성함,1,Q63|Q65,10
R_4i1XEE9h3bZiIWt,0,여성,경북,21,고등학교,예,4,더불어민주당,무교,별로 자랑스럽지 않다,별로 자랑스럽지 않다,0,Q61|Q62,별로 찬성하지 않음,2,Q64|Q65,10
R_4YMivC9k2niewI9,1,여성,대구,26,대학교,예,2,더불어민주당,무교,어느 정도 자랑스럽다,어느 정도 자랑스럽다,3,Q61|Q62,별로 찬성하지 않음,1,Q64|Q65,8
R_4lFIuxxGdaQbnlD,0,여성,서울,35,대학교,예,7,국민의힘,무교,매우 자랑스럽다,매우 자랑스럽다,3,Q61|Q62,약간 찬성함,2,Q63|Q65,10
R_42QtDyejB9k2Thv,0,여성,부산,39,대학교,예,"10
보수",국민의힘,무교,매우 자랑스럽다,매우 자랑스럽다,2,Q61|Q62,약간 찬성함,1,Q64|Q65,10
R_4qmzwSk1tdZx3Hz,1,여성,대구,32,대학교,예,5,잘 모르겠다,무교,어느 정도 자랑스럽다,어느 정도 자랑스럽다,4,Q61|Q62,약간 찬성함,2,Q64|Q65,6
R_4eQHh8xS0YdJSCL,0,여성,서울,21,고등학교,예,7,국민의힘,무교,어느 정도 자랑스럽다,어느 정도 자랑스럽다,2,Q60|Q62,약간 찬성함,2,Q63|Q65,7
R_4msijmoHI9A5odB,0,여성,서울,18,고등학교,예,4,더불어민주당,무교,어느 정도 자랑스럽다,어느 정도 자랑스럽다,1,Q60|Q62,약간 찬성함,3,Q64|Q65,5
R_4Q3DREj6RujOces,0,여성,충북,20,고등학교,예,2,더불어민주당,기독교,별로 자랑스럽지 않다,별로 자랑스럽지 않다,2,Q60|Q62,약간 찬성함,1,Q63|Q65,10
R_4fjxm87RkZ0WFjv,1,여성,광주,18,고등학교,예,5,잘 모르겠다,무교,전혀 자랑스럽지 않다,별로 자랑스럽지 않다,2,Q61|Q62,매우 찬성함,1,Q64|Q65,5
R_4t3uMnobxIw9S5R,0,여성,서울,35,대학교,예,4,국민의힘,기독교,매우 자랑스럽다,매우 자랑스럽다,3,Q60|Q62,전혀 찬성하지 않음,1,Q64|Q65,8
R_4sZ6zycJK84acIp,1,여성,전북,22,대학교,예,6,더불어민주당,무교,매우 자랑스럽다,매우 자랑스럽다,4,Q61|Q62,매우 찬성함,1,Q63|Q65,10
R_4dXPaO1AW9ZONbB,0,여성,인천,23,고등학교,예,5,더불어민주당,무교,어느 정도 자랑스럽다,어느 정도 자랑스럽다,2,Q61|Q62,매우 찬성함,2,Q63|Q65,6
R_4SAPPI0iIsf8d0t,1,여성,광주,22,대학교,예,6,더불어민주당,무교,어느 정도 자랑스럽다,어느 정도 자랑스럽다,2,Q61|Q62,별로 찬성하지 않음,1,Q63|Q65,8
R_4I5SXFXeWBnzIiF,1,여성,경북,22,전문 대학교(기술 학교 포함),예,5,잘 모르겠다,무교,어느 정도 자랑스럽다,어느 정도 자랑스럽다,2,Q61|Q62,별로 찬성하지 않음,2,Q63|Q65,10
R_410Ps49FReLjR5r,0,여성,서울,21,고등학교,예,4,잘 모르겠다,무교,매우 자랑스럽다,매우 자랑스럽다,4,Q60|Q62,별로 찬성하지 않음,4,Q64|Q65,9
R_41ugV93W1d6rXIs,1,여성,세종,23,대학교,예,5,잘 모르겠다,무교,전혀 자랑스럽지 않다,전혀 자랑스럽지 않다,1,Q60|Q62,전혀 찬성하지 않음,2,Q63|Q65,3
R_4dEDkSa8OgCG36Y,0,여성,서울,23,대학교,예,3,더불어민주당,기타,어느 정도 자랑스럽다,어느 정도 자랑스럽다,3,Q61|Q62,약간 찬성함,4,Q64|Q65,10
R_4jrIfc9Ntws69ht,0,여성,광주,21,고등학교,예,5,잘 모르겠다,천주교,어느 정도 자랑스럽다,어느 정도 자랑스럽다,1,Q61|Q62,약간 찬성함,2,Q63|Q65,7
R_4jR8kbq5V93YpG1,1,여성,인천,24,대학교,예,5,더불어민주당,무교,어느 정도 자랑스럽다,별로 자랑스럽지 않다,3,Q61|Q62,약간 찬성함,2,Q64|Q65,10
R_4I3vLdRvpNJq2ba,1,여성,서울,23,고등학교,예,3,더불어민주당,불교,별로 자랑스럽지 않다,별로 자랑스럽지 않다,1,Q60|Q62,약간 찬성함,1,Q63|Q65,9
R_48RZU8JfxGV4Dkt,1,여성,전북,22,대학교,예,8,더불어민주당,무교,매우 자랑스럽다,매우 자랑스럽다,3,Q60|Q62,매우 찬성함,2,Q64|Q65,10
R_4q1UiieOn0w0WpP,1,여성,서울,20,고등학교,예,3,더불어민주당,천주교,어느 정도 자랑스럽다,어느 정도 자랑스럽다,1,Q60|Q62,별로 찬성하지 않음,2,Q63|Q65,7
R_4xR7PLH4ZaPuevo,1,여성,서울,23,전문 대학교(기술 학교 포함),예,5,잘 모르겠다,무교,어느 정도 자랑스럽다,어느 정도 자랑스럽다,0,Q60|Q62,전혀 찬성하지 않음,2,Q64|Q65,10
R_4iD2HXH48p5RZct,0,여성,충북,20,대학교,예,6,국민의힘,무교,어느 정도 자랑스럽다,매우 자랑스럽다,1,Q61|Q62,약간 찬성함,2,Q64|Q65,3
R_4dXThfjtCcnfWUP,1,여성,부산,23,대학교,예,7,더불어민주당,무교,어느 정도 자랑스럽다,어느 정도 자랑스럽다,3,Q61|Q62,약간 찬성함,2,Q64|Q65,10
R_4tDqKnnC2Lbro9R,0,여성,광주,18,고등학교,예,3,더불어민주당,무교,별로 자랑스럽지 않다,별로 자랑스럽지 않다,1,Q61|Q62,약간 찬성함,3,Q64|Q65,3
R_4IyvmDDr4XVKW9H,1,여성,서울,20,대학교,예,5,더불어민주당,불교,어느 정도 자랑스럽다,어느 정도 자랑스럽다,1,Q61|Q62,매우 찬성함,0,Q63|Q65,7
R_4IRjVGHAT6ImhT9,1,여성,부산,24,대학교,예,7,더불어민주당,무교,어느 정도 자랑스럽다,매우 자랑스럽다,2,Q61|Q62,약간 찬성함,1,Q64|Q65,8
R_4t5zob92agJzSPQ,0,여성,충북,23,대학교,예,2,더불어민주당,무교,매우 자랑스럽다,매우 자랑스럽다,2,Q60|Q62,매우 찬성함,2,Q64|Q65,9
R_4LisVAw2YW2BMWP,1,여성,서울,23,전문 대학교(기술 학교 포함),예,2,더불어민주당,기독교,매우 자랑스럽다,매우 자랑스럽다,3,Q60|Q62,약간 찬성함,1,Q63|Q65,9
R_4VqNxE4ikTls6VN,1,여성,서울,23,대학교,예,6,더불어민주당,기독교,매우 자랑스럽다,매우 자랑스럽다,4,Q61|Q62,약간 찬성함,2,Q64|Q65,10
R_4JsZ3vAbdjf04ik,1,여성,서울,21,전문 대학교(기술 학교 포함),예,4,더불어민주당,무교,별로 자랑스럽지 않다,별로 자랑스럽지 않다,1,Q60|Q62,약간 찬성함,2,Q64|Q65,7
R_4jeti9ftEbC8uZ3,0,여성,강원도,23,대학교,예,5,더불어민주당,무교,어느 정도 자랑스럽다,어느 정도 자랑스럽다,1,Q61|Q62,별로 찬성하지 않음,2,Q64|Q65,7
R_4teY6RIeL2kjD2c,0,여성,충남,22,대학교,예,5,잘 모르겠다,불교,어느 정도 자랑스럽다,어느 정도 자랑스럽다,2,Q61|Q62,별로 찬성하지 않음,2,Q64|Q65,8
R_4DdoocflhKndau9,1,여성,서울,21,고등학교,예,7,국민의힘,무교,어느 정도 자랑스럽다,어느 정도 자랑스럽다,1,Q60|Q62,전혀 찬성하지 않음,1,Q63|Q65,10
R_4NIiV58Ij59Uej6,1,남성,인천,27,대학교,예,9,국민의힘,무교,전혀 자랑스럽지 않다,전혀 자랑스럽지 않다,1,Q61|Q62,매우 찬성함,1,Q64|Q65,7
R_4WGKEDMJgpP0krn,0,여성,경기도,29,고등학교,예,5,녹색정의당,무교,어느 정도 자랑스럽다,어느 정도 자랑스럽다,2,Q61|Q62,약간 찬성함,1,Q63|Q65,8
R_4nB2RHy7DBJ60bV,0,남성,서울,19,고등학교,예,8,국민의힘,무교,전혀 자랑스럽지 않다,전혀 자랑스럽지 않다,0,Q61|Q62,매우 찬성함,1,Q63|Q65,0
R_49depnqD6hzIS7a,0,남성,서울,42,대학교,예,9,국민의힘,기독교,매우 자랑스럽다,매우 자랑스럽다,4,Q61|Q62,매우 찬성함,1,Q63|Q65,8
R_4VggnufBHfZL0nT,0,남성,서울,32,대학원 이상,예,3,녹색정의당,무교,어느 정도 자랑스럽다,어느 정도 자랑스럽다,1,Q60|Q62,별로 찬성하지 않음,2,Q63|Q65,10
R_4hYHQWHzJXsuBgj,0,여성,서울,33,전문 대학교(기술 학교 포함),예,5,다른 정당,무교,어느 정도 자랑스럽다,어느 정도 자랑스럽다,2,Q60|Q62,매우 찬성함,2,Q64|Q65,10
R_4yKcjE64ziQxn5T,1,남성,서울,35,대학교,예,9,국민의힘,천주교,어느 정도 자랑스럽다,어느 정도 자랑스럽다,3,Q61|Q62,약간 찬성함,2,Q64|Q65,9
R_4vwxzgJ3sPhaYrD,0,남성,경북,58,고등학교,예,"10
보수",잘 모르겠다,불교,매우 자랑스럽다,매우 자랑스럽다,4,Q61|Q62,약간 찬성함,4,Q64|Q65,6
R_4zlbh7FUqxHjLyh,0,여성,경기도,48,전문 대학교(기술 학교 포함),예,5,국민의힘,무교,매우 자랑스럽다,매우 자랑스럽다,0,Q60|Q62,약간 찬성함,1,Q63|Q65,10
R_4YnwGUu4MnQCiBM,1,여성,부산,32,대학원 이상,예,6,국민의힘,무교,어느 정도 자랑스럽다,어느 정도 자랑스럽다,1,Q60|Q62,매우 찬성함,1,Q63|Q65,10
R_4i7vN4NwTIEqdXj,1,남성,전북,54,고등학교,예,7,다른 정당,불교,별로 자랑스럽지 않다,별로 자랑스럽지 않다,3,Q60|Q62,약간 찬성함,2,Q63|Q65,9
R_4gLNh34BITiGQOB,1,남성,경기도,50,대학교,예,"10
보수",국민의힘,불교,매우 자랑스럽다,매우 자랑스럽다,2,Q61|Q62,매우 찬성함,1,Q63|Q65,10
R_48DliUBLEOS730d,1,여성,서울,58,대학교,예,2,더불어민주당,천주교,매우 자랑스럽다,매우 자랑스럽다,4,Q61|Q62,전혀 찬성하지 않음,1,Q63|Q65,8
R_4DvJNWe0adzDKc9,1,여성,대전,20,고등학교,예,3,더불어민주당,무교,어느 정도 자랑스럽다,어느 정도 자랑스럽다,2,Q61|Q62,약간 찬성함,0,Q63|Q65,8
R_4XSgMwIHth00DlL,1,여성,충북,19,고등학교,예,8,국민의힘,기독교,어느 정도 자랑스럽다,어느 정도 자랑스럽다,2,Q61|Q62,약간 찬성함,2,Q64|Q65,5
R_4N23bgCjRSpFjgy,1,남성,전남,51,대학원 이상,예,4,더불어민주당,무교,어느 정도 자랑스럽다,어느 정도 자랑스럽다,2,Q61|Q62,별로 찬성하지 않음,4,Q64|Q65,8
R_4OlAGbCClWkCf0x,1,여성,대구,21,전문 대학교(기술 학교 포함),예,5,다른 정당,무교,전혀 자랑스럽지 않다,어느 정도 자랑스럽다,2,Q61|Q62,별로 찬성하지 않음,0,Q64|Q65,10
R_4IQawdc506s0pnN,1,남성,서울,52,대학교,예,4,더불어민주당,무교,별로 자랑스럽지 않다,별로 자랑스럽지 않다,1,Q60|Q62,전혀 찬성하지 않음,1,Q64|Q65,10
R_4cnpiQCBdOA6tFo,0,여성,대구,39,대학교,예,2,국민의힘,무교,매우 자랑스럽다,어느 정도 자랑스럽다,3,Q61|Q62,약간 찬성함,1,Q63|Q65,8
R_4EAT8UdXBfovH9X,0,여성,경북,20,고등학교,예,6,더불어민주당,무교,어느 정도 자랑스럽다,매우 자랑스럽다,2,Q61|Q62,약간 찬성함,2,Q63|Q65,10
R_4VQIMVPBZjUqnpZ,1,여성,서울,21,고등학교,예,5,잘 모르겠다,무교,어느 정도 자랑스럽다,어느 정도 자랑스럽다,2,Q61|Q62,별로 찬성하지 않음,1,Q64|Q65,8
R_4R3I06loQ4fqOZT,0,남성,서울,55,대학교,예,5,잘 모르겠다,무교,어느 정도 자랑스럽다,어느 정도 자랑스럽다,3,Q61|Q62,약간 찬성함,1,Q63|Q65,8
R_4NQDIah7rEOvq40,1,남성,서울,24,대학교,예,5,더불어민주당,기독교,어느 정도 자랑스럽다,어느 정도 자랑스럽다,2,Q60|Q62,약간 찬성함,3,Q64|Q65,9
R_4me1Fsp9RHMbWsN,0,여성,서울,58,대학교,예,5,잘 모르겠다,기독교,어느 정도 자랑스럽다,어느 정도 자랑스럽다,2,Q61|Q62,약간 찬성함,0,Q64|Q65,5
R_4i2u1Zio3gWcwm4,1,여성,대전,36,대학교,예,8,국민의힘,불교,별로 자랑스럽지 않다,별로 자랑스럽지 않다,3,Q61|Q62,별로 찬성하지 않음,2,Q64|Q65,6
R_4saUPVBnZiapCIE,0,남성,서울,23,대학원 이상,예,4,국민의힘,기독교,별로 자랑스럽지 않다,어느 정도 자랑스럽다,3,Q61|Q62,약간 찬성함,1,Q64|Q65,7
R_4uU07dSleJ5d9YC,0,여성,전북,20,고등학교,예,5,잘 모르겠다,무교,어느 정도 자랑스럽다,어느 정도 자랑스럽다,1,Q60|Q62,약간 찬성함,2,Q64|Q65,8
R_4bTPUEruW3pwpOs,1,남성,경남,43,대학교,예,5,잘 모르겠다,불교,어느 정도 자랑스럽다,어느 정도 자랑스럽다,1,Q61|Q62,별로 찬성하지 않음,1,Q63|Q65,9
R_47J6eRsIQBDFQS1,1,남성,서울,48,대학교,예,5,더불어민주당,무교,어느 정도 자랑스럽다,어느 정도 자랑스럽다,2,Q60|Q62,별로 찬성하지 않음,1,Q63|Q65,5
R_4wccg9Rg6GxPO45,0,여성,경기도,21,고등학교,예,2,녹색정의당,무교,매우 자랑스럽다,매우 자랑스럽다,4,Q61|Q62,약간 찬성함,1,Q63|Q65,10
R_4iChlcHIJTrqreQ,0,여성,서울,22,고등학교,예,"1
진보",더불어민주당,무교,전혀 자랑스럽지 않다,전혀 자랑스럽지 않다,1,Q60|Q62,매우 찬성함,0,Q63|Q65,4
R_4QaogSJ5ZlarFfC,0,여성,서울,38,대학교,예,5,다른 정당,무교,어느 정도 자랑스럽다,어느 정도 자랑스럽다,1,Q60|Q62,약간 찬성함,1,Q63|Q65,9
R_4kXQtKMKCKKJ0Gh,0,여성,강원도,23,고등학교,예,5,잘 모르겠다,무교,어느 정도 자랑스럽다,별로 자랑스럽지 않다,1,Q61|Q62,약간 찬성함,1,Q63|Q65,4
R_4n0Ba1Vqyx5DReV,1,여성,대구,18,대학교,예,5,잘 모르겠다,무교,매우 자랑스럽다,매우 자랑스럽다,2,Q60|Q62,별로 찬성하지 않음,0,Q64|Q65,10
R_4oAywIWeHhmzE12,1,여성,충남,56,고등학교,예,7,국민의힘,무교,매우 자랑스럽다,매우 자랑스럽다,1,Q60|Q62,약간 찬성함,2,Q64|Q65,10
R_40jcAuRuPOpDR1w,1,여성,부산,24,대학교,예,5,잘 모르겠다,무교,별로 자랑스럽지 않다,별로 자랑스럽지 않다,1,Q61|Q62,매우 찬성함,3,Q64|Q65,8
R_478uIgMqYEDFQeG,0,여성,전남,20,고등학교,예,8,더불어민주당,기독교,어느 정도 자랑스럽다,어느 정도 자랑스럽다,1,Q60|Q62,매우 찬성함,2,Q63|Q65,8
R_44IQmQtLOlG3nMS,1,여성,충북,43,전문 대학교(기술 학교 포함),예,9,국민의힘,기독교,어느 정도 자랑스럽다,어느 정도 자랑스럽다,3,Q61|Q62,전혀 찬성하지 않음,2,Q63|Q65,10
R_40MAFSydfOyzVOH,1,여성,경기도,35,대학교,예,6,국민의힘,무교,어느 정도 자랑스럽다,어느 정도 자랑스럽다,3,Q60|Q62,약간 찬성함,0,Q63|Q65,10
R_4rvzJe6kHpzOeHM,0,여성,경기도,39,대학교,예,3,녹색정의당,무교,별로 자랑스럽지 않다,별로 자랑스럽지 않다,1,Q60|Q62,약간 찬성함,2,Q64|Q65,4
R_1sEBkyUYM8rVGNj,1,여성,충남,64,대학교,예,"10
보수",국민의힘,기독교,매우 자랑스럽다,매우 자랑스럽다,3,Q60|Q62,매우 찬성함,1,Q63|Q65,10
R_4ElQ9PC1vJkScAz,0,여성,충남,56,대학교,예,5,더불어민주당,무교,매우 자랑스럽다,매우 자랑스럽다,1,Q61|Q62,전혀 찬성하지 않음,1,Q63|Q65,10
R_4ANK32cKSetl7N7,1,여성,강원도,22,고등학교,예,7,다른 정당,무교,매우 자랑스럽다,매우 자랑스럽다,1,Q60|Q62,약간 찬성함,4,Q64|Q65,10
R_4jkbf5x18137XbZ,0,여성,경북,44,고등학교,예,"1
진보",녹색정의당,무교,어느 정도 자랑스럽다,어느 정도 자랑스럽다,1,Q61|Q62,매우 찬성함,2,Q63|Q65,7
R_4rCebJnmVF653e8,1,여성,대구,18,고등학교,예,9,더불어민주당,무교,매우 자랑스럽다,매우 자랑스럽다,2,Q61|Q62,약간 찬성함,1,Q63|Q65,10
R_4aQdoLqKzQ1B0vT,0,여성,세종,21,고등학교,예,3,더불어민주당,기독교,매우 자랑스럽다,매우 자랑스럽다,4,Q61|Q62,전혀 찬성하지 않음,2,Q63|Q65,7
R_42AmBeEQUbcXPnA,1,여성,인천,22,전문 대학교(기술 학교 포함),예,"1
진보",녹색정의당,무교,별로 자랑스럽지 않다,별로 자랑스럽지 않다,2,Q60|Q62,별로 찬성하지 않음,1,Q63|Q65,2
R_4OrafthBVPrlgSc,1,여성,경기도,20,고등학교,예,5,더불어민주당,무교,어느 정도 자랑스럽다,어느 정도 자랑스럽다,3,Q60|Q62,별로 찬성하지 않음,1,Q63|Q65,6
R_4LpUSmWdfdDSQk2,0,여성,경기도,24,대학원 이상,예,5,더불어민주당,무교,매우 자랑스럽다,매우 자랑스럽다,2,Q60|Q62,약간 찬성함,1,Q63|Q65,10
R_4PcQzmWhLbzKgML,0,여성,충북,66,대학교,예,6,국민의힘,무교,어느 정도 자랑스럽다,별로 자랑스럽지 않다,1,Q60|Q62,매우 찬성함,1,Q64|Q65,10
R_4rxN6C1ELkROpNz,0,여성,경남,24,전문 대학교(기술 학교 포함),예,5,더불어민주당,무교,매우 자랑스럽다,매우 자랑스럽다,2,Q61|Q62,별로 찬성하지 않음,1,Q64|Q65,9
R_4BqJe0l3Q9VhIyJ,1,여성,인천,23,대학교,예,7,다른 정당,무교,별로 자랑스럽지 않다,어느 정도 자랑스럽다,2,Q60|Q62,별로 찬성하지 않음,2,Q64|Q65,7
R_4eavBmwFpT02usr,0,여성,대전,59,대학교,예,7,국민의힘,무교,매우 자랑스럽다,매우 자랑스럽다,2,Q60|Q62,별로 찬성하지 않음,2,Q64|Q65,10
R_4D71kA2ucKjzwl3,1,여성,충남,21,대학교,예,5,더불어민주당,불교,어느 정도 자랑스럽다,어느 정도 자랑스럽다,4,Q61|Q62,약간 찬성함,2,Q64|Q65,10
R_4fSF7NBKNHv0KZP,0,여성,경남,20,고등학교,예,4,더불어민주당,기독교,어느 정도 자랑스럽다,어느 정도 자랑스럽다,2,Q61|Q62,별로 찬성하지 않음,2,Q64|Q65,5
R_4AXRNunaTAgSqlJ,1,여성,경북,18,중학교,예,4,더불어민주당,천주교,매우 자랑스럽다,어느 정도 자랑스럽다,2,Q60|Q62,전혀 찬성하지 않음,2,Q64|Q65,9
R_4FRO6UfVdGtxpvC,0,여성,울산,18,중학교,예,4,잘 모르겠다,무교,어느 정도 자랑스럽다,어느 정도 자랑스럽다,2,Q60|Q62,약간 찬성함,2,Q63|Q65,7
R_4CCxzPBbdbB5O7x,0,여성,경남,19,고등학교,예,"1
진보",국민의힘,무교,매우 자랑스럽다,매우 자랑스럽다,0,Q61|Q62,약간 찬성함,1,Q63|Q65,4
R_44LRDTmfckNdT4a,0,여성,경남,24,대학교,예,4,잘 모르겠다,무교,어느 정도 자랑스럽다,어느 정도 자랑스럽다,1,Q60|Q62,별로 찬성하지 않음,2,Q64|Q65,10
R_4N3rEB3PXml23tv,1,여성,광주,24,전문 대학교(기술 학교 포함),예,6,국민의힘,무교,별로 자랑스럽지 않다,별로 자랑스럽지 않다,1,Q61|Q62,매우 찬성함,1,Q63|Q65,3
R_4q7S8vd2y5HNo4l,1,여성,대전,23,고등학교,예,4,더불어민주당,무교,어느 정도 자랑스럽다,별로 자랑스럽지 않다,2,Q61|Q62,약간 찬성함,2,Q63|Q65,10
R_463xAyR2Sf0Oljs,1,여성,부산,18,고등학교,예,3,잘 모르겠다,무교,어느 정도 자랑스럽다,어느 정도 자랑스럽다,3,Q60|Q62,약간 찬성함,1,Q64|Q65,10
R_43gD0YzuncThgxr,0,여성,대구,19,고등학교,예,6,국민의힘,무교,어느 정도 자랑스럽다,어느 정도 자랑스럽다,3,Q61|Q62,매우 찬성함,3,Q64|Q65,10
R_4brQ0Jiw53pQREJ,0,여성,부산,23,대학원 이상,예,4,잘 모르겠다,무교,매우 자랑스럽다,매우 자랑스럽다,2,Q61|Q62,별로 찬성하지 않음,2,Q63|Q65,10
R_4DHjxgiZmDMoSYV,0,여성,광주,22,대학교,예,5,잘 모르겠다,기독교,어느 정도 자랑스럽다,매우 자랑스럽다,2,Q61|Q62,별로 찬성하지 않음,1,Q63|Q65,9
R_4IY9sKX1uve7ZwX,1,여성,경북,19,대학교,예,4,잘 모르겠다,무교,어느 정도 자랑스럽다,어느 정도 자랑스럽다,2,Q60|Q62,매우 찬성함,2,Q63|Q65,5
R_4gRRtSVWlxH9InU,0,여성,대구,23,대학교,예,5,국민의힘,무교,매우 자랑스럽다,매우 자랑스럽다,2,Q60|Q62,별로 찬성하지 않음,2,Q64|Q65,9
R_4KGH1TXxvdz8VIn,0,여성,대전,19,고등학교,예,5,잘 모르겠다,무교,어느 정도 자랑스럽다,어느 정도 자랑스럽다,2,Q60|Q62,약간 찬성함,2,Q63|Q65,10
R_4t1usTRKLkTTq0x,1,여성,부산,19,고등학교,예,5,잘 모르겠다,무교,별로 자랑스럽지 않다,별로 자랑스럽지 않다,1,Q61|Q62,약간 찬성함,1,Q63|Q65,10
R_42KgOSq6QtWEnAd,1,여성,대구,19,고등학교,예,5,잘 모르겠다,무교,매우 자랑스럽다,매우 자랑스럽다,3,Q61|Q62,매우 찬성함,2,Q64|Q65,10
R_4n6eFW6PzZWiylP,1,여성,충북,24,대학교,예,4,더불어민주당,무교,어느 정도 자랑스럽다,어느 정도 자랑스럽다,2,Q60|Q62,약간 찬성함,1,Q63|Q65,9
R_40oygR3pxMiYpl7,0,여성,부산,22,전문 대학교(기술 학교 포함),예,5,잘 모르겠다,무교,별로 자랑스럽지 않다,별로 자랑스럽지 않다,1,Q61|Q62,약간 찬성함,1,Q64|Q65,10
R_4O7gdsH9C17UGaj,1,여성,부산,24,대학원 이상,예,6,더불어민주당,무교,매우 자랑스럽다,매우 자랑스럽다,4,Q61|Q62,별로 찬성하지 않음,1,Q63|Q65,9
R_4kHbs4fKZFMA4XD,0,여성,세종,23,대학교,예,5,더불어민주당,천주교,어느 정도 자랑스럽다,어느 정도 자랑스럽다,3,Q60|Q62,별로 찬성하지 않음,2,Q64|Q65,7
R_4ikgAShl46LJI5m,0,여성,대구,19,고등학교,예,5,잘 모르겠다,기독교,매우 자랑스럽다,매우 자랑스럽다,1,Q61|Q62,약간 찬성함,2,Q63|Q65,10
R_4sbigobgupy7nUg,1,여성,울산,23,고등학교,예,5,더불어민주당,무교,매우 자랑스럽다,매우 자랑스럽다,3,Q61|Q62,매우 찬성함,2,Q63|Q65,10
R_4hlQMqN2Evtn5tL,1,여성,대구,20,고등학교,예,5,잘 모르겠다,기독교,어느 정도 자랑스럽다,매우 자랑스럽다,2,Q61|Q62,매우 찬성함,3,Q64|Q65,10
R_4spMUZfhqFoiNKw,1,여성,경북,23,고등학교,예,6,다른 정당,무교,별로 자랑스럽지 않다,별로 자랑스럽지 않다,0,Q60|Q62,약간 찬성함,2,Q63|Q65,5
R_4Rax5F1W7WMCcCk,1,여성,인천,23,고등학교,예,5,잘 모르겠다,무교,어느 정도 자랑스럽다,어느 정도 자랑스럽다,3,Q61|Q62,약간 찬성함,2,Q64|Q65,10
R_4nPmeyFJ4tV83mn,1,여성,인천,18,고등학교,예,5,잘 모르겠다,무교,매우 자랑스럽다,매우 자랑스럽다,2,Q61|Q62,약간 찬성함,1,Q64|Q65,10
R_4YBHQZkITvYBPSF,0,여성,인천,23,대학교,예,"10
보수",잘 모르겠다,무교,매우 자랑스럽다,매우 자랑스럽다,4,Q61|Q62,매우 찬성함,0,Q64|Q65,10
R_4JXTG08Rk69w9pJ,0,여성,인천,18,중학교,예,5,잘 모르겠다,불교,매우 자랑스럽다,매우 자랑스럽다,3,Q60|Q62,매우 찬성함,1,Q63|Q65,7
R_4VuQtvDRuVQkfw5,1,여성,대구,24,대학교,예,2,더불어민주당,무교,매우 자랑스럽다,매우 자랑스럽다,3,Q60|Q62,약간 찬성함,3,Q64|Q65,10
R_4xPJWTxPbEMEHPc,1,여성,부산,22,대학원 이상,예,6,잘 모르겠다,기독교,어느 정도 자랑스럽다,어느 정도 자랑스럽다,2,Q61|Q62,약간 찬성함,1,Q63|Q65,7
R_4z37ScCq4rfDNux,0,여성,인천,23,대학원 이상,예,5,더불어민주당,기독교,매우 자랑스럽다,매우 자랑스럽다,2,Q60|Q62,매우 찬성함,1,Q63|Q65,10
R_4GCympokz3eJ5RL,0,여성,경북,24,대학교,예,"1
진보",더불어민주당,불교,별로 자랑스럽지 않다,별로 자랑스럽지 않다,1,Q60|Q62,약간 찬성함,2,Q64|Q65,5
R_48hP962ezitzhgB,0,여성,광주,18,고등학교,예,6,더불어민주당,무교,매우 자랑스럽다,어느 정도 자랑스럽다,2,Q61|Q62,약간 찬성함,1,Q63|Q65,8
R_4davtKwRreFuT9y,0,여성,인천,22,대학교,예,5,잘 모르겠다,무교,어느 정도 자랑스럽다,어느 정도 자랑스럽다,4,Q61|Q62,약간 찬성함,2,Q63|Q65,10
R_4j3tdg0k9UJ3rPi,0,여성,경남,18,중학교,예,5,잘 모르겠다,무교,어느 정도 자랑스럽다,어느 정도 자랑스럽다,2,Q60|Q62,약간 찬성함,2,Q63|Q65,6
R_42mNLYGLJrllnML,1,여성,인천,23,대학교,예,7,더불어민주당,무교,매우 자랑스럽다,매우 자랑스럽다,2,Q61|Q62,약간 찬성함,1,Q63|Q65,10
R_4G20GrAaymMFBE4,1,여성,경남,19,고등학교,예,5,다른 정당,무교,어느 정도 자랑스럽다,매우 자랑스럽다,2,Q61|Q62,약간 찬성함,2,Q63|Q65,7
R_4GrmKbAhSvIZPor,0,여성,부산,23,대학교,예,"10
보수",더불어민주당,무교,매우 자랑스럽다,매우 자랑스럽다,1,Q60|Q62,전혀 찬성하지 않음,1,Q63|Q65,10
R_4s6L3I7HvvFGpY2,0,여성,충북,24,대학교,예,7,잘 모르겠다,불교,어느 정도 자랑스럽다,어느 정도 자랑스럽다,1,Q60|Q62,별로 찬성하지 않음,1,Q63|Q65,10
R_4DuQvGa2SDBJaKt,0,여성,전남,18,고등학교,예,3,더불어민주당,기독교,어느 정도 자랑스럽다,어느 정도 자랑스럽다,4,Q61|Q62,별로 찬성하지 않음,1,Q64|Q65,7
R_41GVecOp3fvauoR,1,여성,충남,21,고등학교,예,"1
진보",국민의힘,무교,매우 자랑스럽다,매우 자랑스럽다,2,Q60|Q62,매우 찬성함,1,Q63|Q65,7
R_4CTHWBG2NXXFMkO,1,여성,대구,22,대학교,예,4,국민의힘,기독교,매우 자랑스럽다,매우 자랑스럽다,2,Q61|Q62,전혀 찬성하지 않음,1,Q64|Q65,10
R_4nBoTcSwftE1Mjg,0,여성,충남,23,대학교,예,5,더불어민주당,무교,어느 정도 자랑스럽다,어느 정도 자랑스럽다,1,Q60|Q62,약간 찬성함,2,Q64|Q65,9
R_3IdeDku05Wiau8Z,1,여성,충남,22,대학교,예,5,잘 모르겠다,불교,어느 정도 자랑스럽다,매우 자랑스럽다,3,Q60|Q62,매우 찬성함,2,Q64|Q65,9
R_4MKaxvopoc5KOou,1,여성,전북,20,고등학교,예,6,잘 모르겠다,무교,어느 정도 자랑스럽다,어느 정도 자랑스럽다,2,Q60|Q62,약간 찬성함,3,Q64|Q65,7
R_4hEzeCTNK3Vvn8q,0,여성,충북,20,대학교,예,5,더불어민주당,무교,어느 정도 자랑스럽다,어느 정도 자랑스럽다,3,Q61|Q62,약간 찬성함,2,Q64|Q65,10
R_4JIpqzpqctWoMDZ,0,여성,경북,18,중학교,예,3,더불어민주당,천주교,매우 자랑스럽다,어느 정도 자랑스럽다,2,Q60|Q62,전혀 찬성하지 않음,2,Q63|Q65,8
R_4tFLsYs7hfEwOsX,1,여성,울산,20,고등학교,예,5,잘 모르겠다,무교,어느 정도 자랑스럽다,어느 정도 자랑스럽다,3,Q60|Q62,약간 찬성함,1,Q63|Q65,4
R_4FIOfluDFkBbgVv,1,여성,서울,42,대학교,예,3,더불어민주당,기독교,어느 정도 자랑스럽다,어느 정도 자랑스럽다,3,Q61|Q62,별로 찬성하지 않음,1,Q63|Q65,9
R_4oGNJXLbObzJvvf,1,남성,경기도,34,고등학교,예,7,국민의힘,무교,어느 정도 자랑스럽다,어느 정도 자랑스럽다,2,Q60|Q62,매우 찬성함,2,Q63|Q65,10
R_4rykhh0I5tMfYPf,1,남성,서울,27,대학교,예,6,국민의힘,불교,어느 정도 자랑스럽다,어느 정도 자랑스럽다,3,Q60|Q62,약간 찬성함,2,Q63|Q65,5
R_40dvrGfhPUwOdQi,1,남성,서울,57,대학교,예,5,더불어민주당,기독교,매우 자랑스럽다,매우 자랑스럽다,4,Q61|Q62,별로 찬성하지 않음,1,Q64|Q65,9
R_4GTLrt0tBc4zVKh,0,남성,서울,32,대학교,예,5,잘 모르겠다,무교,어느 정도 자랑스럽다,매우 자랑스럽다,3,Q61|Q62,약간 찬성함,3,Q64|Q65,9
R_4Xo3dro35ciUgLP,1,여성,서울,23,대학교,예,5,잘 모르겠다,무교,매우 자랑스럽다,매우 자랑스럽다,1,Q60|Q62,전혀 찬성하지 않음,2,Q64|Q65,10
R_4cpCu0hlrO1Ci17,0,남성,서울,47,대학교,예,4,잘 모르겠다,기독교,어느 정도 자랑스럽다,어느 정도 자랑스럽다,3,Q61|Q62,매우 찬성함,2,Q64|Q65,6
R_4qaRpyBJjSGydT8,0,여성,전북,24,전문 대학교(기술 학교 포함),예,5,더불어민주당,무교,어느 정도 자랑스럽다,매우 자랑스럽다,3,Q61|Q62,약간 찬성함,2,Q64|Q65,10
R_4p0rjgoTas2iF7r,1,여성,서울,48,대학교,예,5,다른 정당,무교,별로 자랑스럽지 않다,별로 자랑스럽지 않다,1,Q61|Q62,매우 찬성함,1,Q63|Q65,7
R_4ixYGMuCrwN6l2h,0,여성,서울,18,고등학교,예,5,잘 모르겠다,무교,어느 정도 자랑스럽다,매우 자랑스럽다,1,Q60|Q62,약간 찬성함,1,Q63|Q65,10
R_41cPgQi3Q2tgsnK,1,여성,서울,19,고등학교,예,5,잘 모르겠다,무교,어느 정도 자랑스럽다,어느 정도 자랑스럽다,3,Q61|Q62,약간 찬성함,2,Q63|Q65,6
R_4kcJZBNzGPFaoOB,0,여성,경남,70,고등학교,예,5,더불어민주당,무교,어느 정도 자랑스럽다,어느 정도 자랑스럽다,1,Q60|Q62,약간 찬성함,1,Q63|Q65,4
R_41j1tZSu55GDn4B,1,여성,경북,29,대학교,예,3,더불어민주당,무교,어느 정도 자랑스럽다,어느 정도 자랑스럽다,1,Q60|Q62,매우 찬성함,2,Q64|Q65,10
R_47zgWSIIIDkvhV7,1,여성,대전,28,대학원 이상,예,5,더불어민주당,기독교,어느 정도 자랑스럽다,어느 정도 자랑스럽다,2,Q61|Q62,약간 찬성함,2,Q64|Q65,9
R_4NtOs6IsB9bsWUp,1,여성,경남,29,전문 대학교(기술 학교 포함),예,5,잘 모르겠다,무교,별로 자랑스럽지 않다,별로 자랑스럽지 않다,1,Q61|Q62,약간 찬성함,1,Q63|Q65,3
R_4r8r0x2XFbegka5,1,여성,부산,22,고등학교,예,4,더불어민주당,기독교,매우 자랑스럽다,어느 정도 자랑스럽다,3,Q61|Q62,약간 찬성함,1,Q63|Q65,10
R_4UgDbFEa5gWHjgc,0,여성,전북,20,고등학교,예,7,잘 모르겠다,무교,어느 정도 자랑스럽다,어느 정도 자랑스럽다,1,Q60|Q62,약간 찬성함,2,Q64|Q65,8
R_48UGnry4Bu9jdEG,0,여성,경남,20,대학교,예,5,국민의힘,무교,매우 자랑스럽다,매우 자랑스럽다,3,Q61|Q62,약간 찬성함,3,Q64|Q65,9
R_4zI6aZHofFfbXe6,1,여성,전북,20,고등학교,예,7,잘 모르겠다,무교,어느 정도 자랑스럽다,어느 정도 자랑스럽다,1,Q61|Q62,약간 찬성함,2,Q64|Q65,8
R_4dtspTD4qviuzSh,0,여성,부산,23,대학교,예,3,더불어민주당,무교,어느 정도 자랑스럽다,어느 정도 자랑스럽다,2,Q61|Q62,약간 찬성함,1,Q64|Q65,10
R_4YEVHEj9IYhMfHe,1,여성,대구,26,대학교,예,2,더불어민주당,무교,매우 자랑스럽다,어느 정도 자랑스럽다,4,Q61|Q62,별로 찬성하지 않음,1,Q63|Q65,8
R_4ND3WElJSGu4Ki2,0,여성,경북,19,고등학교,예,5,잘 모르겠다,불교,어느 정도 자랑스럽다,어느 정도 자랑스럽다,2,Q60|Q62,약간 찬성함,2,Q64|Q65,9
R_4dblIOalHoogCgo,1,여성,인천,19,중학교,예,5,국민의힘,불교,매우 자랑스럽다,매우 자랑스럽다,2,Q61|Q62,매우 찬성함,2,Q64|Q65,6
R_4OJsb8top9TafZP,1,여성,광주,24,대학원 이상,예,4,더불어민주당,무교,어느 정도 자랑스럽다,어느 정도 자랑스럽다,1,Q61|Q62,별로 찬성하지 않음,1,Q63|Q65,6
R_4G98zQZvgBm8BDc,0,여성,대구,22,대학교,예,3,다른 정당,무교,매우 자랑스럽다,매우 자랑스럽다,2,Q61|Q62,전혀 찬성하지 않음,1,Q64|Q65,10
R_4TXX1sLqAxWbb3S,0,여성,부산,24,대학교,예,7,더불어민주당,불교,어느 정도 자랑스럽다,어느 정도 자랑스럽다,2,Q60|Q62,별로 찬성하지 않음,1,Q63|Q65,7
R_4UMuL1tXevVMbFT,1,여성,울산,21,고등학교,예,6,더불어민주당,불교,어느 정도 자랑스럽다,어느 정도 자랑스럽다,3,Q61|Q62,별로 찬성하지 않음,2,Q63|Q65,6
R_4EQNoQAs7K9oe1m,0,여성,경남,20,고등학교,예,5,잘 모르겠다,불교,어느 정도 자랑스럽다,어느 정도 자랑스럽다,3,Q61|Q62,약간 찬성함,1,Q64|Q65,5
