response_id,birth_year_roc,gender,city_raw,ideology_raw,party_id_raw,residency_status_raw,cross_strait_preference_raw,identity_category_raw,taiwanese_identity_strength,chinese_identity_strength,chinese_nation_identity_strength,direct_support_independence,direct_pride_taiwan,direct_pride_china,education_years,employment_status_raw,work_type_raw,current_status_raw,home_language_raw,father_origin_raw,marital_status_raw,social_media_use_raw,follows_political_news_raw,main_news_source_raw,vote_2024_raw,social_class_raw,list_pride_treatment_indicator,list_independence_treatment_indicator,list_pride_treatment_arm,list_independence_treatment_arm,list_pride_taiwan_treatment_count,list_pride_china_treatment_count,list_pride_control_count,list_pride_taiwan_count,list_pride_china_count,list_independence_treatment_count,list_independence_control_count
R_4M5wfXMu8cbTC1r,89,0,6,4,3,1,5,,7,5,8,2,1,2,15,1,5,,1,1,5,2,1,3,3,4,2,0,china_pride_treatment,control,,2,,,2,,2
R_4E0It8e4KcHTVJa,82,0,5,3,1,1,3,,6,5,7,0,2,2,18,1,5,,1,1,5,2,1,3,3,4,0,0,control,control,,,3,3,3,,1
R_4fp1o5dcr99nEh1,90,0,2,5,1,1,5,,10,5,10,1,1,1,21,1,5,,1,1,5,2,1,1,3,2,2,1,china_pride_treatment,independence_treatment,,2,,,2,3,
R_438hvpzffIpnOlb,67,0,8,3,12,1,1,,5,10,10,0,2,1,12,1,5,,1,2,5,2,1,3,4,4,0,1,control,independence_treatment,,,2,2,2,1,
R_4zo9DjGKIQRLyC2,75,0,2,1,5,1,6,,10,3,10,1,1,1,19,1,1,,1,5,5,1,1,3,3,3,2,0,china_pride_treatment,control,,3,,,3,,2
R_4D9wczRIfo2s3eh,76,0,2,1,4,1,3,,10,10,10,1,1,0,15,1,4,,1,1,5,3,1,3,2,1,2,1,china_pride_treatment,independence_treatment,,4,,,4,2,
R_4f9IgN3GWskhtka,77,1,3,3,2,1,3,,10,6,10,1,1,0,16,1,5,,1,1,1,1,1,3,4,3,2,0,china_pride_treatment,control,,2,,,2,,2
R_4qyfpf8KYcHcB19,61,0,2,2,2,1,2,,10,0,7,1,1,0,18,1,5,,2,1,5,2,1,2,3,1,1,1,taiwan_pride_treatment,independence_treatment,1,,,1,,1,
R_4KG416IYE8EI0CJ,55,0,1,3,12,1,6,,7,5,6,2,1,2,16,1,1,,1,1,1,2,1,1,3,4,0,0,control,control,,,1,1,1,,1
R_4IP1DaEvWwx82I1,58,1,1,3,12,1,6,,5,4,6,2,2,2,14,1,6,,1,4,5,2,1,1,2,1,0,1,control,independence_treatment,,,3,3,3,2,
R_45z3dA7pMw41FF6,72,0,3,2,1,1,6,,5,10,10,0,1,1,10,1,6,,1,1,1,2,1,1,4,4,2,0,china_pride_treatment,control,,3,,,3,,1
R_4u13qRYToEvHYuR,57,0,1,2,1,1,5,,9,7,9,0,1,2,16,1,5,,1,1,5,2,1,3,3,2,0,0,control,control,,,3,3,3,,2
R_4nz5FhvIeTb3mox,77,1,2,3,12,1,5,,9,0,5,1,1,0,20,1,5,,1,1,5,2,1,3,3,4,1,0,taiwan_pride_treatment,control,3,,,3,,,1
R_4QR68NZRfFQP9zr,84,0,13,5,1,1,6,,10,0,10,0,1,0,9,1,5,,2,1,5,2,1,1,3,2,1,0,taiwan_pride_treatment,control,4,,,4,,,2
R_4opwhWzsMOAHxE9,85,1,6,3,12,1,6,,5,5,5,2,2,2,16,1,6,,1,1,5,1,1,3,3,4,0,1,control,independence_treatment,,,3,3,3,3,
R_4SaPph5cPrBTKZb,77,1,6,5,12,1,5,,9,1,10,1,1,1,12,1,5,,1,5,1,1,1,3,3,2,1,1,taiwan_pride_treatment,independence_treatment,2,,,2,,1,
R_4wi9fI4ts7wV2Cj,79,1,1,3,12,1,6,,9,6,8,2,1,2,18,1,4,,2,2,1,2,1,3,2,4,2,0,china_pride_treatment,control,,3,,,3,,2
R_4ib7kdtnt9D45FI,88,1,3,3,12,1,5,,10,0,10,2,1,0,16,1,5,,1,1,5,1,1,3,3,3,1,0,taiwan_pride_treatment,control,4,,,4,,,1
R_4cuZ5DN04FJmjeA,72,0,6,5,3,1,4,,7,9,9,1,1,0,12,1,1,,1,1,1,2,1,3,2,3,1,0,taiwan_pride_treatment,control,4,,,4,,,1
R_4kk8I6hL71nimZO,86,1,2,3,12,1,6,,10,0,10,2,1,0,15,1,5,,1,1,5,4,1,3,3,4,1,0,taiwan_pride_treatment,control,4,,,4,,,2
R_4pEG2wkwXVI3bkR,82,1,1,3,3,1,6,,10,0,10,2,1,0,11,1,5,,1,3,1,1,1,1,3,3,1,0,taiwan_pride_treatment,control,4,,,4,,,0
R_4jdo7w77QhUy8Tm,70,0,6,3,11,1,5,,5,5,5,1,1,0,30,1,5,,7,1,5,1,1,5,5,2,1,0,taiwan_pride_treatment,control,1,,,1,,,2
R_4GUeGSSNSruKQzn,82,0,5,4,5,1,4,,9,1,9,1,1,0,18,1,5,,1,1,5,1,1,3,2,1,1,1,taiwan_pride_treatment,independence_treatment,3,,,3,,2,
R_4NrWaJcbsZnq4qx,53,0,3,3,12,1,5,,10,5,5,0,1,2,19,1,5,,1,2,1,2,1,5,3,2,2,0,china_pride_treatment,control,,2,,,2,,1
R_4y2UAjknW1hlmAp,62,0,2,3,2,1,4,,8,7,7,1,1,0,16,1,5,,2,1,1,1,1,1,4,1,2,0,china_pride_treatment,control,,3,,,3,,3
R_4fWKysxvXn7umyd,56,0,2,4,2,1,6,,10,2,10,2,1,0,9,1,5,,1,1,1,2,1,1,3,1,1,1,taiwan_pride_treatment,independence_treatment,3,,,3,,2,
R_4fBgZEIj7luKXYT,74,1,2,4,2,1,4,,10,0,6,1,1,0,18,0,,5,1,1,5,1,1,3,3,1,2,0,china_pride_treatment,control,,3,,,3,,2
R_4kULEZfBeuPQ0Ga,86,0,13,5,1,1,4,,8,1,10,1,1,0,16,1,5,,1,2,5,1,1,3,4,3,2,1,china_pride_treatment,independence_treatment,,2,,,2,3,
R_4siVgLy6YiV8Wi4,85,1,4,4,5,1,4,,10,0,10,1,1,0,16,1,5,,1,1,5,1,1,2,2,3,0,1,control,independence_treatment,,,1,1,1,2,
R_4GPD0vzwIQOP7yx,71,1,1,5,2,1,4,,10,0,10,2,1,0,16,1,5,,1,1,5,1,1,1,2,1,0,0,control,control,,,3,3,3,,1
R_4cpH7pwdRdCKMgs,89,1,8,4,2,1,4,,10,0,7,1,1,0,16,1,6,,1,1,5,2,1,3,4,4,1,0,taiwan_pride_treatment,control,4,,,4,,,2
R_414Xk3uz8XeMMmU,80,1,2,4,3,1,4,,8,0,5,1,1,0,18,1,4,,1,1,1,2,1,3,2,1,2,0,china_pride_treatment,control,,3,,,3,,2
R_4TQ19NRuenrBclj,92,0,1,5,2,1,4,,10,0,9,2,1,0,12,0,,2,1,1,5,2,1,3,2,4,0,0,control,control,,,2,2,2,,2
R_4X7JXfqrxSuDpwN,74,0,2,3,3,1,6,,8,1,8,2,1,2,12,0,,5,1,1,5,2,1,1,5,3,0,0,control,control,,,3,3,3,,1
R_4za3Ma7mNJUBnxL,79,0,3,3,3,1,5,,10,2,10,0,1,0,18,1,5,,1,1,1,2,1,5,3,3,0,1,control,independence_treatment,,,2,2,2,1,
R_4HicgsP1QxfpyB0,66,0,11,3,3,1,3,,9,5,5,2,1,1,19,1,5,,1,1,1,1,1,2,4,3,0,0,control,control,,,2,2,2,,1
R_4dnoUE4ZpPlIm2j,85,0,2,4,3,1,6,,10,1,8,0,1,0,16,1,5,,1,1,5,2,1,3,3,3,2,0,china_pride_treatment,control,,3,,,3,,2
R_4iro5pbuU01No6l,77,1,2,3,3,1,3,,10,6,10,0,1,1,22,1,5,,1,1,1,1,1,3,4,3,0,0,control,control,,,1,1,1,,2
R_4veS18U1TUdLi39,72,0,2,3,12,1,5,,10,5,10,2,1,2,17,1,5,,1,5,1,2,1,1,4,2,2,1,china_pride_treatment,independence_treatment,,3,,,3,2,
R_4dsP3GNAET1sZ0t,46,0,2,3,1,1,5,,10,10,10,0,1,1,10,1,1,,2,1,1,2,1,1,2,2,2,0,china_pride_treatment,control,,4,,,4,,3
R_4F9W2nXkffXjfYw,61,0,4,5,1,1,5,,10,10,10,0,1,1,15,1,5,,2,4,4,2,1,1,5,2,1,0,taiwan_pride_treatment,control,4,,,4,,,2
R_4DL5FIAndxioY2l,67,1,2,3,3,1,5,,8,0,6,2,1,0,16,1,5,,1,1,1,1,1,1,3,3,1,1,taiwan_pride_treatment,independence_treatment,4,,,4,,2,
R_4Yu1c7ImIsM81nM,89,1,4,3,3,1,5,,5,4,6,1,1,0,16,1,5,,1,2,5,1,1,2,4,4,0,1,control,independence_treatment,,,3,3,3,2,
R_4e6neZc0RdB8gDv,51,0,1,4,1,1,5,,4,6,9,0,0,0,16,1,1,,1,5,5,1,1,2,3,2,2,1,china_pride_treatment,independence_treatment,,3,,,3,2,
R_4iflGOgPD8NwYcV,57,0,4,4,1,1,6,,10,6,8,0,1,1,18,1,6,,2,1,1,2,1,3,2,2,2,1,china_pride_treatment,independence_treatment,,3,,,3,1,
R_4rwutDMxAE2TgDh,69,1,6,3,1,1,5,,7,4,7,0,1,0,23,1,1,,2,1,5,2,1,5,2,2,0,0,control,control,,,1,1,1,,1
R_4S7U2hfiOPsl8Me,85,0,3,5,3,1,5,,10,8,10,0,1,1,12,1,5,,2,2,5,2,1,3,5,4,2,0,china_pride_treatment,control,,4,,,4,,1
R_4jMe0v35rYnkcbn,54,0,20,4,2,1,4,,10,0,0,1,1,0,14,1,1,,1,1,4,2,1,2,4,1,1,1,taiwan_pride_treatment,independence_treatment,4,,,4,,4,
R_4rhu5ey91ERE3Ul,61,0,4,2,1,1,5,,8,3,7,0,1,1,18,1,5,,1,2,1,2,1,2,4,4,0,1,control,independence_treatment,,,3,3,3,2,
R_4Lhed5ZtxABdenI,72,0,14,2,2,1,3,1,9,6,8,1,1,1,9,0,,5,1,1,5,1,1,2,2,1,0,1,control,independence_treatment,,,2,2,2,3,
R_4sSA6woMhnJCcyl,62,0,8,5,2,1,4,1,8,8,7,1,1,0,21,1,1,,2,1,1,2,1,1,3,1,2,0,china_pride_treatment,control,,2,,,2,,2
R_4hYBOSBgDKyERin,69,1,2,5,12,1,5,1,10,0,10,2,2,0,12,1,5,,2,1,5,1,1,5,3,4,0,1,control,independence_treatment,,,1,1,1,1,
R_4xYl08U70beAqlb,72,0,4,3,1,1,5,3,5,5,7,2,2,2,16,1,5,,2,1,5,1,1,5,4,2,1,1,taiwan_pride_treatment,independence_treatment,1,,,1,,1,
R_4KUaAiDLVHoT1ON,89,0,1,3,2,1,5,1,10,3,3,1,1,0,20,1,5,,1,1,5,2,1,3,3,1,0,0,control,control,,,3,3,3,,1
R_4ag4Es2GkRBkoxj,92,1,2,4,1,1,5,1,10,0,10,0,0,0,13,0,,2,1,1,5,1,1,1,4,3,2,0,china_pride_treatment,control,,3,,,3,,2
R_4Xjgn7caYnnDyj7,85,0,1,4,3,1,5,1,10,0,9,1,1,0,16,1,4,,1,1,5,2,1,3,4,3,2,1,china_pride_treatment,independence_treatment,,2,,,2,1,
R_4Cj5c82FTnHgllR,66,0,6,3,2,1,4,1,8,2,7,2,1,0,15,1,5,,2,1,5,3,0,1,5,1,1,0,taiwan_pride_treatment,control,3,,,3,,,1
R_4fBm7XFY6GODjgJ,30,0,5,1,1,1,3,1,6,5,5,0,0,1,17,0,,1,2,1,1,1,0,1,2,1,1,0,taiwan_pride_treatment,control,3,,,3,,,2
R_4Q5W2liyFItcH5B,77,0,4,4,1,1,3,3,10,7,10,0,1,1,22,1,1,,2,1,5,1,1,3,3,2,2,0,china_pride_treatment,control,,2,,,2,,2
R_4twWcuFhBmBKbzc,85,1,16,4,3,1,6,1,10,0,10,2,1,0,16,1,5,,1,1,5,1,1,3,3,3,0,0,control,control,,,1,1,1,,1
R_48JcHKVwHvxrdhn,94,1,2,4,3,1,5,1,8,3,10,0,1,1,12,0,,2,1,1,5,1,1,3,2,4,1,1,taiwan_pride_treatment,independence_treatment,3,,,3,,3,
R_4hFJUrEKuQ6AJRH,79,0,8,3,5,1,4,1,8,2,5,2,1,0,16,1,5,,1,8,5,2,1,2,3,1,1,1,taiwan_pride_treatment,independence_treatment,3,,,3,,1,
R_4oX5ElX3UB9HY26,74,1,2,4,2,1,5,3,7,4,10,2,2,2,20,1,1,,1,1,5,2,1,3,4,4,0,1,control,independence_treatment,,,2,2,2,1,
R_4VF1WZhkbLA3eMd,75,1,6,3,2,1,3,1,10,0,10,1,1,0,12,1,1,,1,1,4,2,1,1,5,1,2,1,china_pride_treatment,independence_treatment,,3,,,3,3,
R_4PhFcq32ZQipiZ9,66,0,5,3,2,1,6,1,10,5,7,0,1,1,13,1,5,,2,1,1,1,1,1,3,4,1,0,taiwan_pride_treatment,control,4,,,4,,,1
R_4hGAWiUNgfQaDuy,77,1,4,3,2,1,4,1,5,5,4,1,2,2,9,1,5,,3,1,1,1,0,3,4,1,0,0,control,control,,,3,3,3,,2
R_4ptyNGNe4x8TcHv,77,0,6,4,3,1,4,1,10,0,8,1,2,0,16,1,5,,1,5,5,2,1,3,4,3,0,1,control,independence_treatment,,,3,3,3,2,
R_4qHzTB6O05bwmTa,46,1,3,3,1,1,6,1,5,5,5,2,1,2,12,0,,3,1,1,1,2,1,2,3,4,2,1,china_pride_treatment,independence_treatment,,1,,,1,0,
R_44IRcEXCQHHqaMV,72,0,1,4,2,1,5,1,10,4,9,0,1,2,12,1,6,,1,5,5,1,1,3,2,1,0,0,control,control,,,3,3,3,,3
R_4ln2aoQsuA5ycEU,57,1,2,3,1,1,3,3,10,10,10,0,1,1,12,1,6,,1,5,1,1,1,3,3,2,1,0,taiwan_pride_treatment,control,2,,,2,,,3
R_4NvNkLhCqhYVYov,35,0,3,3,1,1,5,3,5,5,10,0,2,0,12,0,,3,1,4,1,1,1,3,4,2,2,0,china_pride_treatment,control,,2,,,2,,1
R_4kZbsWV3Mj5k8vE,93,1,1,3,2,1,4,1,8,6,9,1,1,0,13,1,5,,1,1,1,2,1,1,4,4,0,0,control,control,,,1,1,1,,3
R_42QJMIQuYSRs1DO,50,1,6,3,1,1,6,1,10,0,7,1,1,0,12,0,,3,1,1,1,2,1,3,3,2,1,0,taiwan_pride_treatment,control,2,,,2,,,1
R_41zooY8akPWsQpP,72,1,5,3,2,1,4,1,10,3,6,2,1,0,18,1,1,,1,1,5,2,1,3,2,1,2,1,china_pride_treatment,independence_treatment,,2,,,2,3,
R_4nUXqtw7uL7SyDz,68,0,6,3,2,1,4,3,10,6,10,1,1,2,9,1,5,,3,2,5,2,1,2,2,1,1,1,taiwan_pride_treatment,independence_treatment,2,,,2,,3,
R_4FJnhPWVQb2N10o,74,1,4,3,2,1,6,1,10,0,10,0,1,0,15,1,5,,2,1,2,2,1,1,3,1,1,0,taiwan_pride_treatment,control,4,,,4,,,2
R_4eOVItfMwuZItGN,84,0,10,3,12,1,2,1,10,0,0,1,1,0,14,1,4,,1,1,5,1,1,2,4,1,2,1,china_pride_treatment,independence_treatment,,1,,,1,2,
R_47luaN4f45zgNSp,58,1,9,4,2,1,6,1,10,2,8,2,1,0,12,0,,5,1,5,1,2,1,1,3,1,0,1,control,independence_treatment,,,1,1,1,3,
R_4x53QdHNzKiojOV,91,0,5,5,12,1,5,1,10,1,10,1,1,0,12,1,5,,1,1,5,1,1,2,3,4,1,1,taiwan_pride_treatment,independence_treatment,4,,,4,,4,
R_4Oku4i96e13puLy,78,1,5,5,2,1,2,1,10,0,10,1,1,0,12,1,1,,2,1,1,1,1,5,4,1,0,1,control,independence_treatment,,,1,1,1,2,
R_4jpKDuklOnKgk0l,60,0,4,3,1,1,3,3,10,10,10,0,1,1,16,0,,5,1,5,1,1,1,3,3,2,1,0,taiwan_pride_treatment,control,2,,,2,,,0
R_4Y5lAxma4G1lZEx,83,0,6,5,2,3,2,1,10,6,10,1,1,1,7,1,5,,1,1,2,1,1,4,3,1,0,1,control,independence_treatment,,,1,1,1,4,
R_43rsc7tD28duFnO,77,1,5,3,2,1,4,1,10,1,10,1,1,0,18,1,5,,2,1,5,2,1,1,4,1,2,0,china_pride_treatment,control,,3,,,3,,1
R_4gNmlKXZYrOmS89,60,1,6,5,1,1,6,1,8,3,10,0,1,0,9,0,,1,1,1,1,1,1,2,3,4,0,1,control,independence_treatment,,,1,1,1,3,
R_4w7tHpzOIACHvHb,64,0,5,4,1,1,3,3,10,8,10,1,1,1,15,1,1,,1,1,1,1,1,5,2,1,0,1,control,independence_treatment,,,3,3,3,2,
R_471bjGNrym1Tw1H,71,1,14,3,12,1,6,3,10,0,10,2,1,1,12,1,5,,1,1,2,2,1,5,4,4,1,0,taiwan_pride_treatment,control,3,,,3,,,1
R_4rAzL7U0E1VZhL1,66,0,9,3,12,1,6,1,8,6,8,0,1,0,15,1,5,,2,1,1,2,1,2,4,3,1,0,taiwan_pride_treatment,control,2,,,2,,,0
R_4wsEC4XW0JDiThe,78,1,6,4,12,1,4,1,10,0,10,2,1,2,12,0,,5,1,1,2,2,1,5,4,3,1,0,taiwan_pride_treatment,control,3,,,3,,,1
R_4gEegdkRv19EaRj,71,0,3,3,12,1,5,1,10,0,0,1,1,0,16,1,5,,1,5,5,2,1,3,3,2,0,1,control,independence_treatment,,,2,2,2,2,
R_4VG47XhLNFNy0bT,71,0,22,2,1,1,3,3,5,5,10,0,1,1,14,1,1,,1,5,5,1,1,2,4,2,0,1,control,independence_treatment,,,1,1,1,0,
R_4Rn1oNbFvgTiPyo,84,0,2,5,3,1,6,1,10,0,10,0,1,0,16,1,1,,2,1,4,2,1,3,2,3,2,1,china_pride_treatment,independence_treatment,,3,,,3,2,
R_4OftqPNJbUCton1,48,0,2,3,12,1,5,3,10,10,10,0,2,1,18,0,,3,1,1,1,2,1,2,4,4,1,1,taiwan_pride_treatment,independence_treatment,1,,,1,,1,
R_4I3iLkcof3a9sZo,87,1,11,4,2,1,6,1,10,0,5,0,1,0,16,1,5,,2,1,5,2,1,3,3,1,2,0,china_pride_treatment,control,,3,,,3,,3
R_4NVazPuQFBh47MR,41,0,1,3,1,1,1,3,3,9,10,0,2,1,19,0,,3,1,4,1,2,1,5,4,2,0,0,control,control,,,3,3,3,,1
R_4QWjviFULVBb50E,59,1,5,2,2,1,4,1,10,0,10,1,1,0,12,1,5,,2,1,1,2,1,1,2,1,1,0,taiwan_pride_treatment,control,4,,,4,,,2
R_4xAlvVl0bYOR0ir,69,0,2,4,2,1,4,1,10,0,4,0,1,0,16,1,5,,1,1,1,1,1,2,3,1,1,0,taiwan_pride_treatment,control,4,,,4,,,2
R_4txIHAC8qcaC9cL,42,0,6,2,1,1,5,3,9,8,10,0,1,1,16,0,,3,1,1,1,1,1,2,3,2,1,0,taiwan_pride_treatment,control,2,,,2,,,1
R_4BfdJ4WOtn1VT46,92,1,14,3,12,1,5,1,6,0,7,2,2,2,12,1,5,,1,1,4,1,1,3,3,4,0,1,control,independence_treatment,,,2,2,2,2,
R_496N1aWwsw29xPu,78,1,5,3,11,1,1,2,1,10,9,0,0,1,17,1,4,,2,5,1,2,1,3,3,3,0,1,control,independence_treatment,,,1,1,1,3,
R_40vE2dGREXs47wM,62,0,3,5,2,1,4,1,10,10,5,1,1,0,12,0,,1,1,2,1,2,1,3,4,1,0,0,control,control,,,2,2,2,,2
R_4wUOs9MHFCPYzQd,93,1,2,3,12,1,6,1,10,0,10,2,1,0,15,1,5,,2,2,5,1,1,1,4,4,1,1,taiwan_pride_treatment,independence_treatment,2,,,2,,4,
R_4yOR4JUQ3ObsArn,71,1,2,4,2,1,4,1,10,1,8,0,1,0,16,1,5,,1,1,1,2,1,2,3,1,2,0,china_pride_treatment,control,,2,,,2,,2
R_4KNJ7uNYUPoIk5P,57,0,1,3,1,1,5,1,7,2,8,0,0,2,12,0,,3,1,1,5,2,1,1,3,2,2,1,china_pride_treatment,independence_treatment,,3,,,3,2,
R_4G0QCyrqj7wA3hb,87,1,6,3,2,1,4,1,10,1,10,1,1,0,19,1,4,,1,1,5,9,1,3,4,1,1,1,taiwan_pride_treatment,independence_treatment,4,,,4,,3,
R_4kunAlDuYuXJhGu,63,0,2,4,12,1,3,1,5,2,3,0,1,0,12,1,5,,1,1,1,1,1,1,3,2,1,1,taiwan_pride_treatment,independence_treatment,1,,,1,,2,
R_4rOiIAXNk9YZKj0,81,0,3,3,12,1,1,3,10,0,10,1,1,1,16,1,5,,1,1,5,1,1,2,3,4,1,1,taiwan_pride_treatment,independence_treatment,2,,,2,,1,
R_44HSMztjbK8do2m,62,0,13,5,1,1,5,3,8,9,10,0,1,0,14,1,5,,1,1,5,2,1,2,3,2,0,0,control,control,,,2,2,2,,2
R_4HoUAVT5VMDkGpX,67,0,13,3,2,1,4,1,6,7,6,1,1,0,4,1,5,,2,1,5,2,1,2,4,1,2,1,china_pride_treatment,independence_treatment,,4,,,4,4,
R_4P9Fk54FtJxZ0Kl,70,0,13,3,2,1,4,1,6,7,7,1,1,0,3,1,5,,2,1,5,2,1,3,4,1,1,0,taiwan_pride_treatment,control,4,,,4,,,3
R_4qX6ohc5PhNuxjb,70,1,6,4,2,1,2,1,10,0,5,1,1,0,17,1,1,,2,1,5,3,1,3,3,1,0,1,control,independence_treatment,,,1,1,1,2,
R_4sXeZ3RIOxYKZAK,74,0,1,2,1,1,5,3,10,8,10,0,1,2,12,1,5,,1,5,5,1,1,3,4,2,2,1,china_pride_treatment,independence_treatment,,1,,,1,2,
R_4kFYridn9R9FS5Z,70,0,4,3,2,1,4,1,6,4,7,0,1,1,12,1,5,,1,1,1,3,1,2,4,1,1,1,taiwan_pride_treatment,independence_treatment,3,,,3,,2,
R_45Egzoa54s54Dwv,57,0,9,3,1,1,3,3,7,8,9,0,2,1,15,1,5,,2,1,1,1,1,1,3,2,1,1,taiwan_pride_treatment,independence_treatment,2,,,2,,1,
R_4X7OETc5QPocjC4,73,0,1,5,12,1,5,3,10,0,10,2,1,0,15,1,5,,1,3,1,2,0,1,5,4,0,1,control,independence_treatment,,,2,2,2,2,
R_4uFaBH05nQuHaJH,96,0,5,3,12,1,5,1,9,0,5,2,2,2,12,1,5,,1,1,5,2,1,3,3,4,2,0,china_pride_treatment,control,,2,,,2,,1
R_4jm4jEposWMZy3t,89,0,5,4,3,1,2,1,8,2,7,1,1,0,15,0,,5,1,1,1,2,0,1,3,3,2,0,china_pride_treatment,control,,2,,,2,,1
R_4pXJjJttoHpMDvr,64,0,13,3,11,1,6,3,5,5,5,0,2,2,16,1,1,,1,4,1,2,1,1,3,4,2,0,china_pride_treatment,control,,2,,,2,,1
R_4LpvhqBeMO92K0C,67,0,2,3,2,1,6,3,10,10,10,0,0,0,20,1,5,,1,1,1,1,1,2,3,4,2,1,china_pride_treatment,independence_treatment,,3,,,3,1,
R_4nreza8Tl13cy11,62,0,2,4,2,1,4,1,9,7,8,1,1,0,14,1,5,,1,1,1,3,1,1,4,1,1,0,taiwan_pride_treatment,control,1,,,1,,,1
R_4Qynn3tByOnF8cd,66,0,2,3,1,1,1,3,5,5,7,0,0,2,10,0,,4,1,1,5,2,1,2,5,2,0,0,control,control,,,1,1,1,,2
R_4EArBGWv6NFQ1vH,99,1,1,5,1,1,6,1,1,4,10,0,1,1,12,1,5,,1,5,1,2,1,2,3,4,1,0,taiwan_pride_treatment,control,3,,,3,,,1
R_4f7tBP4NLIFm0KF,69,0,4,1,12,1,6,1,10,9,6,2,2,2,10,1,5,,1,1,5,1,1,5,5,4,2,1,china_pride_treatment,independence_treatment,,4,,,4,1,
R_4HLkDsesXVy9sVT,82,1,9,4,1,1,5,1,10,0,10,2,1,2,16,1,5,,1,1,5,1,1,2,3,3,2,0,china_pride_treatment,control,,3,,,3,,2
R_4aQB5u57rg9KCLD,79,1,1,4,12,1,6,1,10,0,10,2,1,0,15,1,5,,1,1,5,2,1,1,4,4,2,0,china_pride_treatment,control,,2,,,2,,1
R_4fAql2fe6iNJHwJ,83,0,3,4,3,1,3,3,10,8,10,1,1,1,9,1,5,,1,5,5,1,1,3,4,3,2,0,china_pride_treatment,control,,2,,,2,,3
R_4dTdNc1xoQUXYLR,39,1,5,5,2,1,2,1,10,0,10,1,1,0,12,0,,1,2,1,1,2,1,1,3,1,2,1,china_pride_treatment,independence_treatment,,3,,,3,2,
R_42xy2uMFFcoZsVG,63,0,20,3,1,1,5,3,10,10,10,1,1,0,14,1,5,,1,4,5,1,1,2,3,2,2,1,china_pride_treatment,independence_treatment,,2,,,2,2,
R_4gWYWm48z9KlaXT,64,0,3,2,3,1,5,3,2,3,1,0,1,1,12,1,5,,2,1,5,1,1,1,3,3,0,0,control,control,,,3,3,3,,2
R_4RYHPfBxPsDDgKB,64,0,1,5,2,1,4,1,10,1,5,1,1,0,12,1,5,,1,1,1,1,1,1,3,1,1,0,taiwan_pride_treatment,control,4,,,4,,,1
R_42mf0InN7VaYnw1,72,0,1,4,1,1,5,1,10,8,10,2,2,1,15,1,1,,1,1,4,2,1,3,3,4,1,0,taiwan_pride_treatment,control,4,,,4,,,2
R_40VzN5jfVGRnYHf,60,0,3,4,2,1,2,1,10,5,7,1,1,0,16,1,5,,1,1,1,2,1,1,3,1,1,1,taiwan_pride_treatment,independence_treatment,4,,,4,,3,
R_4prjbUGLce2egGW,78,0,1,2,3,1,6,1,10,0,10,1,0,0,16,1,6,,1,1,1,2,1,2,4,3,0,0,control,control,,,1,1,1,,1
R_4ijWyldHY4c4bvP,73,1,4,4,3,1,5,3,7,0,10,0,1,0,16,1,5,,1,1,1,2,1,2,2,3,0,1,control,independence_treatment,,,2,2,2,3,
R_4YYz7uc0V0W2Qk9,59,0,2,2,1,1,6,3,7,7,9,0,1,1,18,1,5,,1,1,1,1,1,2,2,2,2,1,china_pride_treatment,independence_treatment,,4,,,4,2,
R_43waXDoiKJulq01,77,0,3,3,3,1,4,,5,5,5,1,1,1,18,1,5,,1,2,4,2,1,1,3,3,0,0,control,control,,,1,1,1,,2
R_42nsIBxVjz0npJf,60,0,2,3,1,1,3,3,7,7,10,0,1,1,18,1,5,,1,5,1,1,1,2,3,4,0,1,control,independence_treatment,,,3,3,3,2,
R_43tnUKNQ5jHdfS9,83,1,14,2,3,1,5,1,10,0,10,2,1,0,12,1,5,,1,1,5,1,1,1,3,3,2,0,china_pride_treatment,control,,2,,,2,,1
R_4CIp2M2ziLllNnp,50,0,4,4,2,1,6,1,0,10,0,2,1,2,16,1,5,,2,1,5,2,1,2,5,1,1,0,taiwan_pride_treatment,control,3,,,3,,,1
R_4JCmHBmKaReOIVd,61,0,3,4,3,1,4,1,10,2,10,2,1,2,12,1,1,,1,2,1,1,1,3,2,1,0,0,control,control,,,3,3,3,,2
R_4WB6L7cuxshyMah,79,1,5,2,3,1,4,1,10,0,7,1,1,0,18,1,5,,2,1,1,1,1,3,3,3,2,1,china_pride_treatment,independence_treatment,,3,,,3,3,
R_4ilhmwLjdSKWV2i,67,1,5,3,12,1,6,1,10,0,9,2,2,0,12,1,5,,2,1,1,2,1,1,4,4,2,0,china_pride_treatment,control,,2,,,2,,0
R_4qCU1epMTNi1ZUc,67,0,2,4,11,1,6,3,5,5,5,0,0,0,16,1,5,,2,1,1,2,1,2,4,4,1,0,taiwan_pride_treatment,control,4,,,4,,,2
R_4qeW1GZtrFkTg7O,84,0,5,4,1,1,4,1,9,2,10,0,1,0,16,1,1,,1,1,1,2,1,1,3,3,1,1,taiwan_pride_treatment,independence_treatment,2,,,2,,2,
R_4foxXW7mf3ldKE3,71,1,5,3,1,1,6,3,9,6,8,2,1,1,23,1,6,,1,1,5,1,1,5,3,2,1,0,taiwan_pride_treatment,control,4,,,4,,,1
R_4zq2PruYmuog5h3,77,0,20,3,3,1,3,3,8,8,9,0,1,1,20,1,5,,1,8,5,2,1,3,4,4,2,0,china_pride_treatment,control,,3,,,3,,2
R_4Dqzd3CWpRY0gVI,66,0,2,4,2,1,4,1,8,6,9,1,1,0,14,1,5,,1,2,1,1,1,1,3,1,0,1,control,independence_treatment,,,3,3,3,3,
R_4n1m2V3BKQLddfU,84,0,8,4,3,1,5,1,10,3,10,2,1,0,12,1,6,,1,2,5,2,1,1,2,4,2,1,china_pride_treatment,independence_treatment,,2,,,2,2,
R_4bJmnAHdk8NzELo,60,0,16,3,1,1,1,3,8,10,10,0,1,1,12,1,5,,2,1,1,1,1,1,5,2,0,0,control,control,,,1,1,1,,1
R_4vfdJCAuAgC3DNq,82,1,2,4,1,1,6,1,10,1,10,0,1,2,16,1,5,,1,1,1,2,1,1,3,2,2,0,china_pride_treatment,control,,1,,,1,,1
R_4KOf3kM7ubjyCDi,64,0,6,3,11,1,5,3,10,10,10,0,1,1,12,0,,3,1,1,5,1,1,1,4,2,2,1,china_pride_treatment,independence_treatment,,4,,,4,3,
R_4LCFW434ZVcztbM,57,1,3,4,12,1,6,1,1,8,8,0,0,0,12,0,,5,2,1,5,2,1,1,4,1,0,1,control,independence_treatment,,,3,3,3,1,
R_4jGHpPqyRG9C40G,64,1,4,3,2,1,4,1,10,5,10,1,1,2,14,1,5,,1,1,5,1,1,1,3,1,1,1,taiwan_pride_treatment,independence_treatment,3,,,3,,2,
R_4hcxvB6m1va3iyl,69,1,2,3,11,1,4,1,9,1,10,2,1,0,16,1,5,,1,1,1,2,1,1,3,3,2,0,china_pride_treatment,control,,3,,,3,,1
R_49ARNGY5fxy3R6h,57,1,2,3,12,1,3,1,8,8,10,2,2,2,20,0,,5,2,1,5,2,0,5,5,3,2,0,china_pride_treatment,control,,1,,,1,,1
R_45MxQ62DVprI6Wj,65,0,2,2,1,1,3,3,8,7,10,0,1,2,15,1,5,,1,5,5,2,1,1,3,2,1,0,taiwan_pride_treatment,control,2,,,2,,,1
R_4h8HjL0g8sXx4u5,82,1,1,3,3,1,6,1,10,0,5,2,1,0,20,1,5,,1,3,1,1,1,3,4,3,1,1,taiwan_pride_treatment,independence_treatment,4,,,4,,2,
R_4ZKxEpXNKejbRqN,79,1,5,5,2,1,2,1,10,0,10,1,1,0,12,1,1,,2,1,1,1,1,5,4,1,1,1,taiwan_pride_treatment,independence_treatment,2,,,2,,1,
R_4AMb3lewZAZIlY2,85,0,1,4,2,1,4,3,10,5,10,1,0,0,16,1,5,,1,1,1,3,1,1,3,1,0,1,control,independence_treatment,,,3,3,3,4,
R_4WQ1I3aFiLXNA6R,69,0,1,5,7,1,1,2,5,8,9,0,0,1,14,1,1,,1,1,5,1,1,1,3,3,2,1,china_pride_treatment,independence_treatment,,2,,,2,1,
R_4LR7avop0jqlRHH,69,0,4,4,5,1,5,1,10,4,7,1,1,2,22,1,4,,2,1,1,1,1,1,2,3,1,0,taiwan_pride_treatment,control,4,,,4,,,2
R_4szueEGDHIvADnT,73,0,1,3,3,1,4,1,8,3,8,0,1,0,16,1,5,,1,1,1,2,1,1,2,3,2,1,china_pride_treatment,independence_treatment,,3,,,3,3,
R_45EmaLGqwtPkifr,71,1,4,3,12,1,6,1,10,1,10,2,1,2,15,1,4,,1,1,5,2,1,4,3,1,0,1,control,independence_treatment,,,1,1,1,4,
R_4N1AxcbP28NTYSB,73,0,1,5,12,1,5,1,7,7,7,2,2,2,12,1,5,,1,3,1,2,1,1,5,4,2,1,china_pride_treatment,independence_treatment,,1,,,1,2,
R_4EFQgRcR10AtU8C,72,0,2,5,12,1,6,1,9,7,9,0,1,2,18,1,5,,1,5,1,1,1,1,4,2,0,1,control,independence_treatment,,,3,3,3,2,
R_447qJEFyzS749Bw,72,0,3,4,1,1,6,3,10,10,10,0,1,1,14,1,6,,1,1,1,2,1,2,4,2,0,0,control,control,,,3,3,3,,2
R_4VxsPCnvQWpPAVB,75,0,2,5,4,1,1,2,2,10,10,0,0,1,22,1,5,,1,4,4,1,1,1,1,2,1,1,taiwan_pride_treatment,independence_treatment,4,,,4,,1,
R_40NNHvhUqpRex4V,91,0,15,3,1,1,5,1,7,3,10,2,2,2,16,0,,2,1,1,5,1,1,1,3,2,2,0,china_pride_treatment,control,,2,,,2,,1
R_4QFejNWHgRNNfpy,90,0,2,4,2,1,5,1,10,4,7,2,2,2,12,1,5,,1,4,5,2,1,3,3,3,2,0,china_pride_treatment,control,,3,,,3,,2
R_4xc5rPsOVOe6U3T,79,1,9,2,3,1,4,1,7,1,10,1,1,0,17,1,5,,1,1,5,2,1,3,4,3,1,0,taiwan_pride_treatment,control,1,,,1,,,1
R_43WbUvwo7EUv2yL,77,0,6,4,3,1,4,1,10,0,6,1,2,0,16,1,5,,1,5,5,2,1,3,4,3,1,0,taiwan_pride_treatment,control,3,,,3,,,1
R_4eujT0yQSYdDj6F,68,0,4,5,3,1,4,1,10,0,5,1,1,0,12,1,1,,1,1,1,2,1,5,3,4,2,1,china_pride_treatment,independence_treatment,,1,,,1,0,
R_47IdoYakz0Ylg9X,92,0,3,3,3,1,5,1,10,1,10,2,1,2,14,0,,2,1,1,5,2,1,3,5,4,1,1,taiwan_pride_treatment,independence_treatment,4,,,4,,1,
R_4JP8Y6673hyFtkZ,89,0,3,3,2,1,5,3,5,5,6,0,0,0,12,1,4,,1,1,5,2,1,3,3,1,0,0,control,control,,,3,3,3,,2
R_43gIwoWtDw8CvDB,74,0,11,3,11,1,6,1,10,0,10,0,0,0,9,1,5,,2,1,1,2,1,1,3,4,0,0,control,control,,,3,3,3,,1
R_4NCZh6tvKucWqRj,72,1,1,3,2,1,4,1,10,0,0,1,1,0,12,1,5,,2,1,5,1,1,3,3,1,2,0,china_pride_treatment,control,,0,,,0,,1
R_4PWQBCwNaJblA5P,50,0,2,2,1,1,5,3,8,8,10,0,0,1,16,1,5,,2,1,2,2,1,1,4,4,2,0,china_pride_treatment,control,,3,,,3,,1
R_4PSkcmda8zasgZj,74,0,2,3,11,1,4,1,8,2,5,1,1,0,15,1,5,,2,1,1,3,1,3,3,1,2,1,china_pride_treatment,independence_treatment,,2,,,2,2,
R_4bva6sSK2WmzWRX,67,0,1,3,3,1,5,3,7,5,7,2,1,2,16,1,5,,2,1,1,1,1,3,3,2,0,1,control,independence_treatment,,,2,2,2,2,
R_4QML1s29D29fo9C,85,0,2,4,1,1,1,2,5,8,7,0,1,1,16,1,1,,1,1,1,1,1,3,3,2,1,0,taiwan_pride_treatment,control,4,,,4,,,2
R_4oeWoCN7UitlKTf,71,0,21,5,2,1,3,1,9,8,8,1,1,0,18,1,4,,1,1,1,2,1,3,2,1,0,1,control,independence_treatment,,,3,3,3,2,
R_4J8EIK3AD4k9Tzc,79,0,2,3,6,1,4,1,10,0,1,1,1,0,15,1,5,,2,1,1,1,1,1,3,1,2,0,china_pride_treatment,control,,1,,,1,,2
R_4wTCbiODXp5ynMt,81,0,11,2,2,1,5,1,10,3,10,0,0,0,16,1,5,,2,1,5,1,1,2,4,3,0,0,control,control,,,3,3,3,,1
R_4DHDEhlUFH6tztA,70,1,6,4,2,1,4,1,8,4,9,1,1,2,12,1,5,,2,1,5,1,1,1,3,1,0,1,control,independence_treatment,,,2,2,2,0,
R_4iPg2i7ri4zaksy,73,0,6,5,2,1,5,1,10,0,10,1,1,0,16,1,5,,2,1,5,3,1,1,5,1,2,0,china_pride_treatment,control,,2,,,2,,2
R_4aFWABUstjxJKVO,77,1,4,4,9,1,5,3,9,5,9,2,1,2,12,1,1,,1,5,1,2,1,3,4,1,0,1,control,independence_treatment,,,2,2,2,2,
R_4Cb5TFMfstzj83L,85,0,1,4,3,1,4,1,8,0,7,1,1,0,18,1,5,,1,1,5,2,1,3,4,3,0,1,control,independence_treatment,,,2,2,2,2,
R_47Hz6AQe6ue4CuC,54,0,1,4,2,1,4,1,10,2,8,1,1,0,14,1,5,,1,1,1,2,1,2,3,1,0,1,control,independence_treatment,,,2,2,2,3,
R_4IagiZDjvmx0HQ8,70,0,6,2,1,1,1,3,5,10,10,0,0,1,20,1,6,,1,1,1,2,1,1,4,2,0,0,control,control,,,2,2,2,,2
R_4XViEfHTvFOX2kV,89,1,5,4,2,3,5,1,7,1,4,1,1,0,15,1,6,,2,1,1,1,1,3,3,2,1,1,taiwan_pride_treatment,independence_treatment,1,,,1,,2,
R_4ReVRX6pLU79SKt,77,1,5,4,2,1,4,1,10,1,5,1,1,2,15,1,5,,2,1,5,2,1,1,3,1,1,1,taiwan_pride_treatment,independence_treatment,2,,,2,,2,
R_4qg60vByyvGyVQw,75,0,5,3,12,1,5,1,10,0,6,2,1,0,17,1,1,,1,1,1,1,1,1,2,4,1,1,taiwan_pride_treatment,independence_treatment,4,,,4,,3,
R_4ovyPsos9ukqhjv,89,0,2,3,12,1,2,1,4,4,6,0,1,1,16,1,6,,3,2,2,5,0,2,3,3,0,0,control,control,,,2,2,2,,3
R_4LLnqKYWq5RrvB2,65,0,1,3,12,1,6,1,10,1,10,2,1,0,16,1,6,,2,1,1,1,1,1,4,3,2,0,china_pride_treatment,control,,3,,,3,,3
R_4HVvEbeWtcwDrDr,76,0,1,3,3,1,6,1,9,2,6,0,1,0,16,1,5,,1,1,1,2,1,3,4,3,2,0,china_pride_treatment,control,,2,,,2,,2
R_4Fb37EoZTYsHPOv,67,1,9,3,12,1,4,1,10,0,10,1,1,2,16,1,5,,1,1,5,2,1,1,3,1,0,0,control,control,,,2,2,2,,1
R_4DT89UHTnh4DJHX,83,0,1,4,3,1,4,1,9,1,10,0,1,0,14,1,5,,1,2,4,2,1,3,1,3,2,0,china_pride_treatment,control,,2,,,2,,1
R_4Mti9VyTU8Djc41,78,1,1,4,2,1,4,1,10,0,5,1,1,0,16,1,5,,1,1,5,2,1,3,3,1,0,0,control,control,,,2,2,2,,2
R_4OUrjZVGlZZdQDL,49,1,4,1,2,1,4,3,10,10,10,1,1,2,19,1,5,,1,4,1,2,0,2,3,1,0,1,control,independence_treatment,,,3,3,3,1,
R_4MDU06KeTOHorco,70,0,1,3,11,1,6,1,10,0,10,0,2,2,18,1,5,,1,2,5,2,0,5,3,4,0,1,control,independence_treatment,,,1,1,1,1,
R_4qXl4IoRa7gZvVV,83,0,2,2,3,1,5,3,5,5,10,0,1,1,16,1,4,,1,5,1,2,1,3,2,3,1,1,taiwan_pride_treatment,independence_treatment,4,,,4,,2,
R_4wkUwvUEeljTtbb,74,0,10,3,2,1,5,1,6,5,6,2,1,2,18,1,5,,1,1,2,2,1,2,4,1,1,1,taiwan_pride_treatment,independence_treatment,2,,,2,,2,
R_4qCGKzI014UXmBu,65,0,3,4,1,1,4,1,8,2,9,0,1,2,18,1,1,,1,1,1,2,1,1,3,2,1,0,taiwan_pride_treatment,control,3,,,3,,,1
R_4P7DBqiWuwsgmrG,54,1,2,3,12,1,6,1,10,0,5,2,1,0,16,1,5,,2,1,5,1,1,1,3,1,2,1,china_pride_treatment,independence_treatment,,1,,,1,1,
R_45BjbjvYFsUA2Nx,72,0,2,1,1,1,3,1,10,9,6,1,1,1,15,1,1,,1,1,1,1,1,1,2,1,0,1,control,independence_treatment,,,3,3,3,0,
R_49mDmub5Ku2DKOP,62,1,5,2,1,1,3,3,10,10,10,0,1,1,14,1,5,,2,1,1,2,1,2,4,2,1,1,taiwan_pride_treatment,independence_treatment,3,,,3,,2,
R_4PCra3O6nJNJCTP,80,0,7,5,3,1,5,1,8,2,8,2,1,0,16,1,5,,1,2,1,2,1,3,3,3,2,0,china_pride_treatment,control,,3,,,3,,3
R_4yjAhZjwAprqY8Y,58,1,6,3,1,1,1,2,0,10,10,0,0,1,19,1,5,,1,4,3,1,1,5,3,2,0,0,control,control,,,2,2,2,,3
R_4IyLFDgxcFg2idT,91,0,1,4,12,3,4,4,5,0,10,2,0,2,12,1,5,,7,7,5,2,1,3,3,4,2,0,china_pride_treatment,control,,3,,,3,,2
R_4CfAMkK91FR6sjz,83,0,6,3,11,1,4,1,8,3,7,1,1,0,16,1,5,,2,1,1,3,1,3,3,1,1,0,taiwan_pride_treatment,control,2,,,2,,,1
R_4NfsjG2dGzkydXP,65,1,2,3,12,1,5,1,10,9,8,2,1,2,13,1,5,,1,1,1,2,1,5,4,4,0,0,control,control,,,3,3,3,,3
R_45RW7eKc0o11GDl,83,1,2,4,11,1,2,1,10,0,5,1,1,0,16,1,5,,1,1,1,1,1,2,3,1,2,0,china_pride_treatment,control,,3,,,3,,2
R_4JoGpFMtj2Vl6Df,71,0,10,3,3,1,5,3,10,10,10,2,2,2,12,1,5,,1,4,5,1,1,5,3,3,1,0,taiwan_pride_treatment,control,2,,,2,,,1
R_4YomBSoqkPjlx0M,94,0,5,1,1,1,3,1,6,7,5,1,0,0,18,0,,1,2,1,1,1,0,2,1,2,2,1,china_pride_treatment,independence_treatment,,2,,,2,1,
R_4QxqQsEzEPOHLHg,80,0,4,5,3,1,6,1,10,7,8,1,1,1,20,1,5,,2,1,5,2,1,3,3,3,1,0,taiwan_pride_treatment,control,2,,,2,,,2
R_4w7H4dYAZRmedL1,90,1,20,3,3,1,4,1,10,0,10,2,1,0,15,0,,2,1,1,5,1,1,1,4,3,2,1,china_pride_treatment,independence_treatment,,3,,,3,1,
R_4Xh2jMgzM89Tciy,55,0,4,3,12,1,1,3,5,4,3,0,1,1,15,1,5,,2,1,1,2,0,1,5,2,0,1,control,independence_treatment,,,1,1,1,1,
R_49Wr2tNAx8cvfdn,92,1,3,3,1,1,4,1,6,3,7,2,1,0,14,1,5,,1,1,5,2,1,3,4,2,1,0,taiwan_pride_treatment,control,3,,,3,,,2
R_45QuXTELRuPdEcN,63,1,2,2,12,1,4,1,9,8,7,0,1,1,16,1,5,,1,2,5,1,1,3,3,1,1,0,taiwan_pride_treatment,control,4,,,4,,,3
R_4n7deHwvlcfNNhg,74,0,2,4,3,1,6,1,10,2,10,1,1,0,16,1,6,,1,2,1,1,1,2,3,3,1,0,taiwan_pride_treatment,control,4,,,4,,,3
R_4ex96HXwP5VDMsm,77,1,7,4,2,1,4,1,10,0,5,1,1,0,16,1,5,,1,2,5,2,1,3,4,1,0,1,control,independence_treatment,,,2,2,2,2,
R_4QRoTj5L6YycjRv,64,0,6,3,2,1,4,,10,0,5,1,1,0,19,1,5,,2,1,5,2,1,3,3,1,1,1,taiwan_pride_treatment,independence_treatment,4,,,4,,4,
R_4bATjgAegmvKBln,84,0,4,5,3,1,5,3,10,5,10,0,2,2,18,1,6,,1,1,4,2,1,5,3,3,0,0,control,control,,,2,2,2,,1
R_4fdQy7fCK9K32tH,61,0,1,3,1,1,6,1,10,0,10,0,1,2,16,0,,5,2,1,5,1,1,5,4,2,1,1,taiwan_pride_treatment,independence_treatment,3,,,3,,2,
R_4PoxwY0T2wFYbHX,69,1,3,3,12,1,4,1,9,0,7,2,1,0,18,0,,2,2,1,5,1,1,5,3,1,0,0,control,control,,,2,2,2,,2
R_4156CZPtDUfRsFw,80,0,4,3,3,1,5,3,9,2,4,0,1,2,15,1,5,,1,1,5,2,1,3,3,3,0,0,control,control,,,3,3,3,,1
R_4rAe17Pk332iEZz,69,1,6,3,12,1,6,1,6,5,6,1,1,2,12,1,1,,2,1,4,1,1,3,3,4,1,1,taiwan_pride_treatment,independence_treatment,4,,,4,,1,
R_4PHL3xDmBygIy8n,76,0,1,5,12,1,6,1,10,0,10,2,1,0,12,1,5,,1,1,5,2,1,1,4,3,1,0,taiwan_pride_treatment,control,1,,,1,,,1
R_4gMlfiAnHtf3Xbp,82,0,1,4,3,1,6,1,10,3,9,0,1,0,9,1,6,,1,2,1,2,1,3,3,2,0,1,control,independence_treatment,,,3,3,3,2,
R_4exkYFry8ky1vVQ,47,0,3,3,1,1,3,2,8,10,10,0,0,1,16,1,5,,1,4,5,2,1,5,4,2,1,0,taiwan_pride_treatment,control,4,,,4,,,2
R_4s7RKb24WgzOVjC,74,0,2,4,2,1,5,1,9,7,7,1,1,2,12,1,5,,1,1,1,2,1,1,2,1,2,0,china_pride_treatment,control,,2,,,2,,2
R_4RPe4bibqaJ8BLX,80,0,1,3,12,1,6,1,10,0,5,1,1,0,18,1,5,,1,1,5,1,1,3,3,4,1,0,taiwan_pride_treatment,control,4,,,4,,,2
R_4HbD49EjqCEtP0U,67,0,8,3,12,1,6,3,10,10,10,0,2,1,16,1,5,,1,2,1,2,1,2,3,3,0,1,control,independence_treatment,,,1,1,1,2,
R_4QGHPZXw2s6sxzB,51,1,2,3,1,1,6,3,10,6,10,0,1,1,17,1,5,,1,4,1,1,1,3,2,2,0,0,control,control,,,3,3,3,,1
R_4NeI4NuEstAy6R3,83,1,6,3,1,1,6,3,10,3,10,0,1,0,13,1,5,,1,1,5,1,1,3,3,2,0,0,control,control,,,1,1,1,,2
R_4R7u1CqBeS8sf82,70,1,6,4,2,1,4,1,8,4,8,1,1,0,12,1,5,,2,1,5,1,1,1,3,1,0,0,control,control,,,2,2,2,,0
R_4hN2pHhzfuvWAkm,52,1,21,3,11,1,5,1,8,4,7,0,1,0,20,0,,1,1,2,1,2,1,3,3,4,1,1,taiwan_pride_treatment,independence_treatment,2,,,2,,0,
R_4EuifE3tdF8rjdq,62,0,2,3,1,1,4,1,0,5,8,1,1,2,18,1,5,,1,1,1,2,1,3,1,4,1,0,taiwan_pride_treatment,control,4,,,4,,,1
R_4TTWERiNWfFLAmr,80,0,3,5,12,1,4,3,6,6,5,2,0,0,3,0,,3,1,3,5,2,1,3,4,1,2,1,china_pride_treatment,independence_treatment,,3,,,3,1,
R_4QVoAX71kd8ab9V,91,1,5,3,2,1,4,1,8,2,9,1,1,0,16,0,,2,1,1,5,2,1,3,3,4,2,1,china_pride_treatment,independence_treatment,,1,,,1,1,
R_4fw6nllmyyI607F,78,1,9,4,3,1,6,1,10,3,10,0,1,0,13,1,5,,1,1,1,1,1,3,3,3,0,0,control,control,,,3,3,3,,1
R_4SekyHPm4wTpwni,85,1,2,3,12,1,3,3,5,3,4,2,2,2,12,1,1,,1,5,5,3,1,3,3,3,1,1,taiwan_pride_treatment,independence_treatment,3,,,3,,4,
R_4tB4wKCY5vniacN,72,1,1,5,2,1,4,1,10,0,0,1,1,0,12,1,5,,2,1,5,1,1,1,3,1,1,0,taiwan_pride_treatment,control,1,,,1,,,1
R_4L0a3LnvzWWDqqQ,71,1,5,4,12,2,5,3,9,5,10,2,1,1,15,1,5,,1,1,1,1,1,1,3,4,1,1,taiwan_pride_treatment,independence_treatment,4,,,4,,2,
R_4KNFF1D9o5c0aQy,67,0,6,3,12,1,6,1,7,5,7,0,1,2,16,1,5,,1,1,5,2,1,1,4,4,1,0,taiwan_pride_treatment,control,3,,,3,,,1
R_4NwxXdo737bVhjh,76,1,9,3,12,1,6,1,10,0,10,2,1,2,16,0,,5,1,1,5,2,1,1,4,4,1,0,taiwan_pride_treatment,control,1,,,1,,,0
R_4IX9jZE6OHpOj9p,65,0,4,4,1,1,3,3,10,8,10,0,1,1,16,1,1,,2,1,5,1,1,3,3,2,2,0,china_pride_treatment,control,,3,,,3,,2
R_4et7Knc4Itpj3Ez,53,0,5,4,2,1,6,1,10,2,8,2,1,0,16,1,5,,1,1,1,1,1,1,2,1,2,1,china_pride_treatment,independence_treatment,,3,,,3,3,
R_40SnjTC03z2aVOV,92,1,6,4,2,1,4,1,10,0,8,1,1,0,16,0,,2,1,1,5,2,1,3,3,1,0,1,control,independence_treatment,,,3,3,3,2,
R_4qVVrpNAqv5egw2,72,0,6,5,3,1,4,1,10,2,10,1,1,0,12,1,4,,1,1,1,2,1,1,3,3,2,1,china_pride_treatment,independence_treatment,,2,,,2,3,
R_4CMZa0qj8669z5W,71,1,6,2,2,1,4,1,7,2,5,1,0,0,10,1,5,,1,1,5,1,1,3,3,1,0,1,control,independence_treatment,,,2,2,2,2,
R_46m3ar4ttainSiI,55,0,2,4,2,1,5,1,10,1,10,1,1,0,14,1,5,,2,1,5,1,1,3,4,4,2,0,china_pride_treatment,control,,2,,,2,,2
R_4HiVxy81xFRKZmc,87,0,2,4,12,1,5,3,5,7,8,2,1,2,18,1,5,,1,3,5,3,1,3,3,4,2,1,china_pride_treatment,independence_treatment,,2,,,2,3,
R_4GqZ2Mm3mXggqiy,73,0,6,5,2,1,5,1,10,0,8,1,1,1,16,1,5,,2,1,5,2,1,1,5,1,0,0,control,control,,,2,2,2,,2
R_4mmXeAE16aGiW7f,70,0,8,3,3,1,5,3,10,10,10,0,1,1,18,1,6,,1,1,1,2,1,5,4,3,1,1,taiwan_pride_treatment,independence_treatment,3,,,3,,2,
R_4uPWb1U5YarXC5w,88,1,2,3,3,1,6,1,10,0,7,0,1,0,18,1,5,,1,1,5,1,1,3,3,3,0,0,control,control,,,2,2,2,,1
R_4IXpgqOtS2PKJ6Z,86,0,4,3,3,1,6,1,8,2,7,0,0,0,12,1,5,,1,5,5,2,1,3,5,4,1,0,taiwan_pride_treatment,control,1,,,1,,,0
R_4NzxPRSp2cXEIKo,74,1,2,2,1,1,4,1,10,1,9,1,1,0,20,1,1,,2,4,1,1,1,3,3,2,2,1,china_pride_treatment,independence_treatment,,3,,,3,3,
R_4FP324edvbMway4,62,0,6,5,12,1,4,3,10,2,5,1,1,2,12,1,5,,2,1,1,2,1,5,4,1,2,1,china_pride_treatment,independence_treatment,,1,,,1,3,
R_4ux2eG3DKpX2SbJ,75,1,8,3,2,1,4,1,10,0,10,1,1,0,13,0,,5,2,1,5,1,1,3,3,4,1,1,taiwan_pride_treatment,independence_treatment,3,,,3,,2,
R_4n3ORrjxtvPaoP7,81,0,3,3,3,1,5,3,8,4,10,0,2,2,12,1,5,,1,1,5,2,1,3,5,3,0,1,control,independence_treatment,,,2,2,2,1,
R_4sQNTRvas2Rw8yl,80,1,4,4,2,1,4,1,10,0,5,1,1,0,16,1,5,,1,1,4,2,1,3,3,1,2,0,china_pride_treatment,control,,2,,,2,,1
R_4ptc5ctiuOWe4Bs,89,0,2,3,3,1,6,4,5,4,4,0,0,0,12,1,5,,1,1,5,1,1,3,3,3,0,0,control,control,,,0,0,0,,1
R_4eHwFgsaWK0sUnL,65,0,1,3,2,1,5,1,10,0,10,1,2,0,18,1,5,,1,1,1,2,1,2,3,4,1,0,taiwan_pride_treatment,control,3,,,3,,,0
R_4dWBfQncLyTnhuc,86,1,9,3,3,1,1,1,10,0,8,1,1,0,20,0,,6,1,1,5,2,1,3,4,2,2,0,china_pride_treatment,control,,4,,,4,,3
R_4mw1rzeMqiLPNK1,79,0,6,3,2,1,4,1,10,0,9,1,1,0,18,1,5,,1,5,5,2,1,3,3,1,0,0,control,control,,,3,3,3,,1
R_4hHDnM1ghIpxhsJ,89,1,6,3,3,1,6,1,8,6,2,0,1,1,16,1,4,,1,3,5,1,0,1,3,4,0,0,control,control,,,1,1,1,,3
R_4KPhnlOf6qc9jzo,73,0,6,3,12,1,6,1,9,6,6,0,1,0,9,0,,3,1,1,1,1,1,3,3,4,2,0,china_pride_treatment,control,,3,,,3,,2
R_4PNOSWZxrawbaCP,77,0,6,2,3,1,4,1,9,8,8,1,1,1,12,1,5,,1,1,1,2,1,3,3,3,1,0,taiwan_pride_treatment,control,4,,,4,,,3
R_4jUm6muXmpsWxgA,67,1,6,4,12,1,5,1,10,0,10,1,1,2,15,1,5,,1,1,2,1,1,3,2,4,2,0,china_pride_treatment,control,,2,,,2,,1
R_4gzDzaPHZWE6T7z,69,0,1,4,3,1,4,1,10,5,8,1,1,1,18,1,5,,1,1,1,2,1,1,3,3,0,0,control,control,,,3,3,3,,3
R_4oiluQsnr9uBsbb,45,0,2,2,1,1,5,3,8,5,6,0,0,1,16,0,,3,1,4,1,2,1,1,3,2,1,1,taiwan_pride_treatment,independence_treatment,1,,,1,,4,
R_4JqH63TPdjnRZEN,93,1,3,4,1,1,3,1,10,8,10,0,1,1,10,1,5,,1,1,1,1,1,2,3,2,2,1,china_pride_treatment,independence_treatment,,4,,,4,2,
R_4ziYHjKsQm01nAR,78,1,2,4,3,1,4,1,10,1,7,1,1,0,16,0,,5,1,1,5,2,1,5,4,3,2,0,china_pride_treatment,control,,3,,,3,,1
R_4pFnD6pykbZ6PKV,77,0,7,4,2,1,5,3,10,6,9,1,1,2,18,1,1,,2,1,1,1,1,1,2,1,1,1,taiwan_pride_treatment,independence_treatment,4,,,4,,2,
R_4X7EAKlAqbDLRCM,77,0,4,3,3,1,5,3,3,8,5,2,1,1,18,1,6,,1,1,5,1,1,2,3,3,1,1,taiwan_pride_treatment,independence_treatment,4,,,4,,1,
R_4scgD6WzKwdnoex,94,0,4,4,2,1,4,1,8,1,7,1,1,0,12,0,,2,1,1,5,1,1,3,4,4,2,0,china_pride_treatment,control,,2,,,2,,1
R_4Bl2uTbSYkwE8pj,53,1,2,2,2,1,4,1,10,0,1,1,1,0,21,0,,5,2,1,5,2,1,2,5,1,0,0,control,control,,,2,2,2,,2
R_4uAS2532aBlBoNX,90,0,4,3,2,1,5,1,8,6,3,2,1,0,12,1,5,,1,1,1,2,1,3,4,4,1,1,taiwan_pride_treatment,independence_treatment,3,,,3,,1,
R_4OT31XXxKZKLGFj,66,0,6,5,2,1,4,1,10,0,5,1,1,0,14,1,1,,2,1,5,1,1,3,4,1,1,0,taiwan_pride_treatment,control,4,,,4,,,1
R_49m48oOSPUY08vl,68,1,3,1,1,1,5,1,10,4,6,0,0,0,12,0,,1,1,2,1,2,1,1,4,2,2,0,china_pride_treatment,control,,3,,,3,,3
R_4dXkxUqve2JVoWA,83,0,1,3,1,1,5,1,8,5,8,2,1,1,17,0,,5,1,1,5,1,1,3,3,4,1,0,taiwan_pride_treatment,control,2,,,2,,,0
R_40UvCJvPzKVGBHu,64,0,3,1,1,1,6,1,0,10,0,2,2,2,12,1,5,,1,4,1,2,1,1,5,2,0,1,control,independence_treatment,,,1,1,1,3,
R_41HRwTMkBsbvpM5,86,1,5,1,2,1,4,1,8,1,7,2,1,0,16,1,5,,1,1,5,2,1,1,4,1,1,0,taiwan_pride_treatment,control,3,,,3,,,1
R_46kCzZJL9TuhyMx,66,0,1,4,2,1,4,1,9,4,3,0,1,0,22,1,5,,1,1,1,1,1,3,2,1,1,0,taiwan_pride_treatment,control,3,,,3,,,2
R_4uzrRUKMdS1I413,76,1,2,4,1,1,6,3,8,5,10,0,1,1,16,1,4,,1,4,1,1,1,1,2,2,2,0,china_pride_treatment,control,,3,,,3,,2
R_4NCWmhKGgNmSsqR,81,0,11,1,3,1,5,1,9,2,9,2,1,2,16,1,5,,1,1,5,1,1,2,4,3,2,0,china_pride_treatment,control,,1,,,1,,1
R_4UV1vIoZPBf7eNj,67,1,1,3,1,1,4,1,8,5,8,0,1,0,16,1,5,,1,1,5,1,1,3,3,2,0,1,control,independence_treatment,,,0,0,0,0,
R_4rrFY6kulbx9yo6,66,1,6,3,12,1,6,3,10,3,10,0,2,2,9,1,5,,2,1,1,2,1,1,3,4,2,1,china_pride_treatment,independence_treatment,,2,,,2,2,
R_41RuTDYGCnXifRr,69,1,5,3,2,1,4,1,10,0,5,1,1,0,14,1,1,,1,1,5,1,1,1,3,1,1,0,taiwan_pride_treatment,control,2,,,2,,,1
R_4gLzAiwFVYl4RpL,51,0,2,5,2,1,4,1,10,0,1,1,1,0,16,1,5,,2,1,1,1,1,1,3,1,2,1,china_pride_treatment,independence_treatment,,3,,,3,3,
R_4PDleUMlLK2jJUR,71,1,3,3,1,1,5,3,8,4,5,2,1,1,12,1,5,,1,2,5,2,1,1,4,2,1,0,taiwan_pride_treatment,control,4,,,4,,,2
R_4P72pIFasDjOtVs,94,1,13,4,3,1,4,1,10,2,10,1,1,0,12,0,,2,1,1,5,2,1,3,4,4,1,1,taiwan_pride_treatment,independence_treatment,1,,,1,,2,
R_4kZJ7hxHOAq4M2s,67,0,5,4,2,1,4,1,10,0,10,1,1,0,17,1,5,,1,1,1,2,1,1,2,1,0,0,control,control,,,1,1,1,,1
R_4qJGxVTnhJADxwl,78,1,9,3,12,1,5,3,10,10,10,2,2,2,16,1,5,,1,1,1,2,1,5,3,3,0,1,control,independence_treatment,,,3,3,3,3,
R_4D8Q02VDKLDjKii,84,1,21,4,1,1,5,1,10,3,10,1,1,2,18,1,5,,1,2,5,2,1,3,4,2,2,1,china_pride_treatment,independence_treatment,,2,,,2,1,
R_4f2PzyMB5D03Jt0,79,1,2,5,12,1,3,1,10,5,10,0,0,0,16,1,5,,2,1,1,2,1,2,5,4,1,1,taiwan_pride_treatment,independence_treatment,4,,,4,,1,
R_4GBM8TEuQAbqUAm,82,0,2,3,2,1,5,1,9,5,10,0,1,1,12,1,5,,1,1,5,1,1,3,4,2,1,0,taiwan_pride_treatment,control,2,,,2,,,1
R_4tFh5yxIJzBkj6W,69,0,2,4,2,1,4,1,10,0,5,1,2,0,16,1,5,,2,1,5,1,1,5,3,1,1,1,taiwan_pride_treatment,independence_treatment,2,,,2,,3,
R_4wvlbJ9HeOC6Bmt,72,1,10,3,12,2,4,4,6,6,6,1,1,0,11,1,5,,1,6,1,1,1,4,3,3,1,1,taiwan_pride_treatment,independence_treatment,1,,,1,,1,
R_4P6tjmxVPTtwf8K,88,1,2,3,3,1,4,1,10,4,10,2,1,0,21,1,5,,1,1,5,2,1,5,4,3,2,0,china_pride_treatment,control,,3,,,3,,2
R_4piH9lTOeb0gClP,71,1,4,3,11,2,5,3,10,8,10,2,1,1,15,1,5,,1,1,1,1,1,1,3,1,1,1,taiwan_pride_treatment,independence_treatment,4,,,4,,2,
R_4zvaJ5RggDgVw7x,37,1,5,4,2,1,2,1,10,0,0,1,1,0,9,0,,3,2,1,3,2,1,1,4,1,1,1,taiwan_pride_treatment,independence_treatment,2,,,2,,2,
R_4128J5xZO52g4mt,84,0,4,4,2,1,6,1,10,0,0,2,1,0,16,1,5,,1,1,4,2,1,3,3,1,1,0,taiwan_pride_treatment,control,4,,,4,,,3
R_4X5LpbyDCqeII4K,73,0,1,3,3,1,4,1,10,3,6,0,1,0,16,1,5,,1,1,1,2,1,1,2,3,2,1,china_pride_treatment,independence_treatment,,3,,,3,2,
R_4dVWrMxI2dhvyCV,61,1,5,3,3,1,3,4,8,7,7,2,1,2,12,0,,5,2,5,2,1,0,5,3,3,1,0,taiwan_pride_treatment,control,1,,,1,,,3
R_4g0iCjY9amokPU6,87,1,4,3,1,1,5,3,5,5,8,0,2,2,16,1,5,,1,5,5,2,1,3,3,4,1,1,taiwan_pride_treatment,independence_treatment,3,,,3,,2,
R_4tApCbwnjNA65SF,73,1,2,3,12,1,5,1,5,5,5,2,1,2,16,1,5,,2,1,5,2,1,3,4,2,2,0,china_pride_treatment,control,,0,,,0,,0
R_4LZPHleCY5Y75Nj,91,1,11,4,3,1,5,1,10,0,9,2,1,0,16,1,5,,1,1,5,1,1,3,3,3,0,0,control,control,,,2,2,2,,0
R_4DIOSRQCotKHiud,94,1,4,4,7,1,2,1,10,0,10,1,1,0,12,0,,5,1,1,4,2,1,3,2,4,1,1,taiwan_pride_treatment,independence_treatment,3,,,3,,1,
R_4OUBcVGmeUlCSOU,75,0,2,3,2,1,6,1,10,5,8,0,1,2,16,1,5,,1,1,5,1,0,1,3,1,2,0,china_pride_treatment,control,,3,,,3,,2
R_4nW0qmaDDHN6P6L,88,0,2,5,12,1,6,3,10,5,10,2,2,0,16,1,5,,1,1,4,1,1,3,3,4,1,0,taiwan_pride_treatment,control,3,,,3,,,0
R_4uexJMquGf7Lk6B,60,1,2,3,1,1,6,3,0,0,10,0,1,0,12,1,5,,1,5,1,2,1,1,3,2,1,1,taiwan_pride_treatment,independence_treatment,4,,,4,,3,
R_4BhZrRTzP6qAGoy,70,1,2,3,1,1,6,3,10,0,10,0,1,1,13,1,4,,1,2,5,1,1,2,4,4,1,1,taiwan_pride_treatment,independence_treatment,3,,,3,,1,
R_4QF3AFsGUWPJLxD,66,1,2,4,2,1,4,1,1,9,2,0,1,0,14,1,5,,2,1,5,1,1,2,3,1,1,1,taiwan_pride_treatment,independence_treatment,2,,,2,,2,
R_4jPuzMFCA2NdEVU,70,1,6,3,2,1,6,1,10,2,10,2,1,0,24,1,1,,2,1,1,2,1,3,2,1,2,0,china_pride_treatment,control,,3,,,3,,2
R_4RpZJPB0DCgKhT1,73,0,6,5,2,1,5,1,10,0,8,1,1,0,16,0,,5,2,1,5,2,1,1,4,1,0,0,control,control,,,2,2,2,,2
R_4LSRCyqXS8tqnKX,70,0,4,5,3,1,3,3,10,10,10,0,1,1,12,1,5,,2,1,5,4,1,3,3,3,2,0,china_pride_treatment,control,,2,,,2,,0
R_4oMxCMaUqqqIyhh,79,0,9,4,3,1,5,1,8,0,6,1,0,0,15,1,5,,1,1,1,1,1,3,2,3,0,1,control,independence_treatment,,,3,3,3,3,
R_4r8jKoq6BcNCvZI,74,1,22,5,2,1,2,1,10,0,10,1,1,0,9,1,5,,1,1,1,1,1,1,1,1,2,1,china_pride_treatment,independence_treatment,,3,,,3,4,
R_4mr5z2DYy8lOWbz,52,0,3,3,1,1,5,3,10,10,10,0,1,1,16,1,5,,1,2,1,2,1,2,4,2,0,0,control,control,,,0,0,0,,1
R_4NxUv925hLk5BVD,79,1,6,3,12,1,4,1,0,10,5,1,1,0,16,1,1,,1,1,5,2,1,5,3,3,2,1,china_pride_treatment,independence_treatment,,1,,,1,2,
R_4KI3vMcIPtx26w5,61,1,2,3,1,1,6,3,8,8,8,0,1,1,16,0,,1,1,5,1,2,1,1,3,2,0,0,control,control,,,1,1,1,,1
R_4YRKwQVaj0msfgK,74,0,1,4,12,1,6,1,10,5,10,0,1,2,26,1,5,,1,2,5,1,1,5,3,3,1,1,taiwan_pride_treatment,independence_treatment,4,,,4,,1,
R_4wlL2aQuT0dytTX,80,0,2,3,1,1,4,,9,6,9,1,1,1,29,1,5,,1,5,5,5,1,3,5,2,2,0,china_pride_treatment,control,,3,,,3,,3
R_4ugdbGMzB2F50iZ,90,1,5,4,12,1,4,1,10,5,10,0,1,0,15,0,,2,1,1,5,2,1,2,3,4,0,1,control,independence_treatment,,,1,1,1,1,
R_46hHLhwz4CsKxZD,84,1,4,5,12,1,2,1,10,0,9,1,2,0,12,1,5,,2,1,1,2,1,2,3,4,2,0,china_pride_treatment,control,,3,,,3,,0
R_4hMPjuJpHY5xxmK,69,1,1,5,12,1,4,1,10,0,10,1,2,0,10,1,4,,1,1,1,2,1,2,5,4,2,0,china_pride_treatment,control,,4,,,4,,2
R_4talBAYn8nWHPN8,81,1,5,3,2,1,4,1,10,0,6,1,1,0,16,1,5,,1,1,5,1,1,1,5,1,1,0,taiwan_pride_treatment,control,3,,,3,,,1
R_4HTDnoBpM2mUmKB,79,1,3,3,11,1,4,1,10,0,5,0,0,0,14,1,5,,1,1,5,2,1,5,3,1,1,0,taiwan_pride_treatment,control,1,,,1,,,2
R_4vtoEQQAnF5ajLP,71,1,2,5,3,2,4,1,8,6,9,1,1,2,9,0,,5,1,4,1,2,1,3,4,3,0,1,control,independence_treatment,,,2,2,2,2,
R_4WUrYmAaKTerkf0,88,0,4,3,3,1,3,2,0,10,10,0,0,1,22,0,,5,2,1,2,1,1,5,5,3,2,1,china_pride_treatment,independence_treatment,,3,,,3,1,
R_4JdZwsCLyNmMVIB,89,0,2,1,12,1,3,1,10,0,8,1,1,1,16,0,,5,1,5,5,1,1,1,3,3,0,1,control,independence_treatment,,,3,3,3,2,
R_40GZRZTNOAPuOL3,81,0,4,2,3,1,6,1,10,3,6,0,1,0,16,1,5,,2,1,5,2,1,3,3,4,0,1,control,independence_treatment,,,3,3,3,1,
R_4t6enTux5Fcn858,70,0,10,4,3,1,2,1,0,10,7,0,1,0,14,1,5,,1,1,1,2,1,1,3,3,1,0,taiwan_pride_treatment,control,2,,,2,,,2
R_4dhxCuGy2iiaTRX,77,1,5,3,2,1,4,1,10,0,10,1,1,0,16,0,,5,2,1,5,2,1,2,4,1,0,0,control,control,,,1,1,1,,1
R_4LdtugLp43fJ8ui,93,1,4,5,1,1,4,1,10,0,10,1,1,0,13,1,5,,1,2,5,2,1,2,3,4,0,0,control,control,,,1,1,1,,2
R_4m34OJ8DjjhhDuV,87,1,4,4,3,1,6,3,10,7,10,0,2,2,16,1,5,,1,1,5,2,0,2,3,3,0,1,control,independence_treatment,,,2,2,2,2,
R_4LA674rlfET2i3O,76,0,5,2,3,1,4,1,9,6,7,0,2,2,15,1,5,,2,1,1,2,1,3,3,4,0,1,control,independence_treatment,,,1,1,1,1,
R_4gJtWdeSJk8shAB,73,0,21,4,2,1,4,1,10,0,4,1,1,0,22,1,5,,1,2,1,2,1,2,2,1,0,1,control,independence_treatment,,,2,2,2,3,
R_42FX2eduWafTw5P,56,1,3,3,1,1,6,3,10,10,10,0,1,1,16,1,1,,1,1,1,2,1,1,3,2,1,0,taiwan_pride_treatment,control,4,,,4,,,2
R_4erYrZljRhWgMop,75,1,6,3,12,1,5,3,5,5,7,2,2,2,13,1,5,,1,1,5,1,0,3,4,1,1,0,taiwan_pride_treatment,control,1,,,1,,,0
R_4eW9gglqlHligaR,77,0,2,4,2,1,6,1,10,0,10,0,1,0,16,1,5,,1,1,4,2,1,3,2,1,2,0,china_pride_treatment,control,,3,,,3,,2
R_4P5ULlyKO2r1jr6,93,1,6,5,12,1,4,1,10,0,10,1,1,0,18,0,,2,1,1,1,2,1,3,3,4,1,0,taiwan_pride_treatment,control,3,,,3,,,1
R_4niUYxJZ0JcON1B,58,0,1,3,12,1,5,1,10,0,10,2,2,0,14,0,,5,2,5,5,1,1,2,3,4,2,0,china_pride_treatment,control,,3,,,3,,2
R_4R2wNnzMhCBsm40,68,1,6,3,1,1,6,3,8,10,10,0,0,1,15,0,,1,1,1,1,1,1,1,4,4,0,0,control,control,,,1,1,1,,1
R_4lXJcq50pV2X9Ur,44,0,1,2,2,1,4,1,10,1,5,1,1,0,16,0,,3,2,4,1,2,1,1,2,1,2,1,china_pride_treatment,independence_treatment,,3,,,3,4,
R_4suYPuSsoB6zwke,61,0,4,2,2,1,4,1,10,0,3,1,1,0,19,1,5,,1,1,1,1,1,5,3,1,2,0,china_pride_treatment,control,,2,,,2,,1
R_4srTuUB9kCkl0lj,78,1,2,3,2,1,4,1,10,0,6,1,1,0,16,1,5,,1,1,1,1,1,3,3,3,0,0,control,control,,,3,3,3,,3
R_4s5lXAYz9L5NGWB,62,0,4,5,2,1,4,1,10,0,10,1,1,0,15,1,5,,1,1,5,2,1,5,5,1,0,0,control,control,,,3,3,3,,2
R_4q2v7jwcWSjWQPv,65,1,2,4,3,1,3,1,10,1,9,1,1,0,12,1,5,,2,1,1,2,1,2,3,3,0,0,control,control,,,3,3,3,,2
R_4qvFAN6ni6DtdHA,77,1,3,3,1,1,3,3,7,3,8,2,1,1,15,1,5,,2,1,1,2,1,1,4,2,1,1,taiwan_pride_treatment,independence_treatment,2,,,2,,1,
R_4ci1TUCujyv6j3X,61,1,1,4,12,1,3,3,5,3,7,0,2,2,16,1,5,,1,5,5,2,1,5,3,4,1,0,taiwan_pride_treatment,control,2,,,2,,,0
R_4gjuf7fGYGvkdtU,68,1,7,2,1,1,3,3,7,7,8,0,1,1,12,1,5,,1,2,1,2,1,1,4,2,2,0,china_pride_treatment,control,,4,,,4,,2
R_4qERE4bfI5KSJfQ,88,1,3,3,12,1,6,1,10,0,10,2,2,0,18,1,5,,2,1,5,2,1,1,3,2,1,0,taiwan_pride_treatment,control,2,,,2,,,1
R_4TOYLNZW1aeF1bX,46,0,2,3,12,1,6,3,9,5,9,0,2,2,14,1,5,,2,1,2,1,1,1,4,2,2,1,china_pride_treatment,independence_treatment,,3,,,3,4,
R_4DRAieQaEPObpyv,74,0,1,3,3,1,4,1,10,0,10,1,1,0,19,1,5,,1,5,5,1,1,3,3,4,2,1,china_pride_treatment,independence_treatment,,2,,,2,2,
R_4OjfwB7oMlyg1ME,78,0,10,1,11,1,1,2,5,10,10,0,0,1,18,0,,5,1,5,5,2,1,2,3,3,2,0,china_pride_treatment,control,,4,,,4,,1
R_44619lwf61ng8YX,60,0,1,1,6,1,2,1,10,0,0,1,2,0,13,1,5,,2,1,2,3,1,3,4,4,2,1,china_pride_treatment,independence_treatment,,3,,,3,3,
R_4OvJFRuga53NhlQ,87,1,2,3,12,1,5,1,8,2,8,2,2,0,12,1,5,,1,1,1,2,1,3,4,4,2,0,china_pride_treatment,control,,2,,,2,,1
R_4usR4b7WkdpiesO,73,0,3,3,2,1,4,1,10,0,7,2,1,0,16,0,,6,1,1,5,2,1,3,4,4,2,0,china_pride_treatment,control,,1,,,1,,1
R_45tDJOeVwhTFDW7,70,1,6,4,2,1,4,1,9,1,3,1,1,0,16,1,5,,1,1,1,1,1,1,2,1,0,1,control,independence_treatment,,,3,3,3,2,
R_4GBWhphiCzkhZ28,87,1,1,2,12,1,4,1,9,1,7,2,1,0,16,1,5,,1,1,5,3,1,1,3,2,2,0,china_pride_treatment,control,,2,,,2,,1
R_4VPeQsNYZFBgzml,91,1,11,4,12,1,5,4,6,3,8,2,2,2,12,0,,2,1,1,5,2,1,3,3,4,1,1,taiwan_pride_treatment,independence_treatment,3,,,3,,2,
R_4il0ZtheV5rrgUV,93,1,4,3,12,1,4,1,10,0,10,1,1,0,13,0,,2,1,1,5,2,1,3,3,4,0,1,control,independence_treatment,,,3,3,3,3,
R_47JpamTQZocp6KL,60,0,6,3,12,1,4,1,7,4,6,2,1,0,13,1,5,,2,1,1,2,1,1,3,1,0,0,control,control,,,2,2,2,,1
R_4DnGwKtLT2lhpq1,55,0,1,3,12,1,5,3,6,5,0,0,0,0,11,0,,3,1,1,1,2,0,5,4,2,2,1,china_pride_treatment,independence_treatment,,4,,,4,4,
R_4Que6PWsruxVjIs,63,1,9,2,1,1,5,3,9,9,10,0,0,0,16,1,5,,1,1,1,2,1,2,4,2,0,0,control,control,,,3,3,3,,1
R_4ebqyNX3ZiouF0V,80,0,2,3,3,1,6,3,10,9,10,2,1,1,18,1,5,,1,1,5,1,1,1,2,3,2,0,china_pride_treatment,control,,3,,,3,,2
R_4CCfZbblG8rJUBy,80,0,3,3,11,1,6,3,10,10,10,1,0,0,18,0,,5,1,1,5,2,1,1,5,1,0,1,control,independence_treatment,,,3,3,3,3,
R_4myF5PUZl1QVjOH,63,0,1,3,12,1,5,3,10,10,10,0,2,2,13,1,5,,1,4,5,2,1,1,4,2,1,1,taiwan_pride_treatment,independence_treatment,0,,,0,,0,
R_42ugWv4EkixTQ3h,72,0,4,3,1,1,6,1,10,8,10,0,1,2,15,1,5,,1,1,5,3,1,3,3,2,0,0,control,control,,,2,2,2,,2
R_4Qq8nMZ5GpQLVkt,92,1,6,2,12,1,5,1,9,2,6,2,1,0,14,0,,2,1,1,5,2,1,3,3,4,0,0,control,control,,,3,3,3,,2
R_4zZMA92M1As3yLD,87,1,1,4,3,1,4,1,7,1,7,2,1,0,22,1,5,,1,1,4,1,1,3,3,4,1,1,taiwan_pride_treatment,independence_treatment,4,,,4,,1,
R_41z9ZuGCmPmOzBV,57,0,2,5,2,1,4,1,7,2,2,1,1,0,22,1,5,,1,2,1,1,1,3,3,1,0,1,control,independence_treatment,,,1,1,1,2,
R_4frxED1WRWOEfDJ,90,0,1,5,2,1,5,3,9,6,7,1,0,0,15,1,4,,1,8,5,2,1,3,1,1,2,0,china_pride_treatment,control,,3,,,3,,3
R_4DZqXGNJaBFSo3v,92,0,3,2,2,1,4,1,10,0,0,1,1,0,14,0,,2,1,1,5,1,1,3,3,1,1,0,taiwan_pride_treatment,control,3,,,3,,,2
R_42zdW9z3x5mQnIG,58,0,6,5,2,1,2,1,8,7,9,1,1,1,12,1,5,,2,1,1,2,1,3,3,1,0,0,control,control,,,3,3,3,,2
R_4cTwzVrcFhNOw3Y,80,0,9,3,2,1,4,1,10,0,10,2,1,0,16,1,5,,2,1,5,2,1,3,5,4,1,0,taiwan_pride_treatment,control,3,,,3,,,0
R_4SoFh6BreRFFxkY,59,0,3,4,2,1,4,1,10,0,8,1,1,2,9,1,5,,1,1,5,2,1,1,5,1,0,1,control,independence_treatment,,,2,2,2,3,
R_4zAdH1AnBEYgFQJ,74,1,2,2,1,1,4,1,10,0,9,1,1,0,16,0,,5,1,1,5,2,1,3,3,2,2,1,china_pride_treatment,independence_treatment,,1,,,1,2,
R_4P7RzcGWVKB8eZc,93,1,6,3,12,1,6,1,10,0,10,2,1,0,14,1,5,,1,1,5,1,1,3,3,4,2,0,china_pride_treatment,control,,2,,,2,,1
R_4iQE0MrfnN6VdMD,75,0,1,5,3,1,6,3,8,6,6,0,0,0,13,1,1,,1,5,5,1,1,3,5,4,1,0,taiwan_pride_treatment,control,0,,,0,,,0
R_4QsVA5WHCQ7Rup6,70,0,2,3,12,1,6,3,10,5,10,2,1,1,14,1,1,,1,2,5,2,1,5,4,4,0,1,control,independence_treatment,,,3,3,3,3,
R_4xzbuptSjL1E2nT,73,1,6,4,12,1,4,1,10,0,10,1,1,0,16,0,,5,1,1,5,2,1,1,4,1,0,0,control,control,,,1,1,1,,1
R_414HNwepiaAUl4n,69,0,3,3,2,1,4,1,10,2,9,1,1,2,16,0,,3,1,1,4,2,1,3,3,1,0,0,control,control,,,2,2,2,,1
R_4uPsSQWv29heUJi,64,0,2,3,1,1,3,3,10,10,10,0,1,1,13,1,5,,1,1,1,2,1,1,5,2,2,0,china_pride_treatment,control,,3,,,3,,1
R_4bt9CinrIlxcqv7,88,0,2,2,12,1,4,1,8,2,5,2,1,0,16,1,5,,1,2,4,2,1,5,5,4,0,1,control,independence_treatment,,,2,2,2,3,
R_4msD5kjX2WiUyTJ,90,0,1,4,2,1,4,1,9,0,5,1,1,2,16,0,,2,1,1,1,1,1,1,2,1,2,0,china_pride_treatment,control,,3,,,3,,2
R_4JTXcQl7bRaT6Vj,93,1,20,3,12,1,4,1,10,1,7,2,1,0,12,1,5,,1,1,5,2,1,3,3,4,2,0,china_pride_treatment,control,,1,,,1,,0
R_4HyAo0HTOkC9sad,50,0,2,2,1,1,5,3,10,6,10,0,1,1,16,1,5,,1,4,1,2,1,2,3,2,0,1,control,independence_treatment,,,3,3,3,2,
R_4fiOhyYsRwOOO8H,75,0,2,4,3,1,4,1,10,7,10,1,1,1,16,1,5,,1,1,4,1,1,3,3,3,2,0,china_pride_treatment,control,,2,,,2,,2
R_41GFshBHGr7x4AB,71,1,2,4,3,1,6,3,9,6,9,0,2,2,18,1,5,,1,1,1,1,1,5,3,3,0,1,control,independence_treatment,,,3,3,3,2,
R_4ByS0PO91aN3ToA,64,1,3,3,1,1,3,1,7,4,9,0,1,1,12,1,1,,1,1,2,2,1,1,3,4,2,1,china_pride_treatment,independence_treatment,,3,,,3,3,
R_4lrbVSKmg5gil5D,89,0,3,3,12,1,2,1,7,4,5,1,2,2,7,0,,2,1,1,5,2,1,1,3,4,0,1,control,independence_treatment,,,1,1,1,2,
R_4fAT3GkhZQS5Ehq,76,1,5,4,2,1,4,1,10,0,5,1,1,0,16,1,5,,2,1,5,1,1,5,4,1,1,0,taiwan_pride_treatment,control,2,,,2,,,1
R_4pijCRcPFx1wMug,46,1,1,3,1,1,5,3,8,8,8,0,1,1,13,0,,3,1,4,1,1,1,1,3,2,2,1,china_pride_treatment,independence_treatment,,4,,,4,3,
R_4gJWRflDlyuc1z3,81,0,6,5,2,1,6,1,10,0,10,0,1,0,16,1,6,,1,5,5,2,1,3,3,1,1,0,taiwan_pride_treatment,control,2,,,2,,,1
R_41EId7qfArdExqP,70,1,5,3,3,1,5,1,10,2,10,2,1,0,16,1,4,,2,1,5,1,1,2,2,1,0,0,control,control,,,2,2,2,,1
R_4ZhIWXTXFC3w0SZ,82,1,6,3,12,1,5,3,8,7,8,0,1,1,20,1,5,,1,1,5,2,0,5,5,4,2,1,china_pride_treatment,independence_treatment,,4,,,4,1,
R_4FwAoYZ1CrUjjtj,75,1,9,3,2,1,4,1,10,2,7,1,1,0,22,1,5,,1,2,1,1,1,1,4,1,0,1,control,independence_treatment,,,3,3,3,3,
R_4kNFNq0Z5TwXzjy,65,0,2,2,1,1,3,3,6,7,10,0,1,2,15,1,5,,1,5,5,1,1,1,3,2,2,0,china_pride_treatment,control,,1,,,1,,1
R_4xWRsB5JlliCETc,66,0,6,5,12,1,6,1,10,0,10,2,1,0,14,1,1,,1,1,5,1,1,3,5,2,0,1,control,independence_treatment,,,2,2,2,1,
R_4QEryfh2qu2VixY,57,0,4,4,2,1,5,1,10,1,6,0,1,0,16,1,5,,2,1,1,2,1,1,3,1,0,0,control,control,,,3,3,3,,1
R_4KZav5b1Jbr6LES,74,1,1,5,1,1,4,1,0,0,0,2,1,0,15,1,5,,1,5,2,1,1,2,3,2,2,0,china_pride_treatment,control,,3,,,3,,2
R_4noqoTXWu5esQab,77,0,3,3,1,1,6,1,7,5,5,2,1,2,16,1,1,,1,2,5,2,1,2,3,4,0,1,control,independence_treatment,,,1,1,1,1,
R_4GNilsWY4gkPcDT,83,1,6,3,12,1,4,1,10,5,9,1,1,1,12,1,5,,1,1,5,2,1,3,3,4,0,0,control,control,,,3,3,3,,1
R_4eajr9NjYYaDAgd,78,0,8,3,5,1,6,1,10,0,10,2,1,0,16,1,1,,1,2,5,2,1,3,5,2,2,1,china_pride_treatment,independence_treatment,,1,,,1,1,
R_4KPkfbR4q89hmZC,64,1,2,3,1,1,3,3,10,10,10,0,1,1,26,1,5,,1,1,1,1,1,3,3,3,1,1,taiwan_pride_treatment,independence_treatment,3,,,3,,2,
R_4FffhxFCZ4FzTld,52,1,2,3,2,1,6,1,10,3,5,2,1,2,12,1,5,,2,1,1,1,1,1,3,1,1,1,taiwan_pride_treatment,independence_treatment,4,,,4,,1,
R_4oAdysgGC6r4J4H,49,0,17,2,1,1,5,3,10,10,10,0,2,2,17,0,,3,2,1,1,2,1,2,3,2,2,1,china_pride_treatment,independence_treatment,,3,,,3,3,
R_4TfRhkTlQbDfbC9,69,0,2,3,12,1,6,1,10,0,8,2,1,0,12,1,5,,1,1,5,2,1,1,4,3,1,1,taiwan_pride_treatment,independence_treatment,2,,,2,,1,
R_4HpKRDg8zZRqP0T,52,0,4,3,1,1,5,3,8,8,10,0,1,1,17,1,5,,1,1,1,2,1,2,2,2,2,1,china_pride_treatment,independence_treatment,,4,,,4,2,
R_472ud8HNJ3UtddL,74,1,2,1,12,1,4,1,10,0,4,0,0,0,16,0,,5,1,1,1,1,1,3,5,3,0,1,control,independence_treatment,,,2,2,2,2,
R_4AXPubbINLmwIEn,91,1,4,4,3,1,4,1,10,0,8,1,1,2,16,0,,2,1,1,5,1,1,3,3,3,1,1,taiwan_pride_treatment,independence_treatment,4,,,4,,2,
R_4y73WFTCO5NXUGb,70,1,3,4,12,1,5,1,10,5,10,2,2,0,22,1,5,,1,1,1,1,0,3,3,4,2,1,china_pride_treatment,independence_treatment,,2,,,2,2,
R_4nrCOJE6O7o3uZz,57,1,4,3,1,1,6,3,7,8,10,0,1,1,21,1,1,,1,1,1,1,1,1,2,2,2,0,china_pride_treatment,control,,3,,,3,,2
R_4rSAQZCAGmnCquo,70,0,2,3,3,1,3,3,5,5,8,0,2,2,16,1,6,,1,1,1,2,1,3,3,3,1,0,taiwan_pride_treatment,control,4,,,4,,,1
R_4G8nD39ghIzgBzk,88,0,1,2,1,1,3,1,8,10,10,0,1,1,20,1,5,,1,5,4,2,1,3,2,2,1,0,taiwan_pride_treatment,control,1,,,1,,,2
R_4xbgM0z7TUMr4xb,75,0,5,3,12,1,4,1,10,0,10,1,1,0,16,1,5,,1,1,5,1,1,3,3,2,2,0,china_pride_treatment,control,,2,,,2,,1
R_4WND8rUf7o5DOMR,68,0,5,2,1,1,3,3,6,10,10,0,0,1,16,1,1,,2,1,1,2,1,5,3,4,0,0,control,control,,,2,2,2,,0
R_4LCh3Zkiwso1vWz,85,0,7,3,1,1,5,1,5,5,9,0,1,1,16,1,5,,1,2,5,2,1,3,3,4,2,1,china_pride_treatment,independence_treatment,,3,,,3,1,
R_4GxmfzCsIhmi90F,89,1,2,3,12,1,5,3,10,10,10,0,1,1,16,1,5,,1,1,5,1,0,2,3,4,0,0,control,control,,,2,2,2,,1
R_4EixLlWcnjkqa3q,84,0,3,4,3,1,5,1,10,0,8,0,1,0,12,1,5,,1,2,4,2,1,3,3,3,2,0,china_pride_treatment,control,,3,,,3,,1
R_41ywpKNWFx50ZZm,77,1,3,5,2,1,4,1,9,3,5,1,1,0,9,1,5,,2,1,5,2,1,1,3,1,0,1,control,independence_treatment,,,2,2,2,2,
R_4oeD05jSiwLzaVP,75,0,5,3,5,1,5,1,10,2,7,2,1,0,12,1,5,,2,1,1,1,1,5,3,1,0,1,control,independence_treatment,,,3,3,3,2,
R_4msv1A3ZTfhA2K5,86,1,4,4,12,1,4,1,10,0,8,1,1,0,16,1,6,,2,1,4,2,1,1,3,3,0,0,control,control,,,3,3,3,,3
R_4MNFIM8LwmqJntD,81,0,2,3,12,1,5,1,10,3,7,0,0,0,17,1,5,,1,1,5,1,1,3,4,3,1,0,taiwan_pride_treatment,control,2,,,2,,,2
R_4OB8V19ajZGl35f,66,1,2,3,12,1,4,1,10,0,10,2,1,0,12,1,5,,2,1,2,1,1,5,4,2,1,0,taiwan_pride_treatment,control,1,,,1,,,1
R_4C8hkrxQRBJQTWk,62,0,6,3,2,1,4,1,8,8,8,1,1,1,12,1,5,,2,1,1,2,1,3,2,1,0,1,control,independence_treatment,,,3,3,3,4,
R_4zYh16NiZkxF9w5,70,0,1,5,2,1,6,1,10,0,9,2,1,0,18,1,5,,2,1,1,2,1,2,3,1,0,0,control,control,,,3,3,3,,1
R_4LXr1EdIsqSoXWF,45,1,21,3,1,1,5,3,10,9,10,2,1,1,20,0,,3,1,4,1,2,1,2,3,4,1,1,taiwan_pride_treatment,independence_treatment,4,,,4,,2,
R_4zp54UT4EghHfz3,60,0,2,3,1,1,6,1,10,5,10,0,1,0,16,1,5,,1,1,1,2,1,2,4,4,2,1,china_pride_treatment,independence_treatment,,3,,,3,2,
R_4LiZZKKwMEMH3Al,52,0,4,3,12,1,3,3,8,8,10,0,2,2,18,0,,3,1,1,1,2,1,2,2,2,0,1,control,independence_treatment,,,1,1,1,1,
R_4V35rqygnionmwx,59,0,2,2,1,1,5,3,8,8,9,0,1,1,15,1,5,,1,5,1,2,1,1,3,2,1,0,taiwan_pride_treatment,control,4,,,4,,,2
R_4l6ork6ydrP35M7,77,1,2,3,12,1,6,1,10,0,10,2,1,2,12,1,5,,1,5,5,2,1,5,4,3,0,1,control,independence_treatment,,,3,3,3,4,
R_4YhAbrF4qxLSkH7,50,0,3,3,1,1,3,3,10,8,10,0,1,1,12,1,5,,1,2,1,2,1,1,3,2,0,0,control,control,,,3,3,3,,1
R_4XoO47XnPG1FheP,61,0,4,4,12,1,2,1,8,4,7,1,2,1,18,1,5,,1,1,1,2,1,3,3,4,2,1,china_pride_treatment,independence_treatment,,4,,,4,2,
R_4CWmT1vaEq574n8,88,0,5,5,3,1,6,3,8,2,10,2,1,2,20,1,4,,1,1,5,2,1,2,3,3,1,1,taiwan_pride_treatment,independence_treatment,3,,,3,,4,
R_4EuYALrmaD0NLVW,86,0,2,3,3,1,4,1,8,2,5,1,1,0,18,1,5,,1,2,5,1,1,3,3,3,1,1,taiwan_pride_treatment,independence_treatment,3,,,3,,3,
R_4gYoCnmsnLS2YfP,62,1,8,3,1,1,4,3,10,10,10,2,1,1,18,1,5,,3,2,5,2,1,3,3,2,2,1,china_pride_treatment,independence_treatment,,3,,,3,3,
R_4M6EZI4k69pFFUO,79,1,6,4,3,1,6,1,10,1,5,0,1,0,12,1,5,,1,1,2,1,1,2,3,3,2,1,china_pride_treatment,independence_treatment,,2,,,2,1,
R_4dK0GXjeM7o6XGP,44,0,3,3,2,1,5,1,10,0,3,1,1,0,25,0,,5,1,1,2,3,0,3,3,1,1,1,taiwan_pride_treatment,independence_treatment,2,,,2,,1,
R_4Ov0inkpUeUDXug,49,0,5,3,12,1,6,3,3,7,10,2,1,2,26,1,5,,2,1,1,2,0,1,3,2,0,1,control,independence_treatment,,,2,2,2,2,
R_4EczhjqBupM4V6f,84,0,3,4,3,1,5,3,9,7,8,1,2,2,15,1,5,,2,1,5,2,1,3,4,3,2,0,china_pride_treatment,control,,4,,,4,,0
R_4GJFLPjR7Usf7CK,73,0,9,3,2,1,6,1,6,6,6,2,1,0,12,1,5,,1,1,1,2,0,2,4,1,2,0,china_pride_treatment,control,,2,,,2,,2
R_4uw9Vk8FOvHanTy,74,0,3,3,12,1,6,4,7,5,5,2,1,1,12,0,,6,1,1,5,1,1,5,3,4,1,1,taiwan_pride_treatment,independence_treatment,3,,,3,,2,
R_41XdGALOrFtw1r8,87,0,3,5,2,1,4,1,9,1,9,1,1,0,8,1,6,,1,1,4,2,1,3,3,4,1,0,taiwan_pride_treatment,control,4,,,4,,,2
R_4WCG9klMvujbo0V,63,0,1,3,1,1,3,3,7,7,5,0,1,1,15,1,5,,1,4,2,2,1,3,3,1,1,0,taiwan_pride_treatment,control,3,,,3,,,3
R_4To4ICS501lDPQO,54,0,5,3,3,1,5,3,10,4,10,0,1,1,22,1,5,,1,1,1,2,1,1,3,3,2,0,china_pride_treatment,control,,4,,,4,,2
R_4Gy8XUlXcGCozS1,85,0,6,4,12,1,4,3,10,10,10,1,1,2,16,1,5,,2,1,5,1,1,5,3,4,0,0,control,control,,,3,3,3,,2
R_4iI6SCpP1oVRbUS,60,0,9,3,12,1,4,1,10,10,0,2,2,0,14,1,5,,2,1,1,2,1,3,3,1,1,0,taiwan_pride_treatment,control,1,,,1,,,1
R_4UAwZiKj9c6QSaZ,86,0,6,3,2,1,4,1,7,2,8,1,2,2,12,1,4,,1,2,5,2,1,4,3,2,1,0,taiwan_pride_treatment,control,2,,,2,,,1
R_4ohDMJ2cEexANIE,46,0,2,3,3,1,5,1,10,10,10,0,1,2,12,0,,3,2,1,1,2,1,1,2,3,0,1,control,independence_treatment,,,3,3,3,4,
R_4ttrl2hCYv8P2H7,76,0,6,3,3,1,5,3,8,5,5,0,1,1,24,1,5,,1,1,5,2,1,2,3,3,0,0,control,control,,,2,2,2,,2
R_4w25ZXFwVxN5OvL,59,0,5,4,1,1,3,3,10,0,10,0,1,2,9,1,5,,2,1,5,1,1,3,5,1,2,1,china_pride_treatment,independence_treatment,,1,,,1,1,
R_4LGPLZUG1hvy6ml,79,1,6,3,1,1,4,3,8,3,8,2,1,2,12,1,5,,1,1,1,3,1,3,4,4,0,1,control,independence_treatment,,,2,2,2,0,
R_46ng4I2BPA9Blw4,70,0,5,4,2,1,5,1,10,0,5,1,1,0,5,1,5,,2,1,5,2,1,1,3,1,2,1,china_pride_treatment,independence_treatment,,0,,,0,4,
R_40D3cAEjhInoaCR,63,1,3,3,12,1,6,3,9,8,8,2,2,2,12,1,5,,3,2,1,3,1,5,5,4,0,0,control,control,,,3,3,3,,1
R_4uwbdLktbaoby9n,62,0,3,4,1,1,5,3,8,9,10,0,1,1,20,1,5,,1,1,1,2,1,1,2,2,2,0,china_pride_treatment,control,,4,,,4,,2
R_4qpJsC8iBzptJwP,69,1,8,3,1,1,6,1,7,2,5,0,0,0,18,1,5,,1,1,1,2,0,1,3,3,1,1,taiwan_pride_treatment,independence_treatment,3,,,3,,0,
R_4Q32c1Io95sOylj,82,0,1,4,3,1,2,1,9,1,1,1,1,0,18,1,6,,1,5,4,2,1,3,1,3,2,1,china_pride_treatment,independence_treatment,,3,,,3,3,
R_4P4TxLTHofTGN7a,76,0,4,1,3,1,4,1,9,1,9,0,1,0,16,1,5,,2,1,1,1,1,3,3,3,0,1,control,independence_treatment,,,1,1,1,2,
R_4SehBm3vQ5DEdxT,70,1,16,4,5,1,1,3,10,5,10,0,1,1,10,0,,5,1,3,2,1,1,3,4,4,1,0,taiwan_pride_treatment,control,3,,,3,,,2
R_4cbFRmtA3jWK4So,50,0,1,2,1,1,5,3,10,10,10,0,1,1,16,1,5,,1,1,1,2,1,3,3,2,2,0,china_pride_treatment,control,,3,,,3,,1
R_4GDWVhO81TBB9At,60,1,3,5,1,1,5,1,10,5,4,0,2,2,12,1,5,,1,2,5,2,1,3,5,1,0,0,control,control,,,2,2,2,,1
R_4v79z1Zhb4icOGT,58,1,15,3,1,1,3,3,8,9,9,0,0,1,18,1,6,,1,2,1,2,1,5,3,2,2,0,china_pride_treatment,control,,3,,,3,,2
R_4Ep3lfyz24KoDUF,65,1,1,3,3,1,5,1,8,2,7,0,0,0,16,1,5,,1,4,1,2,1,2,3,3,0,1,control,independence_treatment,,,2,2,2,0,
R_4CjcTdKZNFjYA2y,93,0,5,3,3,1,4,1,10,2,10,1,1,2,12,0,,2,1,1,5,2,1,1,3,4,0,1,control,independence_treatment,,,3,3,3,2,
R_4mC1EQXIhbKLhXv,69,0,1,1,3,1,3,1,8,9,8,0,1,1,16,1,5,,1,1,1,1,1,2,4,3,0,1,control,independence_treatment,,,1,1,1,1,
R_4vYspjWp1QM8kye,74,0,2,5,3,1,6,3,10,2,10,0,1,0,16,1,5,,1,1,1,1,1,1,2,3,1,0,taiwan_pride_treatment,control,4,,,4,,,1
R_4YR5oQa78u2vwgV,79,0,1,4,1,1,3,3,8,5,7,2,1,1,16,1,5,,1,1,1,2,1,3,3,2,0,0,control,control,,,3,3,3,,2
R_4K30trhVWbmn9kZ,51,1,1,4,2,1,6,1,8,4,5,2,1,2,21,1,5,,2,1,1,2,1,1,3,1,1,1,taiwan_pride_treatment,independence_treatment,2,,,2,,1,
R_4nUSbLN7RWT21rb,80,0,2,2,3,1,5,1,8,2,5,2,1,0,13,1,1,,1,1,5,2,1,4,3,1,2,1,china_pride_treatment,independence_treatment,,2,,,2,1,
R_40ukbdu4QceAwcj,85,1,3,3,11,1,5,1,10,0,5,1,1,0,12,1,5,,1,1,4,1,1,1,4,4,0,1,control,independence_treatment,,,2,2,2,3,
R_4VPzqnmEtxO43nu,87,1,5,4,12,1,4,1,10,0,10,1,1,0,16,1,5,,1,2,5,2,1,3,4,4,1,0,taiwan_pride_treatment,control,3,,,3,,,2
R_42SihRuaHM2NXAX,66,1,2,3,5,1,4,1,10,0,10,0,1,0,16,1,6,,1,1,1,2,1,3,3,3,2,0,china_pride_treatment,control,,0,,,0,,1
R_4YgoMD3hvt87fJt,75,0,6,4,3,1,4,1,10,6,10,2,1,2,30,1,6,,1,1,5,2,1,3,2,4,0,0,control,control,,,1,1,1,,2
R_4f21eBwtzUCTpI9,64,0,2,3,12,1,1,3,0,10,10,0,0,1,16,1,5,,1,1,1,2,0,2,2,4,1,1,taiwan_pride_treatment,independence_treatment,3,,,3,,3,
R_4Qc1yGR6Xe9nFWr,86,1,6,5,3,1,2,1,10,0,10,1,1,0,15,1,5,,1,1,1,2,1,2,3,3,2,0,china_pride_treatment,control,,3,,,3,,1
R_4F9hcuDIeXy9hOF,79,0,2,2,7,1,4,1,10,0,1,1,1,0,18,1,5,,1,1,1,1,1,1,3,1,0,1,control,independence_treatment,,,3,3,3,3,
R_4l9pNRx2tTdmppR,62,0,1,3,3,1,5,3,7,7,7,1,1,1,22,1,5,,1,4,5,1,1,3,3,4,2,1,china_pride_treatment,independence_treatment,,4,,,4,4,
R_4ixIXWGgINNtpmZ,60,0,2,2,2,1,5,3,9,8,9,0,1,1,17,1,5,,2,1,2,2,1,1,4,1,0,0,control,control,,,2,2,2,,2
R_4SUEuuoEnOHjTBn,74,1,5,3,12,1,5,1,10,0,10,1,1,0,9,1,5,,1,1,5,1,1,3,5,4,1,0,taiwan_pride_treatment,control,4,,,4,,,1
R_4xXISl0cCck3pR7,71,0,4,3,4,1,1,3,10,10,10,0,1,1,14,0,,3,1,1,5,2,1,4,3,2,1,1,taiwan_pride_treatment,independence_treatment,4,,,4,,2,
R_43GAsceugJqVYhX,72,0,2,3,11,1,6,3,10,5,10,0,2,2,16,1,1,,1,4,1,1,1,2,3,4,0,0,control,control,,,3,3,3,,3
R_4K0xyJ6u2Th75Ob,78,0,2,3,3,1,3,1,10,0,10,1,1,0,16,1,5,,1,1,5,1,1,3,3,3,0,1,control,independence_treatment,,,3,3,3,2,
R_4WFslxBmD76UNpL,84,0,5,3,3,1,6,1,10,6,8,0,1,0,12,1,5,,1,1,5,2,1,3,3,3,1,0,taiwan_pride_treatment,control,4,,,4,,,2
R_4BbPeVAnSvqK93X,72,0,4,3,2,1,5,1,8,3,4,1,1,0,15,1,5,,1,1,1,2,1,3,3,1,2,0,china_pride_treatment,control,,4,,,4,,3
R_4nOXcmQ2zMmGCG6,74,0,6,5,9,1,4,1,10,0,8,1,1,0,18,1,5,,1,1,4,1,1,1,3,1,0,1,control,independence_treatment,,,3,3,3,4,
R_4rYUVps6k0WeBZF,70,1,13,3,2,1,3,1,10,1,6,1,1,1,22,1,5,,1,2,1,2,1,3,4,,0,0,control,control,,,1,1,1,,1
R_4ojLvLeELDYfWWr,61,1,1,3,1,1,5,3,10,6,10,0,1,0,16,1,5,,1,5,5,2,1,3,3,2,1,0,taiwan_pride_treatment,control,3,,,3,,,1
R_4mgUrzsWnOk3MBr,62,1,10,5,2,1,4,1,10,9,10,0,1,0,18,1,6,,1,1,1,2,1,3,2,1,2,0,china_pride_treatment,control,,3,,,3,,2
R_40JabJlZSQ9t36Q,80,1,6,2,3,1,5,1,8,2,8,0,1,0,16,0,,1,1,1,1,1,1,1,3,3,2,0,china_pride_treatment,control,,1,,,1,,2
R_4PbfxeykZGOOChP,63,1,1,3,1,3,5,4,7,4,5,0,2,0,25,1,1,,1,6,5,1,1,1,3,4,1,0,taiwan_pride_treatment,control,3,,,3,,,1
R_4qg2xhStGhoGkSd,51,1,2,3,1,1,6,3,10,9,10,0,0,0,9,1,5,,1,4,5,2,1,1,3,2,0,1,control,independence_treatment,,,2,2,2,2,
R_4bP4S9SLgKF4HFP,46,1,4,3,12,1,6,3,10,10,10,2,1,1,9,1,1,,1,4,5,1,1,5,2,2,2,1,china_pride_treatment,independence_treatment,,4,,,4,1,
R_44IZugb9PbFQvM9,59,1,6,3,12,1,5,3,6,7,10,0,1,1,16,0,,3,2,1,5,2,1,5,3,2,2,1,china_pride_treatment,independence_treatment,,3,,,3,2,
R_4DTBKtHl1TetfXI,54,0,4,3,1,1,3,3,10,10,8,0,1,1,18,0,,3,1,1,1,2,1,1,3,2,0,1,control,independence_treatment,,,2,2,2,2,
R_4EnHSeBsonDKV2z,87,1,4,3,3,1,5,1,10,0,9,2,1,0,17,1,6,,1,5,5,2,1,3,3,3,1,0,taiwan_pride_treatment,control,4,,,4,,,2
R_4OPm7l9JxKxer0H,58,1,4,3,1,1,6,3,5,5,7,0,1,1,15,1,5,,1,1,1,1,1,3,3,1,2,1,china_pride_treatment,independence_treatment,,3,,,3,2,
R_4OpqKL3hVwtFHmV,86,1,4,3,3,1,4,1,10,0,10,2,1,0,16,1,5,,1,1,5,1,1,3,4,1,1,1,taiwan_pride_treatment,independence_treatment,2,,,2,,2,
R_436KMwpN2agvKoN,78,0,2,1,1,1,3,3,10,10,10,0,0,2,23,1,5,,1,1,5,2,1,1,3,2,2,0,china_pride_treatment,control,,4,,,4,,1
R_4bICZyh82LOWU6Z,71,1,3,3,3,1,5,3,5,5,10,2,2,2,16,1,5,,1,1,5,1,1,3,3,3,1,0,taiwan_pride_treatment,control,1,,,1,,,0
R_4k6N00Wc6sb1gvn,85,1,5,4,3,1,6,1,10,0,0,2,1,0,16,1,5,,1,3,1,2,1,3,3,2,1,0,taiwan_pride_treatment,control,3,,,3,,,1
R_4VknC6cGwkSZe9z,85,1,5,3,3,1,6,4,9,5,9,2,1,0,16,1,5,,1,1,5,2,1,3,3,3,0,0,control,control,,,1,1,1,,2
R_4UflRqAhnRsThKn,74,0,22,4,3,1,6,3,8,5,8,0,1,1,14,1,5,,1,1,1,2,1,3,4,4,1,1,taiwan_pride_treatment,independence_treatment,2,,,2,,0,
R_4HLISvIxAYYNPep,43,1,3,2,1,1,5,3,10,6,10,0,1,1,9,0,,3,1,4,1,1,1,1,3,2,1,1,taiwan_pride_treatment,independence_treatment,4,,,4,,4,
R_4gYn8XTrBkvT8op,86,1,4,3,3,1,6,1,10,0,8,2,1,0,16,1,5,,1,1,5,2,1,3,3,3,2,1,china_pride_treatment,independence_treatment,,0,,,0,1,
R_4w0YvpHvfrUmOxb,74,0,6,4,11,1,4,,9,1,8,1,1,0,12,1,5,,1,1,1,1,1,3,4,3,1,0,taiwan_pride_treatment,control,3,,,3,,,3
R_4EmRpKh9c9BX2QP,83,0,13,3,12,1,5,1,9,2,10,1,1,0,15,1,6,,1,1,5,1,1,3,4,1,1,1,taiwan_pride_treatment,independence_treatment,4,,,4,,4,
R_4sThgoEaE0Lv5qF,51,0,4,3,1,1,6,3,10,10,10,0,1,1,16,1,5,,2,4,1,2,1,2,4,2,0,1,control,independence_treatment,,,2,2,2,2,
R_4qjIbDPK3okTM3z,93,0,7,4,3,1,5,1,9,1,0,0,1,0,14,1,5,,1,1,5,2,1,3,5,4,2,0,china_pride_treatment,control,,3,,,3,,1
R_4OGUEkhVB6YOmVH,84,1,6,3,12,1,3,3,10,10,9,2,1,1,12,0,,5,3,2,5,1,1,1,3,4,2,1,china_pride_treatment,independence_treatment,,2,,,2,3,
R_4YoeLH28GqKY60O,84,1,4,3,12,1,6,1,6,1,5,2,1,1,17,1,5,,1,3,5,2,1,3,4,4,1,0,taiwan_pride_treatment,control,1,,,1,,,1
R_4KeR1O25hM4lEto,33,0,4,3,2,1,4,1,10,1,5,1,1,0,18,1,5,,2,1,1,1,1,1,3,1,2,1,china_pride_treatment,independence_treatment,,3,,,3,3,
R_4o12BZrPIxjdcEe,41,0,2,4,2,1,2,1,0,4,4,1,1,2,6,0,,3,2,1,1,3,1,1,3,1,2,0,china_pride_treatment,control,,2,,,2,,1
R_41SHF5PbtRkqnIn,89,1,3,5,12,1,6,4,7,0,7,1,2,0,16,1,5,,1,2,5,2,1,5,4,4,0,0,control,control,,,1,1,1,,0
R_4oheIHzGavjITcs,66,0,3,5,2,1,4,1,10,0,1,1,1,0,22,1,5,,2,1,5,2,1,1,4,1,1,1,taiwan_pride_treatment,independence_treatment,3,,,3,,2,
R_4N21EAS7yFSl4w9,76,0,4,3,3,1,6,1,10,1,10,0,1,2,10,1,6,,1,4,4,2,1,3,3,3,1,1,taiwan_pride_treatment,independence_treatment,1,,,1,,1,
R_4MCNRrPNSsQbEqJ,83,1,1,3,12,1,6,1,6,5,5,0,1,2,17,1,5,,1,4,5,1,1,1,3,4,2,0,china_pride_treatment,control,,4,,,4,,2
R_4ZI23Fr9yOWolPP,87,1,4,3,12,1,4,1,10,1,10,2,1,2,12,1,5,,1,1,4,2,1,5,3,3,1,0,taiwan_pride_treatment,control,4,,,4,,,3
R_4TuBIWc10mopj4N,81,1,4,4,3,1,4,1,10,0,5,1,1,0,9,1,5,,1,1,5,2,1,3,3,1,1,0,taiwan_pride_treatment,control,4,,,4,,,1
R_4JZnsHP1zPAGEcF,76,0,22,5,2,1,4,1,10,0,10,1,1,0,16,1,5,,1,1,1,2,1,3,2,1,1,1,taiwan_pride_treatment,independence_treatment,4,,,4,,4,
R_4nYNHqaM2tJICV5,68,0,3,3,12,1,6,3,10,10,10,0,0,0,16,1,5,,1,1,5,2,1,2,5,4,2,1,china_pride_treatment,independence_treatment,,2,,,2,0,
R_4Vr7zK0G9hyJ0Yx,41,0,2,3,4,1,3,3,10,10,10,0,1,1,17,0,,3,1,4,1,2,1,2,2,2,2,1,china_pride_treatment,independence_treatment,,4,,,4,2,
R_4D87Y8gD6Bora1j,78,1,2,2,5,1,5,3,9,4,2,1,1,2,19,1,5,,1,1,5,2,1,3,3,3,1,0,taiwan_pride_treatment,control,2,,,2,,,1
R_4K25rCEceXtWdTl,58,1,1,3,12,1,5,1,9,3,5,2,1,2,12,0,,1,2,1,1,3,1,1,3,4,2,0,china_pride_treatment,control,,2,,,2,,3
R_4KpbHgCDclJEvXy,81,1,5,3,12,1,6,1,7,3,7,2,2,2,16,1,1,,1,1,5,1,1,3,3,2,0,1,control,independence_treatment,,,2,2,2,2,
R_4Td8jphDImCMNl7,78,0,6,3,3,1,4,1,5,8,7,1,1,1,9,1,6,,1,1,1,1,1,2,3,3,2,1,china_pride_treatment,independence_treatment,,2,,,2,2,
R_4jBcEezNH9BTk2D,57,0,1,3,1,1,5,3,9,8,10,0,2,2,14,0,,3,2,5,5,2,1,2,3,2,1,1,taiwan_pride_treatment,independence_treatment,3,,,3,,1,
R_4hyVLmryzpeDWRg,83,1,9,3,12,1,4,1,10,1,5,1,1,2,16,1,6,,1,1,1,1,1,3,3,4,2,1,china_pride_treatment,independence_treatment,,2,,,2,2,
R_4N44kuxpc95qwBH,74,1,4,5,1,1,6,1,10,0,10,2,1,0,16,0,,4,2,1,5,2,1,2,5,4,1,0,taiwan_pride_treatment,control,2,,,2,,,1
R_451zcZ6x9QjKEg1,76,1,9,5,12,1,5,3,10,2,10,2,1,1,18,1,5,,1,1,1,2,1,3,4,4,0,1,control,independence_treatment,,,3,3,3,1,
R_4BPA9j8CGk79M05,77,0,1,2,1,1,6,3,9,9,9,0,1,1,18,1,5,,1,4,1,2,1,3,2,2,2,0,china_pride_treatment,control,,4,,,4,,2
R_4bVMB7U6Au0GN87,76,0,1,3,2,1,4,1,10,0,3,2,1,0,20,1,5,,1,1,4,2,1,3,2,1,1,1,taiwan_pride_treatment,independence_treatment,2,,,2,,2,
R_4bQaikGTdKt2krh,93,1,11,4,11,1,5,1,9,1,10,1,1,0,18,0,,2,1,1,5,1,1,3,3,4,1,1,taiwan_pride_treatment,independence_treatment,3,,,3,,3,
R_4oWTW1iePou067f,53,1,1,3,5,1,4,1,10,1,7,1,1,0,12,0,,1,1,1,1,2,1,3,3,1,1,0,taiwan_pride_treatment,control,4,,,4,,,1
R_4Fre8rfLReENIuO,70,1,2,4,12,1,5,1,10,5,10,0,2,0,16,1,5,,1,1,5,2,1,2,3,2,0,1,control,independence_treatment,,,3,3,3,1,
R_4oG91QdtFf73hNU,59,0,3,4,3,1,4,1,9,8,8,2,1,0,18,1,5,,1,4,1,2,1,3,3,2,1,0,taiwan_pride_treatment,control,2,,,2,,,1
R_4B8P4fLufanO1hx,63,1,10,3,12,1,6,1,9,1,10,0,2,0,16,0,,6,1,2,5,2,1,5,4,2,2,0,china_pride_treatment,control,,0,,,0,,0
R_4r6SxZD8w4JtDBZ,85,1,4,3,12,1,5,1,10,1,10,2,1,2,16,1,5,,1,1,5,1,1,5,3,2,0,1,control,independence_treatment,,,3,3,3,1,
R_4I6RbbHyekjP5C5,86,1,2,4,2,1,4,1,10,1,3,1,1,0,12,1,5,,1,3,4,2,1,3,4,1,1,1,taiwan_pride_treatment,independence_treatment,4,,,4,,2,
R_496sMCKmdNUFIx0,84,1,5,3,3,1,2,1,10,0,10,1,1,1,15,0,,2,1,1,5,1,0,2,4,4,0,0,control,control,,,3,3,3,,2
R_4Ufqh0AIDSZ21TW,77,0,4,5,2,1,4,1,7,0,7,1,2,0,9,1,5,,1,1,5,1,1,3,3,1,2,1,china_pride_treatment,independence_treatment,,1,,,1,2,
R_41bLeONMlj1HmQ2,71,0,2,4,3,1,4,1,8,6,7,1,1,2,15,1,5,,1,1,5,2,1,2,3,4,0,0,control,control,,,2,2,2,,1
R_4eftHy34VDeScRB,76,1,1,4,1,1,6,3,7,7,10,0,2,2,16,1,5,,1,4,5,2,1,1,4,2,1,0,taiwan_pride_treatment,control,1,,,1,,,1
R_48HUIIr9jtjclCC,59,0,2,2,1,1,3,3,9,2,8,1,1,0,19,1,6,,1,1,1,1,1,3,2,2,1,0,taiwan_pride_treatment,control,4,,,4,,,2
R_4mxBd6M7wItYosM,61,0,2,3,1,1,6,3,10,6,10,0,1,0,19,1,5,,1,2,1,1,1,1,2,2,1,0,taiwan_pride_treatment,control,4,,,4,,,2
R_4RomX4H13q8zkjL,76,1,1,3,1,1,5,1,10,0,7,0,1,0,16,1,6,,1,4,5,1,1,1,2,2,0,1,control,independence_treatment,,,2,2,2,1,
R_4n895UaQyLm6INb,78,1,1,3,1,1,6,1,8,4,7,0,1,0,22,1,6,,1,1,5,1,1,5,3,4,0,1,control,independence_treatment,,,3,3,3,0,
R_44jHF1pb9Hv1IJM,45,1,6,3,12,1,6,3,6,6,10,0,2,2,16,0,,1,1,4,1,2,1,2,4,2,1,1,taiwan_pride_treatment,independence_treatment,4,,,4,,2,
R_4MRHy4W9So3uXia,48,0,1,4,3,1,3,3,10,10,10,0,2,1,13,0,,3,1,1,1,1,1,2,3,3,2,0,china_pride_treatment,control,,2,,,2,,1
R_4V6xcuLeXWANmNj,50,0,3,4,3,1,4,3,10,10,10,0,1,2,18,1,4,,1,4,1,1,1,3,3,3,0,1,control,independence_treatment,,,3,3,3,2,
R_4D98DshjJ6zzB7z,55,0,2,3,1,1,6,1,10,1,6,2,1,0,16,1,5,,2,1,1,2,1,2,3,1,2,0,china_pride_treatment,control,,2,,,2,,2
R_4kWRpzYSYhqOaCR,74,1,6,5,2,1,4,1,10,0,0,1,1,0,16,1,5,,2,1,5,1,1,1,3,1,1,1,taiwan_pride_treatment,independence_treatment,3,,,3,,3,
R_4eKc4M4s35mQkKJ,54,1,2,3,1,1,6,3,7,5,7,2,1,0,12,1,5,,2,1,5,2,1,2,4,2,0,0,control,control,,,1,1,1,,2
R_4SvK8Isq2lDm9L9,59,1,1,3,1,1,4,1,10,0,10,1,1,0,12,1,5,,1,1,5,1,1,5,4,2,2,0,china_pride_treatment,control,,2,,,2,,2
R_4nl6Q4qjQqsX02M,56,0,11,2,12,1,5,3,10,8,10,2,1,2,14,1,5,,2,1,1,2,1,1,3,4,0,1,control,independence_treatment,,,3,3,3,2,
R_4jHcxMRhdF0lzSY,56,0,5,4,3,1,5,1,10,0,5,2,1,0,19,1,5,,2,1,1,2,1,3,3,3,1,0,taiwan_pride_treatment,control,4,,,4,,,2
R_4qgGEXuRkVEQaF2,74,0,2,3,12,1,6,1,9,1,5,2,1,0,16,1,5,,1,2,5,2,1,1,3,4,2,0,china_pride_treatment,control,,3,,,3,,3
R_4ztYZr488tbZOMH,92,0,2,2,3,1,6,1,10,2,10,0,1,0,15,0,,2,1,2,5,1,1,3,3,3,0,0,control,control,,,0,0,0,,1
R_4ohfXlD1CR2VYrC,69,0,6,4,1,1,6,1,10,0,10,0,1,0,22,1,4,,1,4,5,1,1,1,1,2,2,1,china_pride_treatment,independence_treatment,,2,,,2,2,
R_43DzgfS4IbI5XLB,81,1,3,3,3,1,4,1,10,0,8,2,1,2,16,1,5,,1,1,5,1,1,3,3,3,2,0,china_pride_treatment,control,,1,,,1,,2
R_4VOzRbZtuXX7KM1,90,0,7,3,2,1,5,1,10,0,0,2,1,0,16,1,5,,1,2,5,2,1,3,3,1,0,0,control,control,,,2,2,2,,0
R_43BbdNaig0gYBYs,59,0,2,1,1,1,6,3,9,10,10,0,2,2,18,1,5,,1,4,1,2,1,2,2,2,2,1,china_pride_treatment,independence_treatment,,4,,,4,2,
R_4U6c0EVaQnhhti9,71,1,5,3,12,1,5,3,10,8,10,2,1,1,18,1,5,,2,1,1,2,1,3,2,3,0,1,control,independence_treatment,,,1,1,1,1,
R_4jZEXYeytaKJJuq,73,1,9,3,2,1,5,1,10,0,10,2,1,0,12,1,5,,1,1,1,2,1,2,3,1,0,0,control,control,,,2,2,2,,1
R_4jQc2bxalhxyhJv,86,0,3,3,3,1,5,3,7,3,7,0,1,0,18,1,6,,1,1,4,1,1,3,3,3,0,0,control,control,,,3,3,3,,1
R_4QDkrw6HmuMi2yG,75,1,2,5,3,1,4,1,10,5,10,0,1,0,16,1,5,,1,1,1,2,1,2,3,4,1,1,taiwan_pride_treatment,independence_treatment,3,,,3,,3,
R_4Y9YgZTzO0nca9r,49,0,1,3,3,1,5,3,10,7,10,0,1,1,16,1,5,,1,1,1,1,1,2,3,3,0,0,control,control,,,3,3,3,,2
R_45Los9HKIALzQm5,72,0,6,4,2,1,6,1,10,0,6,2,1,0,18,1,5,,2,1,5,1,1,3,3,1,1,0,taiwan_pride_treatment,control,4,,,4,,,2
R_4Qil7ClrukH7MOF,73,0,13,4,3,1,5,1,10,5,8,0,1,0,22,1,6,,3,2,5,2,1,3,3,3,2,0,china_pride_treatment,control,,3,,,3,,2
R_4mI2Vvrbkb5VKJ2,76,1,4,5,2,1,4,1,10,0,10,1,1,0,16,1,5,,1,2,5,2,1,3,3,1,1,0,taiwan_pride_treatment,control,2,,,2,,,2
R_4R5po3yWvlwl8kh,87,0,9,3,1,1,5,3,5,5,7,2,1,2,16,1,4,,2,4,5,2,1,1,4,2,1,0,taiwan_pride_treatment,control,3,,,3,,,1
R_4RvtNnfdU8OAR0J,71,1,1,4,1,1,5,1,10,0,10,0,1,0,19,1,5,,1,1,1,2,1,4,3,2,1,0,taiwan_pride_treatment,control,4,,,4,,,1
R_4hEzAxsNgifi96g,74,1,2,3,12,1,4,1,7,0,7,1,1,0,16,1,4,,1,1,5,1,1,1,4,1,1,0,taiwan_pride_treatment,control,1,,,1,,,3
R_4s6K6YD8x4BOwOb,61,0,2,3,1,1,1,3,5,6,10,0,0,1,12,1,5,,1,5,1,2,1,1,5,4,0,1,control,independence_treatment,,,1,1,1,4,
R_4bqippxT7VDL19T,67,1,2,4,2,1,4,1,10,0,5,1,1,0,16,1,5,,1,1,5,1,1,5,4,1,0,0,control,control,,,2,2,2,,1
R_4RwKFjHfXYpU3wB,76,1,5,3,12,1,5,1,10,0,5,2,1,0,17,1,1,,1,1,1,1,1,1,2,3,2,0,china_pride_treatment,control,,2,,,2,,2
R_4EKZJLY0dtn1QqZ,69,0,5,3,11,1,4,1,6,3,2,1,2,0,14,1,5,,2,1,5,1,1,3,3,1,1,0,taiwan_pride_treatment,control,3,,,3,,,3
R_4fuHRKSPY4iAyTQ,88,1,2,5,3,1,4,1,10,0,10,1,1,0,12,1,6,,1,3,5,1,1,3,4,3,1,0,taiwan_pride_treatment,control,4,,,4,,,1
R_4fmbBhIE4UMLrlk,86,1,4,3,3,1,4,1,0,0,10,2,1,0,18,1,5,,1,1,1,2,1,1,4,3,2,1,china_pride_treatment,independence_treatment,,2,,,2,2,
R_4GVQccj6q4ZTA0s,54,1,1,4,2,1,4,1,10,0,9,2,1,0,19,1,4,,1,1,5,1,1,1,2,1,1,1,taiwan_pride_treatment,independence_treatment,3,,,3,,1,
R_48ZiNchf7FIxKt4,57,1,3,3,12,1,6,1,10,0,5,2,1,2,15,1,5,,1,5,1,3,1,1,4,4,1,1,taiwan_pride_treatment,independence_treatment,3,,,3,,1,
R_4d6sNrrRivFddIA,65,0,2,3,3,1,6,1,8,0,10,0,1,0,16,1,5,,1,1,1,1,1,5,3,3,0,1,control,independence_treatment,,,3,3,3,2,
R_4aOJZV1DKCcSwIi,70,1,5,3,12,1,4,1,10,3,8,1,1,2,12,1,5,,2,1,5,2,1,5,4,1,1,0,taiwan_pride_treatment,control,0,,,0,,,1
R_4E6aOctDaYjyM54,50,1,5,3,12,1,4,1,10,0,0,1,1,0,12,1,5,,1,1,1,1,1,5,3,4,0,0,control,control,,,2,2,2,,2
R_41oLyB8UbsOqQ8F,84,0,2,3,3,1,5,1,10,0,9,2,2,0,18,1,5,,1,1,5,1,1,3,2,2,0,1,control,independence_treatment,,,3,3,3,1,
R_4LgLi4WZbVt1HwJ,83,0,5,4,5,1,6,1,10,0,10,1,1,0,16,1,5,,1,1,5,2,1,3,3,1,1,1,taiwan_pride_treatment,independence_treatment,4,,,4,,3,
R_4sMTB7x5ag0finv,67,0,4,5,3,1,2,1,10,0,5,1,1,0,16,1,5,,2,1,1,1,1,3,4,4,0,0,control,control,,,2,2,2,,1
R_4I8oA0F3nDpziCJ,74,1,2,3,1,1,5,1,10,5,10,0,1,0,16,1,5,,1,1,5,1,1,3,3,2,1,0,taiwan_pride_treatment,control,2,,,2,,,1
R_4EtvLu7K4UGP78r,57,0,21,3,8,1,3,3,8,3,6,1,1,1,12,1,5,,1,5,1,2,1,3,2,3,1,1,taiwan_pride_treatment,independence_treatment,4,,,4,,4,
R_4oLnvs6iIujFVPb,72,1,2,3,12,1,5,3,5,5,5,2,2,2,16,1,1,,1,1,5,2,1,1,5,4,1,0,taiwan_pride_treatment,control,1,,,1,,,2
R_4QshsiE49nwE5nD,56,0,4,3,11,1,6,4,10,5,10,1,2,0,12,1,4,,2,1,5,2,1,5,4,4,2,1,china_pride_treatment,independence_treatment,,3,,,3,1,
R_4n1Ks9yHPYh1UGp,78,0,1,4,12,1,4,1,1,1,9,2,1,1,18,1,5,,1,1,1,2,1,3,3,1,1,1,taiwan_pride_treatment,independence_treatment,3,,,3,,2,
R_4UWPZ3ip01wIKeI,68,0,4,4,2,1,4,1,10,0,8,1,1,0,16,1,5,,2,1,5,2,1,2,3,1,1,0,taiwan_pride_treatment,control,3,,,3,,,1
R_41SIgnPHwGARDFv,78,1,1,3,12,1,6,3,9,5,10,0,1,2,20,1,5,,2,1,1,2,1,1,3,2,2,0,china_pride_treatment,control,,4,,,4,,2
R_4OwG9RCQyAVMskF,74,0,12,3,3,1,5,3,8,4,8,0,1,0,18,1,5,,2,1,5,2,1,3,3,4,2,0,china_pride_treatment,control,,2,,,2,,1
R_4oFJI7Pmo76Mp3G,91,1,1,3,12,1,5,1,9,3,10,0,1,2,15,1,5,,1,1,5,2,1,2,3,2,1,1,taiwan_pride_treatment,independence_treatment,4,,,4,,2,
R_4lfWStyZlRlHhgZ,81,0,2,4,3,1,4,3,9,1,10,0,2,0,16,1,6,,1,1,5,2,1,2,3,3,1,1,taiwan_pride_treatment,independence_treatment,2,,,2,,1,
R_4dtqih8yIZkb2UC,92,1,22,3,12,1,4,1,10,0,7,2,1,0,15,0,,2,1,1,5,1,1,2,5,1,2,0,china_pride_treatment,control,,2,,,2,,1
R_4O2JihSd3VIInf3,69,1,3,2,1,1,5,1,8,7,8,0,2,2,4,1,5,,1,1,1,2,1,1,3,2,0,1,control,independence_treatment,,,3,3,3,1,
R_4mdV34dfTa89l3X,85,1,2,4,5,1,4,1,10,0,10,1,1,2,18,1,6,,2,1,5,2,1,4,3,4,1,1,taiwan_pride_treatment,independence_treatment,4,,,4,,2,
R_4lkvW9UrIJ9Wgrn,55,0,3,3,12,1,6,1,10,3,2,2,1,2,12,1,1,,2,1,1,1,1,2,3,1,2,0,china_pride_treatment,control,,2,,,2,,2
R_4NFCsjJP3CoF90W,83,0,3,4,2,1,5,1,10,5,10,1,1,0,16,1,5,,1,1,5,1,1,1,3,1,1,0,taiwan_pride_treatment,control,3,,,3,,,1
R_4uEBEptkdKww8wh,69,0,6,3,3,1,6,3,10,2,10,0,1,2,12,1,5,,1,1,5,2,1,3,4,3,1,1,taiwan_pride_treatment,independence_treatment,2,,,2,,2,
R_4jB47MHstxEK6Kd,64,1,2,3,1,1,3,3,10,10,10,0,2,1,17,0,,1,1,1,1,2,1,3,3,2,0,1,control,independence_treatment,,,1,1,1,4,
R_4EmXdeBIUZ20DTb,82,1,6,5,2,1,2,1,10,0,10,1,1,0,16,1,5,,1,1,5,2,1,3,3,1,2,1,china_pride_treatment,independence_treatment,,3,,,3,2,
R_4MZ4Drc1rPZZ7nb,86,1,2,3,1,1,4,1,4,6,5,2,1,0,16,1,1,,1,1,1,1,1,3,2,3,0,0,control,control,,,3,3,3,,3
R_4YSNCY2kBOAErgR,78,0,2,3,3,1,5,3,6,6,10,2,1,1,19,1,5,,1,1,1,2,1,2,3,2,1,1,taiwan_pride_treatment,independence_treatment,3,,,3,,2,
R_4ZysEAoGmRTnuTv,88,1,4,3,1,1,5,1,10,0,5,1,1,0,20,1,1,,1,1,5,2,1,1,3,1,0,1,control,independence_treatment,,,2,2,2,2,
R_4LbCGn7DB2QidgB,79,0,3,3,3,1,3,3,7,3,6,1,1,1,12,1,5,,1,1,1,2,1,3,3,3,1,1,taiwan_pride_treatment,independence_treatment,1,,,1,,2,
R_4MXKd7TxIYGuji9,59,1,1,3,12,1,6,3,5,5,8,0,1,1,16,1,5,,1,2,1,1,1,3,3,4,1,0,taiwan_pride_treatment,control,3,,,3,,,1
R_4Y9ssmAuHtkHwCN,64,1,20,2,1,1,3,3,9,1,5,0,2,2,9,1,5,,1,4,1,2,1,3,3,2,0,1,control,independence_treatment,,,2,2,2,1,
R_4poCBAIPYv9mfmn,91,1,3,3,12,1,3,1,10,0,10,1,1,0,18,0,,2,1,2,5,1,1,3,3,1,1,0,taiwan_pride_treatment,control,3,,,3,,,1
R_4KfPjMURp76DVKU,80,0,21,3,2,1,5,1,10,2,10,2,1,2,16,1,5,,1,1,5,2,1,1,3,1,0,1,control,independence_treatment,,,3,3,3,2,
R_44wrNRZVtT8diQB,71,0,1,3,2,1,3,1,10,0,7,1,1,0,16,1,5,,2,1,5,2,1,3,2,4,1,0,taiwan_pride_treatment,control,3,,,3,,,1
R_4siaqJTp140Pk1y,82,1,1,3,3,1,5,1,8,4,6,2,1,0,19,1,5,,1,2,5,1,1,2,3,4,2,0,china_pride_treatment,control,,2,,,2,,1
R_4CyFSspDqYnuBuK,84,1,3,3,12,1,4,1,10,0,10,1,1,0,16,1,5,,1,1,5,1,1,3,3,4,0,1,control,independence_treatment,,,2,2,2,2,
R_4USEKQ3GRfNrS8x,93,0,21,5,1,1,3,3,10,10,10,0,1,1,14,0,,2,1,1,5,2,1,2,2,4,2,1,china_pride_treatment,independence_treatment,,2,,,2,1,
R_4NUsBo2HvjAzDCl,63,1,1,2,2,1,4,1,10,2,9,1,1,0,22,1,5,,1,1,5,2,1,1,3,1,2,0,china_pride_treatment,control,,4,,,4,,1
R_4j9DpBKahuxbDKm,82,0,1,1,3,1,6,1,10,4,9,2,1,2,10,1,5,,2,1,4,1,1,3,3,3,0,1,control,independence_treatment,,,3,3,3,0,
R_4DSxpxPZvbQVGuc,88,1,1,4,12,1,5,1,9,0,6,0,1,2,15,1,5,,1,1,5,2,1,2,3,2,2,0,china_pride_treatment,control,,3,,,3,,1
R_4DKNTrV3EfoJne9,64,1,14,4,1,1,6,1,10,1,9,2,1,2,24,1,6,,1,1,5,1,1,2,4,2,0,1,control,independence_treatment,,,1,1,1,2,
R_4EhwHbaDNtZXlRm,88,1,7,4,2,1,4,1,10,2,10,1,1,0,16,1,5,,1,1,5,2,1,3,2,4,1,0,taiwan_pride_treatment,control,3,,,3,,,0
R_4eoKfEFVxcYFRkt,72,1,5,3,12,1,5,1,9,2,7,2,1,0,16,1,5,,2,1,1,2,1,3,2,1,0,0,control,control,,,3,3,3,,2
R_4HXEoX3JE1abSrB,90,0,3,3,12,1,5,3,10,10,5,2,2,2,15,0,,2,1,8,5,2,1,5,4,3,2,0,china_pride_treatment,control,,2,,,2,,1
R_4vifGDhas7wwwOF,70,0,6,4,3,1,5,1,10,2,10,1,1,0,16,1,5,,1,1,1,2,1,3,3,3,2,1,china_pride_treatment,independence_treatment,,2,,,2,2,
R_42xR0gFsxloOO9c,66,0,1,2,3,1,5,1,10,0,9,0,1,0,16,1,6,,1,1,1,1,1,2,3,3,1,0,taiwan_pride_treatment,control,2,,,2,,,1
R_47apQpHRXVYwjmP,90,1,6,5,12,1,6,3,8,5,10,2,1,1,16,1,6,,2,1,5,2,1,1,3,3,1,1,taiwan_pride_treatment,independence_treatment,4,,,4,,2,
R_46bzVF30UQBy6VK,90,1,2,3,5,1,4,1,8,1,9,0,1,0,17,1,5,,1,1,4,2,1,1,3,1,1,1,taiwan_pride_treatment,independence_treatment,3,,,3,,2,
R_4f8ht0whfUv0GAQ,61,0,4,3,2,1,4,1,9,2,10,2,1,2,16,1,5,,2,2,1,1,1,1,4,1,0,1,control,independence_treatment,,,1,1,1,1,
R_4BwTXakoKK3XYRf,82,1,2,4,2,1,2,1,8,0,8,1,1,0,16,1,6,,1,1,1,2,1,3,3,3,1,1,taiwan_pride_treatment,independence_treatment,3,,,3,,2,
R_4BzHeofSlqASi6J,77,0,6,4,3,1,5,1,10,0,10,0,1,0,16,1,6,,1,1,1,1,1,5,3,3,2,1,china_pride_treatment,independence_treatment,,2,,,2,1,
R_4aRyZUl9aWim8Sd,78,1,9,4,3,1,5,1,10,0,8,2,2,2,16,1,5,,1,1,5,2,0,2,4,3,0,1,control,independence_treatment,,,1,1,1,2,
R_4V4Go5tYNGOr0Im,85,0,1,5,2,1,6,1,0,0,9,2,0,0,25,1,6,,1,1,5,1,1,2,4,4,1,1,taiwan_pride_treatment,independence_treatment,3,,,3,,1,
R_4pxqKMAXE72k867,90,0,4,5,3,1,6,1,10,0,8,1,1,0,16,1,5,,1,1,5,2,1,3,3,3,2,0,china_pride_treatment,control,,3,,,3,,1
R_4FLl9rl3YrfXMK2,71,0,6,3,1,1,6,3,8,7,10,0,2,2,17,1,5,,2,1,5,1,1,3,4,3,0,1,control,independence_treatment,,,1,1,1,4,
R_41ICM73Yffg3i1P,65,1,6,3,2,1,5,1,10,0,9,2,1,0,11,0,,1,1,1,1,2,1,1,3,3,1,1,taiwan_pride_treatment,independence_treatment,2,,,2,,2,
R_4hzis4ZwIuvfJVu,69,1,6,3,3,1,5,3,10,10,10,2,1,1,16,1,4,,1,4,1,1,1,3,3,3,1,0,taiwan_pride_treatment,control,4,,,4,,,2
R_4D7hRfBnJymaDYN,94,1,16,4,3,1,6,1,10,0,10,1,1,0,12,0,,2,1,1,5,2,1,3,3,4,0,0,control,control,,,2,2,2,,2
R_4RlpuPkOA948lIh,59,0,2,2,1,1,4,1,10,0,5,1,1,0,16,1,5,,1,1,1,2,1,3,3,2,0,0,control,control,,,3,3,3,,1
R_4LdRoBuaIFvFvbd,86,0,21,3,3,1,3,1,8,4,7,0,1,0,16,1,5,,1,2,5,1,1,3,4,3,2,0,china_pride_treatment,control,,3,,,3,,1
R_4qUNnIoB014a7n8,60,0,4,4,2,1,4,1,0,0,1,1,1,0,16,1,5,,2,1,5,1,1,3,3,1,2,0,china_pride_treatment,control,,2,,,2,,2
R_4nGTShUNGGeM28M,64,1,2,3,12,1,6,1,8,1,10,0,1,0,16,1,5,,1,4,5,1,1,5,3,2,0,0,control,control,,,0,0,0,,0
R_4fGhIXW5U7UrBM5,70,1,2,3,2,1,4,1,10,0,5,1,1,0,9,1,5,,1,1,5,2,1,5,4,1,2,1,china_pride_treatment,independence_treatment,,2,,,2,4,
R_47sd6zuXZtroGoH,57,1,2,3,1,1,4,3,10,6,9,1,1,1,12,1,5,,1,1,1,3,1,3,4,2,2,1,china_pride_treatment,independence_treatment,,4,,,4,3,
R_42XGfGEC01RXEdh,85,0,1,3,3,1,5,1,10,1,9,0,0,0,16,1,5,,1,1,5,2,1,3,3,4,1,1,taiwan_pride_treatment,independence_treatment,3,,,3,,1,
R_482yliFRSQWc9DH,59,0,1,5,3,1,2,1,10,0,7,1,2,0,16,0,,3,1,2,5,2,1,1,2,3,1,1,taiwan_pride_treatment,independence_treatment,2,,,2,,2,
R_4e1Os09gSaNzh9q,80,1,1,4,3,1,5,1,10,5,7,2,1,0,12,1,5,,1,2,4,2,1,3,3,3,2,0,china_pride_treatment,control,,3,,,3,,1
R_4AEuVPlQ2mWbLA5,90,0,4,4,3,1,4,1,7,0,7,1,1,0,16,0,,2,1,1,5,1,1,3,3,3,0,1,control,independence_treatment,,,2,2,2,2,
R_4hFLMZ5xtFpCiQ5,59,0,5,3,3,1,6,3,10,10,10,0,2,2,9,1,5,,1,1,2,1,1,2,5,2,1,0,taiwan_pride_treatment,control,2,,,2,,,3
R_49i99ifq1FMdiCk,77,0,10,3,12,1,6,1,7,1,5,2,1,2,16,1,4,,2,1,5,2,1,3,4,4,2,1,china_pride_treatment,independence_treatment,,1,,,1,1,
R_4qErjYOXRS72RhL,87,1,5,3,1,1,6,1,10,1,9,2,2,0,16,1,5,,1,1,5,2,1,1,2,4,0,1,control,independence_treatment,,,2,2,2,1,
R_45G8k9BdlIOjMm9,71,0,4,3,12,1,4,1,10,0,10,1,1,1,11,1,5,,1,1,1,1,0,3,4,1,1,1,taiwan_pride_treatment,independence_treatment,4,,,4,,3,
R_4NIhNhPfFGezAKi,85,0,4,1,1,1,5,3,5,5,7,2,2,2,8,1,5,,1,1,1,2,1,3,3,4,2,0,china_pride_treatment,control,,3,,,3,,2
R_4aRBFQ50W6ZpFxM,94,0,2,4,3,1,4,1,10,2,10,1,1,0,14,0,,2,1,1,5,1,1,2,3,3,2,1,china_pride_treatment,independence_treatment,,3,,,3,2,
R_4sO9RPEPErNM0QV,70,0,6,5,2,1,2,1,10,0,0,1,1,0,12,1,5,,1,1,1,2,1,4,4,1,1,1,taiwan_pride_treatment,independence_treatment,2,,,2,,2,
R_4sT6MVHJ0DhetQc,80,0,3,5,12,1,4,1,10,0,10,2,1,0,10,1,5,,1,1,1,1,1,1,3,4,1,1,taiwan_pride_treatment,independence_treatment,4,,,4,,1,
R_4yfjeY4Eo7K0saO,77,1,1,3,12,1,5,1,8,2,4,2,0,0,16,1,5,,1,1,1,2,1,5,2,3,1,0,taiwan_pride_treatment,control,2,,,2,,,1
R_46VRNF15EeYjxBv,93,0,2,4,2,1,6,1,8,2,7,2,1,0,12,1,1,,1,2,5,2,1,3,2,4,0,1,control,independence_treatment,,,3,3,3,2,
R_4TGyfPaQYOCLF2k,79,1,6,4,12,1,4,1,10,1,10,2,1,2,24,1,5,,1,2,1,1,1,3,4,4,0,1,control,independence_treatment,,,1,1,1,1,
R_4ZQSn1Ys48HaKgT,64,1,21,3,1,1,5,3,8,2,10,0,1,0,12,1,5,,1,4,5,1,1,2,5,3,2,0,china_pride_treatment,control,,2,,,2,,1
R_4L7Fx4XxvhfoxG6,65,1,3,5,12,1,3,3,6,5,0,0,0,0,20,1,1,,1,4,1,2,1,1,2,4,2,1,china_pride_treatment,independence_treatment,,4,,,4,4,
R_4mHJzsJCBoitfAl,59,0,3,4,1,1,3,3,10,10,10,0,1,1,16,1,5,,1,4,1,1,1,3,3,2,2,0,china_pride_treatment,control,,2,,,2,,2
R_4oXVuBaToAIedb9,71,1,2,4,5,1,5,3,9,5,10,2,1,2,20,1,6,,7,8,4,2,1,5,3,4,2,0,china_pride_treatment,control,,3,,,3,,3
R_4YEsdKXCeBO1w3m,69,0,1,3,1,1,5,3,8,8,10,0,0,0,18,1,5,,1,1,1,2,1,1,3,2,0,1,control,independence_treatment,,,3,3,3,3,
R_4SdZI1RTXaedbBO,74,0,2,2,1,1,3,3,4,8,9,0,0,1,16,1,5,,1,1,1,2,1,4,2,2,1,0,taiwan_pride_treatment,control,2,,,2,,,2
R_4Fo0SBPTeeEwin0,90,1,1,3,12,1,6,1,10,7,7,2,2,2,16,1,5,,1,1,5,2,1,5,3,4,0,0,control,control,,,2,2,2,,1
R_4lKtN2Md1CgOQpj,88,1,2,5,3,1,4,1,10,0,10,1,1,0,16,1,5,,1,1,4,2,1,3,3,3,0,0,control,control,,,3,3,3,,2
R_4mf3FiduZXodWj7,89,1,1,4,3,1,5,1,8,5,10,2,0,2,16,1,6,,1,2,5,1,1,1,4,,1,0,taiwan_pride_treatment,control,1,,,1,,,0
R_4lTkQLcOpcZsOoV,80,1,11,3,3,1,6,1,8,0,5,2,1,2,16,1,1,,1,2,5,2,1,3,3,3,0,0,control,control,,,2,2,2,,2
R_4npYWAuKdXS9T7R,84,0,6,4,2,1,4,1,10,0,7,1,1,0,16,1,1,,1,2,5,1,1,1,4,3,2,1,china_pride_treatment,independence_treatment,,3,,,3,3,
R_49PiUlWKY62v7B7,85,0,2,5,2,1,2,1,10,0,5,1,1,0,22,1,6,,1,1,5,2,1,2,3,3,2,0,china_pride_treatment,control,,3,,,3,,1
R_4r2QpKWrVuW7eN3,50,1,6,2,7,1,3,3,10,10,10,0,2,2,14,1,5,,1,4,1,2,1,5,4,2,2,1,china_pride_treatment,independence_treatment,,3,,,3,1,
R_4EhaABzmCHRBfhW,99,0,2,5,12,3,1,1,10,0,10,2,1,0,1,0,,2,4,3,5,1,1,1,5,3,2,1,china_pride_treatment,independence_treatment,,3,,,3,4,
R_4fTBW5DpZJpU59u,64,0,2,3,1,1,5,1,10,0,10,2,1,2,12,1,5,,1,1,2,2,1,5,3,3,2,0,china_pride_treatment,control,,3,,,3,,1
R_4IbZ25BJd4eBPK5,63,0,5,4,3,1,5,3,7,7,7,0,1,1,15,1,5,,1,1,1,1,1,3,3,3,0,1,control,independence_treatment,,,3,3,3,2,
R_45EeXqjoHF27jZG,55,0,5,3,1,1,3,3,8,7,8,0,1,1,14,1,5,,1,5,1,2,1,3,2,2,2,0,china_pride_treatment,control,,3,,,3,,2
R_4CfFKprnMbFior4,74,1,3,3,1,1,1,1,7,5,4,0,0,0,18,1,6,,1,4,5,2,1,1,4,2,2,1,china_pride_treatment,independence_treatment,,3,,,3,3,
R_4T4ftowqlA5Fbr3,69,1,1,4,1,1,5,3,10,8,10,0,2,1,5,1,6,,1,2,5,2,1,3,3,2,1,1,taiwan_pride_treatment,independence_treatment,2,,,2,,2,
R_43uPoEAKwL41Lmp,81,1,6,4,3,1,4,1,10,0,10,1,1,1,22,1,5,,1,1,5,2,1,3,3,4,0,0,control,control,,,3,3,3,,2
R_4U3eNzI0skBSRPQ,72,0,20,4,3,1,4,3,8,3,7,1,1,1,16,1,6,,1,1,5,1,1,1,3,1,1,0,taiwan_pride_treatment,control,2,,,2,,,2
R_4y2CKFzUSf92gqo,71,0,4,4,2,1,5,1,9,1,0,0,1,0,16,1,5,,1,7,5,2,1,3,3,1,1,0,taiwan_pride_treatment,control,1,,,1,,,3
R_4w5NH9fsAGtTN9r,68,1,1,4,12,1,5,3,7,4,10,2,2,0,22,1,5,,1,5,5,2,1,5,3,4,2,1,china_pride_treatment,independence_treatment,,2,,,2,1,
R_49xPnT86ae7rKXD,70,1,6,4,2,1,4,1,9,4,8,1,1,0,12,1,5,,2,1,5,1,1,1,3,1,2,1,china_pride_treatment,independence_treatment,,2,,,2,0,
R_4TR8rESDzTJSdNp,81,0,2,2,3,1,6,3,6,4,7,0,1,0,22,1,5,,1,4,5,2,1,3,3,3,1,1,taiwan_pride_treatment,independence_treatment,2,,,2,,0,
R_4McFSSGvpHRCoY1,77,1,21,4,3,1,5,3,10,7,10,2,1,1,16,1,1,,1,1,4,1,1,3,2,3,2,0,china_pride_treatment,control,,3,,,3,,1
R_4GrDSfFQW6xcoCz,65,0,5,2,12,1,6,1,10,2,10,2,1,0,16,1,5,,2,1,1,2,1,1,4,3,0,0,control,control,,,2,2,2,,2
R_4UgEJtuHF84sPnc,74,1,4,5,12,1,4,1,10,0,10,1,1,0,16,1,5,,1,2,5,1,1,3,4,1,2,1,china_pride_treatment,independence_treatment,,2,,,2,2,
R_4Olah15a8LVHTHC,87,1,9,4,1,1,6,1,10,1,10,0,1,0,12,1,1,,1,1,2,1,1,3,4,3,0,1,control,independence_treatment,,,2,2,2,2,
R_4NUxEAt0qUo6TfP,65,0,3,3,2,1,4,1,0,0,9,1,1,0,18,1,5,,1,1,1,2,1,3,2,1,0,1,control,independence_treatment,,,2,2,2,3,
R_4KuTiIFleAbpBlK,71,0,3,4,6,1,2,1,10,0,0,1,1,0,20,1,5,,1,1,5,2,1,1,1,1,1,1,taiwan_pride_treatment,independence_treatment,4,,,4,,3,
R_4kH4ZMnwmymNvPM,71,0,4,3,12,1,4,1,9,2,9,1,1,0,16,1,5,,2,2,1,1,1,1,4,3,0,0,control,control,,,2,2,2,,2
R_4O7mi9FOxxOSZAJ,87,1,1,3,12,1,6,3,8,5,6,2,1,2,16,1,5,,1,2,5,2,1,3,3,4,2,0,china_pride_treatment,control,,2,,,2,,0
R_4dLdrPEF1ymmEqj,66,1,5,3,12,1,5,3,9,7,7,0,2,0,16,1,5,,2,1,5,2,0,2,2,3,1,1,taiwan_pride_treatment,independence_treatment,1,,,1,,1,
R_4sXfw3I4WMz5wZe,65,1,2,5,2,1,4,1,10,0,5,1,1,0,15,0,,6,2,1,5,1,1,3,3,1,2,0,china_pride_treatment,control,,3,,,3,,2
R_4wB3Be0TjEhU8U0,62,0,11,5,12,1,1,3,6,6,7,0,0,1,13,0,,3,1,2,5,2,1,3,3,4,2,0,china_pride_treatment,control,,3,,,3,,1
R_4eKuZA4FJDosbEC,70,0,2,3,2,1,4,1,10,0,4,1,1,0,16,1,5,,1,1,5,1,1,3,3,1,1,1,taiwan_pride_treatment,independence_treatment,2,,,2,,3,
R_4OkKbBxAkqJt8M9,77,1,4,3,3,1,4,1,7,1,3,2,1,0,16,1,6,,1,1,5,2,1,3,3,3,0,1,control,independence_treatment,,,1,1,1,1,
R_4fZpQBqnZkPrrWD,92,1,1,3,12,1,4,1,9,4,9,2,2,2,13,0,,2,1,1,5,2,1,3,3,2,0,1,control,independence_treatment,,,2,2,2,1,
R_4Jr2PpADqX5cKe7,65,1,5,3,12,1,6,1,10,6,10,2,1,1,17,1,5,,2,1,5,2,1,1,3,1,2,0,china_pride_treatment,control,,3,,,3,,2
R_4IjCmxcGAHgeRHj,78,0,5,4,6,1,5,1,10,1,10,0,1,0,17,1,5,,1,1,4,2,1,3,3,3,0,0,control,control,,,2,2,2,,2
R_4dMkHQlxGnpFUiU,69,0,5,3,3,1,6,3,5,5,10,0,1,1,12,0,,5,2,1,5,1,1,1,5,2,2,1,china_pride_treatment,independence_treatment,,4,,,4,2,
R_4kvlfLRwL6oMRxQ,86,0,1,5,3,1,4,1,10,0,10,0,1,1,16,1,5,,1,2,5,2,1,3,4,3,1,0,taiwan_pride_treatment,control,3,,,3,,,2
R_4hAcNU8fumWTW1z,71,1,2,4,5,1,4,1,7,2,5,2,2,0,20,1,5,,1,1,1,2,1,3,3,2,2,1,china_pride_treatment,independence_treatment,,1,,,1,2,
R_4JFthLPjbPP66by,80,1,1,3,2,1,4,3,10,6,8,2,1,2,17,1,5,,1,2,5,2,1,3,2,1,2,1,china_pride_treatment,independence_treatment,,2,,,2,1,
R_4bOjA272PSPjLEH,83,0,1,3,3,2,5,4,2,0,0,2,1,0,17,1,1,,7,7,5,1,1,3,3,4,2,0,china_pride_treatment,control,,3,,,3,,3
R_4QEJcCF3MEOCxgO,76,1,9,3,2,1,5,3,10,9,9,1,1,1,14,1,5,,1,1,5,2,1,1,2,1,1,1,taiwan_pride_treatment,independence_treatment,4,,,4,,2,
R_4hGPzYwqQdGkDHj,88,0,7,4,3,1,4,1,10,1,10,1,1,1,12,1,4,,3,2,5,2,1,1,2,3,2,1,china_pride_treatment,independence_treatment,,3,,,3,3,
R_4yz5RIiANnZtZWV,83,0,1,3,3,1,4,1,8,3,6,1,1,0,16,1,6,,1,2,1,2,1,3,3,3,2,0,china_pride_treatment,control,,2,,,2,,2
R_4CpidoARCCGWnJf,78,1,4,3,12,1,5,1,6,6,5,2,2,2,12,1,5,,1,1,5,3,1,1,4,4,2,1,china_pride_treatment,independence_treatment,,3,,,3,3,
R_48MHTr3WGWIFRoB,85,0,5,3,12,1,4,1,10,3,10,1,1,0,12,1,5,,1,1,5,2,1,5,4,3,1,1,taiwan_pride_treatment,independence_treatment,3,,,3,,2,
R_49c6jYqqQigz8c3,93,1,21,5,3,1,4,1,10,1,10,1,1,0,12,0,,2,1,1,5,2,1,3,3,4,2,1,china_pride_treatment,independence_treatment,,1,,,1,1,
R_4COCQrvHp8kDsOl,76,0,4,3,12,1,4,1,8,5,8,1,2,2,12,1,5,,2,1,5,2,1,3,4,1,1,0,taiwan_pride_treatment,control,1,,,1,,,1
R_44px8i16uvE2qXH,57,0,2,4,1,1,3,3,6,5,10,0,0,0,20,1,5,,2,5,2,2,1,5,3,2,0,1,control,independence_treatment,,,1,1,1,1,
R_4ledmRk4lwePsv7,66,0,3,3,2,1,4,1,8,2,8,1,1,0,16,1,5,,1,1,1,1,1,2,3,3,0,1,control,independence_treatment,,,2,2,2,2,
R_4d5lbQqSkc8XFmM,60,0,6,3,2,1,4,1,7,7,7,1,1,0,16,1,5,,1,1,1,2,1,3,2,1,0,0,control,control,,,3,3,3,,3
R_4Hifb8DvH37w8XX,73,1,1,3,2,1,4,1,10,0,8,1,1,0,18,1,5,,1,1,1,1,1,2,2,1,2,1,china_pride_treatment,independence_treatment,,3,,,3,2,
R_4tNIxxY3zWOmijL,85,1,2,4,12,1,4,1,10,2,8,1,2,0,12,1,5,,1,1,4,1,1,5,4,3,0,1,control,independence_treatment,,,2,2,2,2,
R_4V9djUXO3uoRSiQ,67,1,4,5,1,1,4,3,7,7,10,0,2,2,17,0,,1,1,1,1,2,1,1,2,2,2,1,china_pride_treatment,independence_treatment,,2,,,2,2,
R_4D5yiUDKzXBXQPR,78,0,3,2,2,1,5,1,8,2,5,2,1,0,12,1,5,,1,2,1,2,1,3,3,1,0,1,control,independence_treatment,,,3,3,3,3,
R_4CHy01sw7MU6Uqc,80,0,2,1,2,1,6,1,10,0,10,1,1,0,18,1,4,,1,1,5,2,1,4,2,1,2,1,china_pride_treatment,independence_treatment,,3,,,3,4,
R_442FldvSvql5vbv,85,0,9,4,2,1,4,1,10,0,1,1,1,0,12,1,4,,1,1,5,2,1,3,2,1,0,0,control,control,,,3,3,3,,2
R_4Yymrbyean4O170,80,1,3,2,1,1,6,1,7,5,7,0,1,0,16,0,,5,1,2,5,2,1,3,3,2,1,0,taiwan_pride_treatment,control,3,,,3,,,1
R_4kvVOvJuKzi7bma,76,1,2,4,1,1,5,3,10,8,9,0,1,1,14,1,5,,1,5,5,2,1,3,4,2,1,1,taiwan_pride_treatment,independence_treatment,4,,,4,,2,
R_4XORS010CMwrr5T,83,0,2,4,3,1,3,1,10,1,5,2,2,0,16,1,5,,1,1,1,2,1,3,5,3,0,0,control,control,,,2,2,2,,0
R_4kZGRiyXwthnksN,84,0,2,4,12,1,4,1,9,0,5,2,1,0,16,1,5,,1,1,5,2,1,1,4,3,1,1,taiwan_pride_treatment,independence_treatment,3,,,3,,1,
R_4mOBK9VAnxUpYdb,90,1,22,4,1,1,6,1,10,0,10,2,1,0,14,0,,5,1,2,5,1,1,1,3,4,2,1,china_pride_treatment,independence_treatment,,2,,,2,1,
R_4WDAoOjF6mIE7LP,89,1,1,2,1,1,5,3,9,6,10,2,1,0,16,1,5,,1,1,5,2,1,3,4,2,1,1,taiwan_pride_treatment,independence_treatment,4,,,4,,3,
R_4Krp71ns0uPB8S5,51,0,20,2,12,1,4,1,10,5,7,1,1,0,17,1,5,,1,4,5,2,1,1,4,3,2,1,china_pride_treatment,independence_treatment,,2,,,2,2,
R_4MuF6FUaNIX3s58,54,0,2,3,1,1,6,3,10,0,10,0,1,1,12,1,4,,1,2,1,1,1,5,5,2,0,0,control,control,,,0,0,0,,1
R_4JwsXTdUKICe6ad,94,1,7,3,12,1,2,1,10,0,10,1,1,0,12,0,,2,1,2,5,2,1,3,3,4,0,0,control,control,,,0,0,0,,0
R_4emiXShNb1rsI1v,90,0,1,5,3,1,5,3,9,9,8,0,1,1,22,1,5,,1,1,5,2,1,1,3,3,2,0,china_pride_treatment,control,,3,,,3,,2
R_4Xiyr4lergC4uoV,85,1,2,5,1,1,6,1,10,0,0,2,2,2,18,0,,5,1,1,5,1,1,3,3,2,0,0,control,control,,,3,3,3,,3
R_4YVziasdWOXt5Mc,84,1,2,4,3,1,4,1,10,0,10,1,1,0,19,1,5,,1,2,5,2,1,3,4,3,0,0,control,control,,,3,3,3,,1
R_4OWzeYh5vyPZC2B,86,1,4,3,1,1,2,1,5,6,4,1,1,1,16,1,1,,1,1,5,1,1,3,3,3,1,0,taiwan_pride_treatment,control,2,,,2,,,1
R_4hL0DnwSi4g4FmB,84,0,6,5,2,1,4,1,8,6,7,1,1,0,9,1,6,,2,1,5,2,1,3,2,3,1,1,taiwan_pride_treatment,independence_treatment,4,,,4,,2,
R_4O237RPRIkJadaw,87,1,13,3,3,1,5,1,10,2,10,0,1,0,16,1,6,,1,1,1,2,1,3,4,3,2,0,china_pride_treatment,control,,2,,,2,,2
R_4qyzGQYOHTVTAvr,67,0,8,3,12,1,1,3,10,10,10,0,0,1,12,1,5,,3,2,5,1,1,3,4,4,0,1,control,independence_treatment,,,3,3,3,0,
R_4I6FVfCR7QOEY4i,92,1,6,2,2,1,4,1,10,0,9,2,1,0,14,0,,2,1,1,5,2,1,3,3,1,1,0,taiwan_pride_treatment,control,3,,,3,,,2
R_4mayJTx8N3BifZG,75,1,6,4,1,1,4,1,9,7,10,1,1,1,16,1,1,,1,1,5,1,1,3,3,2,2,1,china_pride_treatment,independence_treatment,,3,,,3,4,
R_4jU2rHYYofZe2oF,91,0,12,2,12,1,6,1,10,0,4,1,0,0,16,0,,2,1,1,5,1,1,3,4,3,2,1,china_pride_treatment,independence_treatment,,3,,,3,4,
R_4DOmJMMrIceVg40,79,0,1,3,3,1,6,3,9,5,8,0,1,2,16,1,6,,1,1,1,1,1,3,2,3,0,0,control,control,,,2,2,2,,2
R_4kLkn7vhBeDp1N8,79,1,4,3,12,1,5,3,9,5,10,0,2,2,16,1,5,,1,5,5,2,1,2,3,2,1,0,taiwan_pride_treatment,control,2,,,2,,,1
R_48X9DTqwn4BZYg9,75,0,6,3,12,1,6,3,9,6,7,2,1,2,16,1,6,,2,1,4,1,1,3,4,4,1,0,taiwan_pride_treatment,control,3,,,3,,,1
R_4khb0PQOnP34Vib,69,0,2,4,3,1,4,1,8,1,8,0,2,0,12,1,5,,1,2,5,2,1,1,3,3,1,1,taiwan_pride_treatment,independence_treatment,4,,,4,,1,
R_4Em5ijvwKoyI2Qt,88,1,1,4,3,1,4,1,10,0,9,0,0,0,16,1,5,,1,2,5,2,1,3,3,3,1,1,taiwan_pride_treatment,independence_treatment,4,,,4,,0,
R_4fDHtXTmIMPeWp5,69,0,1,4,3,1,6,1,4,6,6,0,1,2,15,1,5,,1,5,4,2,1,3,3,3,0,0,control,control,,,3,3,3,,3
R_4j8sq99VNFoE0HL,79,1,3,5,12,1,6,3,10,5,10,2,1,1,16,1,5,,1,1,1,2,1,2,3,4,2,0,china_pride_treatment,control,,1,,,1,,2
R_4pQpyg9a0n6FeZ1,77,1,1,4,1,1,6,3,10,10,9,0,2,2,12,1,1,,1,5,1,1,1,3,3,2,2,1,china_pride_treatment,independence_treatment,,3,,,3,1,
R_4mmJTE0nmbypEkq,74,1,13,5,2,1,4,1,10,1,1,1,1,0,14,1,4,,1,1,1,1,1,3,4,1,2,1,china_pride_treatment,independence_treatment,,3,,,3,4,
R_4NJlFqJsjVecIJC,85,1,7,3,12,1,6,1,10,0,10,2,1,0,16,1,5,,1,2,5,3,1,1,4,3,2,0,china_pride_treatment,control,,2,,,2,,2
R_4NDt5hrALrrCP5r,66,1,6,5,12,1,4,1,10,0,10,2,1,0,12,0,,6,1,1,2,1,1,5,3,1,1,0,taiwan_pride_treatment,control,3,,,3,,,1
R_4nTLqqRybRHOyW0,75,0,6,3,3,1,4,1,10,0,6,1,1,0,18,1,6,,1,1,1,1,1,3,3,3,1,1,taiwan_pride_treatment,independence_treatment,4,,,4,,2,
R_42Q2k8iEpTkKW52,68,1,2,3,1,1,6,3,10,8,9,0,1,1,20,1,5,,1,2,1,1,1,1,5,4,0,0,control,control,,,3,3,3,,2
R_4pQzayQqjKu1FJw,67,0,2,4,2,1,4,3,10,7,10,1,1,0,15,1,5,,1,1,5,2,1,3,4,3,2,0,china_pride_treatment,control,,3,,,3,,1
R_4VK4u4MTDsnjExH,87,1,17,4,1,1,2,1,9,0,10,1,1,0,18,1,5,,1,1,5,1,1,3,4,2,0,0,control,control,,,1,1,1,,1
R_4jTEuxReOSIDJSM,87,0,5,4,3,1,4,1,10,0,9,1,1,0,18,1,5,,1,1,5,1,1,3,3,3,0,0,control,control,,,2,2,2,,2
R_4g1I5Nyi8f4CSnx,75,1,4,4,2,1,4,1,10,0,5,1,1,0,18,1,5,,1,1,5,2,1,1,3,1,2,1,china_pride_treatment,independence_treatment,,1,,,1,2,
R_4kUp4ZkqvK7fPMt,78,0,7,3,12,1,5,3,8,5,10,2,1,1,14,1,4,,1,2,5,1,1,1,3,3,2,1,china_pride_treatment,independence_treatment,,2,,,2,2,
R_4kbJB5NXeC935nb,75,0,2,3,12,1,5,3,7,4,7,2,1,2,18,1,5,,1,1,5,2,1,1,5,4,2,1,china_pride_treatment,independence_treatment,,1,,,1,1,
R_4EhbA0hN9LzLr4y,58,0,5,3,12,1,6,3,8,6,9,0,2,2,16,1,6,,2,1,1,1,1,2,3,1,0,0,control,control,,,3,3,3,,2
R_4jH51ddt3Wwa1bQ,91,0,11,2,3,1,4,1,10,3,10,1,1,1,19,1,4,,1,1,5,2,1,3,2,3,0,1,control,independence_treatment,,,2,2,2,3,
R_4rZZ5YpyZm1An2p,72,0,2,3,1,1,3,3,8,7,9,0,2,1,16,1,5,,1,1,1,1,1,1,3,2,1,0,taiwan_pride_treatment,control,4,,,4,,,2
R_4PpkKU6ITRWwPRn,82,1,20,3,5,1,4,1,10,0,5,1,1,2,16,1,5,,1,5,5,2,1,3,3,1,0,0,control,control,,,2,2,2,,3
R_4en2z09AnHMa9y1,80,1,13,5,2,1,6,1,10,1,5,1,0,0,4,1,5,,2,1,5,2,0,2,3,1,1,1,taiwan_pride_treatment,independence_treatment,3,,,3,,1,
R_4i1Y8FycnphUrSq,79,1,14,4,3,1,4,1,10,1,9,0,1,0,12,1,5,,1,1,2,2,1,3,4,3,1,0,taiwan_pride_treatment,control,4,,,4,,,1
R_4hSiULVjnKdspjk,80,0,2,3,12,1,3,3,7,7,7,0,2,2,18,1,5,,1,5,1,1,1,3,4,3,0,0,control,control,,,3,3,3,,2
R_4FLjp48hk8hVqWJ,83,1,5,2,2,1,5,1,8,4,7,2,1,2,16,0,,1,2,1,1,1,1,3,4,1,1,0,taiwan_pride_treatment,control,3,,,3,,,1
R_45t02WAtwGdlgRZ,74,1,9,4,3,1,5,1,10,0,10,1,1,0,16,1,5,,2,1,1,1,1,3,3,3,2,0,china_pride_treatment,control,,3,,,3,,2
R_4YgGIpXL01Ukq6Y,70,0,21,5,1,1,6,1,10,0,10,0,1,2,9,1,4,,2,1,1,1,1,2,4,2,2,1,china_pride_treatment,independence_treatment,,3,,,3,1,
R_44e83kfRILJSq9H,69,0,2,1,1,1,4,3,3,4,4,2,1,1,16,1,1,,1,1,1,1,1,3,3,3,2,0,china_pride_treatment,control,,3,,,3,,3
R_4taLALFqiTG1vgU,86,1,12,4,2,1,2,1,10,0,6,1,1,0,16,1,5,,1,1,5,1,1,3,2,1,1,1,taiwan_pride_treatment,independence_treatment,4,,,4,,2,
R_4EX67neBwOxA6YJ,69,0,5,3,12,1,3,3,10,10,10,0,1,1,14,1,5,,1,1,5,1,1,3,5,4,1,1,taiwan_pride_treatment,independence_treatment,1,,,1,,3,
R_4pnBcBPUhAdCsDm,70,0,20,4,2,1,4,1,8,3,5,1,1,0,16,1,5,,2,1,1,2,1,1,3,1,0,1,control,independence_treatment,,,3,3,3,2,
R_4IAly7MDttfogsF,67,0,3,1,2,1,4,1,9,8,9,0,1,1,9,1,5,,1,2,5,2,1,1,4,1,1,1,taiwan_pride_treatment,independence_treatment,4,,,4,,1,
R_4moHQEbvGmtEOJ3,87,0,6,4,2,1,4,1,10,0,10,1,1,0,9,1,5,,2,1,5,1,1,3,3,1,0,0,control,control,,,3,3,3,,3
R_4qswoDLYrqIXhV7,89,0,2,3,3,1,6,3,9,3,10,1,1,2,15,1,5,,1,1,5,2,1,1,4,4,2,1,china_pride_treatment,independence_treatment,,1,,,1,4,
R_4CsrcY678KPtFDy,90,1,4,5,3,1,6,1,10,1,10,2,1,0,22,1,5,,1,1,5,1,1,3,3,3,2,0,china_pride_treatment,control,,3,,,3,,2
R_4xQ97IiU0bSEifh,72,0,6,4,3,1,2,3,10,9,9,1,0,0,19,1,5,,1,1,1,1,1,3,2,3,2,1,china_pride_treatment,independence_treatment,,3,,,3,3,
R_43qjOXtT2bD0c5R,76,0,9,2,12,1,4,1,3,7,3,1,1,1,12,1,5,,2,1,1,5,1,3,4,4,1,0,taiwan_pride_treatment,control,4,,,4,,,3
R_4zq2IKyxTOlkV66,78,0,3,5,3,1,4,1,10,0,10,1,1,0,15,1,5,,1,2,5,1,1,2,4,3,1,0,taiwan_pride_treatment,control,4,,,4,,,2
R_4B3suvatTPsA0W6,84,1,10,5,1,1,6,3,10,0,10,2,1,0,4,1,5,,1,3,5,2,1,1,4,3,2,1,china_pride_treatment,independence_treatment,,4,,,4,4,
R_4Jz9PD52JLV66qs,90,1,3,4,3,1,4,1,10,0,5,0,1,0,17,0,,2,1,5,5,2,1,1,3,4,0,1,control,independence_treatment,,,2,2,2,0,
R_43fsJ8lrTYdMbLC,88,1,20,3,3,1,5,1,7,5,6,2,1,2,16,1,5,,1,1,5,1,1,3,4,3,1,0,taiwan_pride_treatment,control,2,,,2,,,1
R_4JX7tGF16dmeJHj,51,1,4,3,1,1,6,3,10,10,10,0,1,1,15,0,,3,1,1,2,1,1,5,2,4,2,1,china_pride_treatment,independence_treatment,,4,,,4,3,
R_4y2VOQaGkoSjr7w,68,0,3,4,3,1,3,2,7,8,8,0,0,1,16,1,5,,1,1,1,1,1,3,3,3,0,1,control,independence_treatment,,,3,3,3,2,
R_4IyJKtQqd45yHkL,74,1,6,3,2,1,2,1,10,0,10,1,1,2,14,0,,5,1,1,5,1,1,1,2,4,2,1,china_pride_treatment,independence_treatment,,3,,,3,3,
R_4IzoYN8zz4ldsOJ,91,1,1,5,12,1,4,1,10,2,10,1,1,1,21,0,,2,1,1,5,1,1,3,3,4,1,1,taiwan_pride_treatment,independence_treatment,4,,,4,,4,
R_4KGFnenBS9zBBZL,92,0,3,4,2,1,4,1,10,0,6,1,1,0,12,1,5,,1,2,5,2,1,3,4,1,1,1,taiwan_pride_treatment,independence_treatment,3,,,3,,2,
R_4oj5Smp1KR4It7r,76,1,4,3,12,1,4,1,10,5,5,1,1,2,12,0,,5,1,1,5,1,1,1,5,4,0,1,control,independence_treatment,,,1,1,1,2,
R_4PgHEu24pJRBDjV,83,1,6,3,12,1,6,1,10,0,10,2,1,0,12,1,5,,1,1,5,1,1,2,3,4,1,0,taiwan_pride_treatment,control,4,,,4,,,3
R_4nmxvru927fhz5T,69,0,1,2,1,1,5,3,10,6,10,2,1,1,18,1,5,,1,1,1,2,1,1,2,2,1,1,taiwan_pride_treatment,independence_treatment,3,,,3,,1,
R_4EbMCghpsXMxKPK,50,0,2,4,12,1,4,3,9,9,10,2,1,1,16,1,5,,1,1,1,2,1,2,2,4,2,0,china_pride_treatment,control,,3,,,3,,1
R_40T9vgTRsIwDpO8,89,1,5,5,1,1,1,1,5,6,10,2,2,2,16,1,5,,2,1,5,1,1,3,5,4,0,1,control,independence_treatment,,,3,3,3,1,
R_422txXuUXPStIsO,58,1,2,3,1,1,3,2,3,8,8,0,1,1,15,1,5,,1,4,1,2,1,2,4,2,2,1,china_pride_treatment,independence_treatment,,2,,,2,1,
R_4Va4ZJzGtEDWqpH,83,0,5,3,3,1,4,1,10,0,10,2,2,0,16,1,1,,1,1,2,2,1,5,3,3,0,0,control,control,,,3,3,3,,2
R_42KYrb0d4e73CG0,94,1,1,4,12,1,6,1,10,0,10,2,1,0,12,0,,2,1,1,5,1,1,5,3,4,2,1,china_pride_treatment,independence_treatment,,2,,,2,2,
R_4mudIU2iaerHuwN,77,0,1,3,12,1,6,4,5,7,5,2,1,0,16,1,5,,2,1,1,2,1,1,2,1,2,0,china_pride_treatment,control,,4,,,4,,3
R_42Pj4e7atrF2e5U,65,0,3,4,2,1,5,1,9,1,4,0,1,0,17,1,6,,1,2,1,2,1,2,3,2,2,1,china_pride_treatment,independence_treatment,,3,,,3,2,
R_4SCUbS7hABobh8c,88,1,4,3,12,1,5,3,3,5,2,0,1,1,12,1,5,,1,1,5,1,1,2,5,4,1,0,taiwan_pride_treatment,control,3,,,3,,,1
R_4popkuUIKmb6uhv,60,1,6,4,3,1,4,3,9,4,9,2,1,0,15,1,5,,2,1,1,2,1,2,3,3,0,1,control,independence_treatment,,,3,3,3,2,
R_4hEF50LTM9wQB3x,69,0,7,2,2,1,6,3,10,8,10,1,1,1,18,1,5,,1,2,1,2,1,2,2,1,2,1,china_pride_treatment,independence_treatment,,4,,,4,2,
R_4pgSkEwThZzI3C7,82,0,5,4,2,1,4,1,9,0,10,1,1,0,16,1,5,,2,1,5,1,1,3,4,1,1,1,taiwan_pride_treatment,independence_treatment,1,,,1,,2,
R_4hMxvgBLNuXaHgO,63,1,6,3,12,1,6,1,7,4,8,2,1,2,21,1,5,,2,1,5,2,1,1,3,1,0,0,control,control,,,2,2,2,,2
R_4BeXs1uXWOgvfq0,89,1,4,4,2,1,4,1,10,0,10,1,1,0,16,1,5,,1,2,5,2,1,3,3,1,0,0,control,control,,,3,3,3,,1
R_4zG3NhRCq2JXIiZ,90,1,7,4,12,1,6,4,6,3,7,2,1,2,12,1,5,,1,2,5,2,1,1,4,4,0,0,control,control,,,2,2,2,,1
R_4Ce0WbzdMRQSg7v,80,1,12,5,2,1,4,1,10,0,10,1,1,0,16,1,6,,2,1,5,2,1,2,3,1,2,0,china_pride_treatment,control,,2,,,2,,1
R_4w0rDPrHO8qwbDH,92,1,4,4,1,1,4,1,9,0,7,1,1,0,14,0,,2,1,1,5,2,1,5,3,2,0,0,control,control,,,3,3,3,,1
R_4I5b9VIrKMH2cJL,69,0,1,4,3,1,6,1,10,1,10,0,1,0,18,1,5,,1,2,5,1,1,3,3,3,1,1,taiwan_pride_treatment,independence_treatment,4,,,4,,1,
R_4HNPBDb3IdjOUML,61,0,6,3,2,1,4,1,0,10,7,1,1,0,16,1,6,,1,1,1,1,1,1,3,1,2,0,china_pride_treatment,control,,3,,,3,,2
R_422vhlggmwsjmpp,92,1,18,4,3,1,5,1,8,1,10,1,1,2,14,1,5,,1,1,5,1,1,3,4,4,1,1,taiwan_pride_treatment,independence_treatment,3,,,3,,2,
R_4GksZWgALmxDdME,71,1,6,2,2,1,4,1,10,0,0,0,1,0,18,1,6,,1,1,5,1,1,5,3,1,0,1,control,independence_treatment,,,2,2,2,2,
R_4SrerTtC2lP0VBZ,78,0,1,3,3,1,5,3,8,5,10,2,1,1,20,1,6,,1,5,5,2,1,5,3,3,2,0,china_pride_treatment,control,,3,,,3,,2
R_41pqji2croJzxoF,84,0,6,5,2,1,2,1,10,0,0,1,1,0,15,1,5,,1,1,5,2,1,3,3,1,0,0,control,control,,,3,3,3,,3
R_4YKwg1ftdvFUTd1,73,0,3,3,3,1,6,1,10,0,10,2,1,0,12,1,5,,1,5,5,2,1,5,4,3,2,0,china_pride_treatment,control,,0,,,0,,2
R_4cqU6OANyEPJkTn,74,0,5,3,1,1,3,3,10,10,10,0,2,1,16,1,5,,1,1,1,2,1,3,3,2,1,0,taiwan_pride_treatment,control,0,,,0,,,0
R_4DxnbFNpokDLSb7,61,1,6,5,12,1,4,1,10,0,5,1,1,0,18,1,5,,2,1,5,1,1,2,4,1,2,1,china_pride_treatment,independence_treatment,,1,,,1,4,
R_42M5iC5Kf2xQmCD,73,0,7,4,3,1,4,1,10,0,5,1,0,0,21,1,5,,1,1,5,1,1,3,5,3,1,1,taiwan_pride_treatment,independence_treatment,2,,,2,,2,
R_4fpA4ZghfiXDTW9,88,0,4,4,5,1,4,1,10,0,10,1,1,1,18,0,,2,1,1,4,2,1,3,2,1,1,1,taiwan_pride_treatment,independence_treatment,1,,,1,,2,
R_4cYqjmL1xJ0eJJT,82,1,2,4,2,1,4,1,9,2,6,1,1,0,18,1,5,,1,1,5,2,1,3,3,1,2,0,china_pride_treatment,control,,2,,,2,,1
R_4m9qD2cn3vf3KwR,75,1,1,4,2,1,6,1,3,3,5,2,1,2,12,1,5,,2,1,5,2,1,1,5,1,0,1,control,independence_treatment,,,2,2,2,2,
R_4M6u3JDYkQmN4WT,80,0,11,4,12,1,2,1,10,0,5,1,1,0,16,1,5,,1,1,5,2,1,3,4,3,0,1,control,independence_treatment,,,2,2,2,3,
R_4pkVaLihklw71cU,40,0,3,1,2,1,4,1,8,7,7,1,1,0,18,0,,3,2,1,1,6,1,1,2,1,0,0,control,control,,,3,3,3,,2
R_4v9upg9fd63rJ61,62,0,4,3,3,1,4,1,10,1,9,1,1,0,16,1,5,,2,2,1,2,1,2,4,3,0,1,control,independence_treatment,,,3,3,3,2,
R_4xaixRjsRREoU5b,83,1,14,3,12,1,3,1,5,5,4,1,1,1,12,1,5,,1,1,5,4,1,3,5,4,0,1,control,independence_treatment,,,1,1,1,1,
R_40IcBVC5znJxruB,73,1,4,5,2,1,4,1,9,0,5,2,1,0,17,1,5,,1,1,5,2,1,2,3,1,1,1,taiwan_pride_treatment,independence_treatment,1,,,1,,3,
R_4QE3OwdTKqZIBPp,88,0,2,4,3,1,4,1,10,0,8,1,1,0,12,1,4,,1,1,5,1,1,3,4,3,0,1,control,independence_treatment,,,2,2,2,2,
R_4lWdfoabric4Tc5,67,0,2,5,3,1,5,1,10,0,0,2,1,0,14,1,5,,2,1,5,1,1,1,3,2,0,1,control,independence_treatment,,,2,2,2,2,
R_4fPDQfZaeiVtPb3,73,1,6,4,2,1,5,1,0,10,0,1,1,0,16,1,5,,1,2,1,2,1,3,3,1,1,1,taiwan_pride_treatment,independence_treatment,4,,,4,,1,
R_49A5RALU9Jdp7Ed,70,1,5,3,3,2,5,3,4,4,6,2,1,0,12,1,5,,1,4,1,1,1,2,4,4,1,1,taiwan_pride_treatment,independence_treatment,3,,,3,,2,
R_4SKLsaBN3Sc2ULf,86,1,13,3,2,1,5,1,8,4,6,1,1,0,16,1,5,,1,1,5,2,1,5,3,4,1,0,taiwan_pride_treatment,control,2,,,2,,,1
R_4q7eyOIWqpZhXZD,88,0,5,5,2,1,4,1,10,0,8,1,1,0,12,1,5,,2,1,5,2,1,3,4,1,0,0,control,control,,,3,3,3,,2
R_4PBQLsrc3e7f5Kw,79,1,2,4,3,1,2,1,10,0,8,1,1,0,16,1,5,,1,1,1,1,1,3,3,3,2,1,china_pride_treatment,independence_treatment,,1,,,1,2,
R_4saHn3pXeEYv8rV,90,0,11,3,2,1,5,3,8,5,0,2,2,2,6,0,,5,1,1,5,3,1,5,3,1,2,1,china_pride_treatment,independence_treatment,,2,,,2,1,
R_4FtWfIwx7knPNHv,60,0,1,5,11,1,6,3,10,10,10,2,1,1,18,1,5,,1,2,1,1,1,2,3,3,2,1,china_pride_treatment,independence_treatment,,3,,,3,2,
R_4DqVDtOm0L2WhkD,63,1,4,5,12,1,4,1,10,5,8,1,1,0,12,1,1,,1,1,2,2,1,1,4,1,2,1,china_pride_treatment,independence_treatment,,3,,,3,2,
R_4OaY7UeV3ySAtEt,83,0,3,3,11,1,5,1,10,7,8,2,1,1,16,0,,6,1,2,5,2,1,1,3,4,1,1,taiwan_pride_treatment,independence_treatment,0,,,0,,4,
R_4DzKOiWckUlGbOV,93,0,3,1,3,1,6,1,6,6,0,2,2,2,9,1,5,,1,1,5,3,1,1,4,3,0,1,control,independence_treatment,,,3,3,3,4,
R_4TTPqWY38XtXAIN,85,1,4,3,2,1,5,3,7,3,5,1,1,1,16,1,5,,1,1,5,2,1,3,4,1,1,0,taiwan_pride_treatment,control,3,,,3,,,1
R_4CjTBo10KnJiGbu,90,1,6,3,1,1,6,1,10,5,10,0,1,0,16,0,,2,1,2,5,2,1,3,3,2,0,1,control,independence_treatment,,,1,1,1,1,
R_4nwTOaZ4sT9cO7H,59,1,2,3,12,1,6,1,10,5,10,2,2,2,15,1,5,,1,1,1,2,1,3,4,4,1,1,taiwan_pride_treatment,independence_treatment,1,,,1,,4,
R_4r0bfjHEMmmcJps,61,0,4,3,2,1,3,1,10,1,2,1,1,0,19,1,5,,2,1,1,2,1,3,2,1,0,0,control,control,,,3,3,3,,3
R_4Rx8YLuLiXJiZ9R,91,1,13,5,2,1,4,1,8,3,7,1,1,0,16,0,,2,1,1,5,1,1,3,3,1,1,1,taiwan_pride_treatment,independence_treatment,2,,,2,,2,
R_4H7d7jN4aiVCmkJ,54,0,5,3,1,1,3,3,5,5,5,0,1,1,16,1,5,,1,4,2,6,1,1,3,2,2,1,china_pride_treatment,independence_treatment,,3,,,3,3,
R_4jkoKfZzsyROKOp,60,0,2,3,2,1,3,3,10,7,10,2,1,2,12,1,5,,1,1,1,2,1,3,3,1,2,1,china_pride_treatment,independence_treatment,,4,,,4,1,
R_4gwK5CWyUYnDJkZ,64,1,6,4,2,1,4,1,10,0,2,1,1,0,18,1,6,,1,1,1,1,1,1,3,1,2,0,china_pride_treatment,control,,2,,,2,,1
R_47na4klvLVqcEDf,83,1,2,5,12,1,4,1,10,0,10,1,1,0,16,1,5,,1,1,5,2,1,2,4,4,2,0,china_pride_treatment,control,,2,,,2,,0
R_4IcpdvBAGuJ3Yio,92,0,12,5,3,1,3,1,10,6,10,0,1,0,15,0,,2,1,1,5,2,1,3,3,3,1,0,taiwan_pride_treatment,control,3,,,3,,,2
R_43npMLYE7ZTLb57,64,0,2,3,3,1,5,3,8,3,8,0,2,2,16,1,5,,1,1,1,2,0,1,4,3,0,0,control,control,,,3,3,3,,1
R_4J2YMZuEoWO6bAM,91,0,20,3,12,2,4,2,2,7,8,1,2,2,12,1,5,,3,4,5,2,1,5,3,4,2,0,china_pride_treatment,control,,1,,,1,,1
R_414HRubD5IxdxwA,77,0,11,3,3,1,5,3,10,5,10,0,1,2,12,1,4,,2,1,5,1,1,3,4,3,0,1,control,independence_treatment,,,2,2,2,1,
R_4SpCWb4rTlyAFLd,91,1,2,3,3,1,6,1,10,1,10,0,1,0,15,1,5,,1,4,5,2,1,3,3,3,1,0,taiwan_pride_treatment,control,3,,,3,,,1
R_4ykDwueOST8931S,90,0,4,4,2,1,4,1,10,5,10,1,1,0,16,1,5,,1,1,5,2,1,5,3,1,2,0,china_pride_treatment,control,,3,,,3,,1
R_45NyYpzgHZ7IRqN,52,0,4,3,3,1,5,3,7,7,7,0,0,1,19,1,6,,2,1,1,2,1,3,3,3,2,0,china_pride_treatment,control,,2,,,2,,2
R_47e7Vn6krIAcm1u,69,1,2,4,12,1,6,1,10,5,10,2,1,0,16,0,,1,1,2,1,2,1,1,3,4,0,0,control,control,,,1,1,1,,0
R_4pvIecsd5TFBF6x,88,1,6,3,2,1,4,3,10,5,10,0,1,1,16,1,1,,1,1,5,1,1,3,3,1,2,0,china_pride_treatment,control,,2,,,2,,3
R_4lFAjZKNxwDjU0X,94,1,21,4,3,1,4,1,10,4,8,1,1,2,12,0,,2,1,1,5,2,1,3,4,4,2,0,china_pride_treatment,control,,2,,,2,,2
R_47EefQIDUzrRZBl,83,0,9,4,12,1,4,1,7,4,6,2,1,2,16,0,,5,1,3,5,2,1,3,4,4,0,1,control,independence_treatment,,,2,2,2,2,
R_4YCWWaku4M0VZir,71,0,2,3,12,1,4,1,10,0,6,2,1,0,16,1,5,,1,1,5,1,1,3,4,4,1,1,taiwan_pride_treatment,independence_treatment,1,,,1,,2,
R_40THm1eFmYLpy8M,93,1,2,4,2,1,6,1,9,0,5,1,1,0,12,0,,2,2,1,5,2,1,3,3,4,0,1,control,independence_treatment,,,3,3,3,2,
R_4fvJ1Ai0LMg2dYK,58,0,1,2,1,1,5,3,7,5,9,0,2,2,12,1,5,,1,1,1,1,1,1,4,2,2,0,china_pride_treatment,control,,2,,,2,,1
R_4VOQXuao3tsAvHd,78,1,6,2,3,1,6,1,10,4,10,0,1,0,16,1,5,,1,1,5,2,1,3,3,3,0,0,control,control,,,3,3,3,,1
R_4yeHnt7XiYk9dv1,95,1,20,3,12,1,6,1,9,1,9,1,1,0,12,0,,2,1,1,5,2,1,1,4,3,0,1,control,independence_treatment,,,3,3,3,4,
R_4aeLG1RhaJZtBp3,85,1,9,3,3,1,3,3,5,5,5,2,2,2,12,1,5,,2,1,1,6,1,3,5,3,0,0,control,control,,,1,1,1,,1
R_4KZ3hTibTctrDMP,90,0,4,2,3,1,6,1,6,4,9,0,2,0,15,0,,2,1,1,5,2,1,3,3,3,1,1,taiwan_pride_treatment,independence_treatment,3,,,3,,2,
R_4zZy3ZX9GfqBtME,93,1,2,3,12,1,6,1,10,0,10,2,1,0,12,1,5,,1,1,4,1,1,1,3,4,1,0,taiwan_pride_treatment,control,4,,,4,,,1
R_4QGma1kURhpiW8C,80,0,1,4,3,1,3,3,8,3,7,1,1,2,24,1,5,,1,1,4,1,1,3,3,3,0,1,control,independence_treatment,,,3,3,3,2,
R_4tjtrl0Lqh9Pii5,93,1,5,4,2,1,2,1,9,0,10,1,1,0,12,0,,2,1,8,5,3,1,1,3,1,2,0,china_pride_treatment,control,,3,,,3,,3
R_4hAPJKTCyxsHI6G,46,0,6,3,1,1,6,1,10,1,10,1,1,0,12,1,5,,2,1,1,3,1,5,2,2,1,0,taiwan_pride_treatment,control,3,,,3,,,3
R_46D5KkkWti9kxW1,83,0,2,3,3,1,6,1,10,0,10,0,1,0,14,1,5,,1,1,1,2,1,3,2,3,1,1,taiwan_pride_treatment,independence_treatment,4,,,4,,2,
R_42EZpS3d82YQnAT,38,1,2,3,3,2,5,2,5,4,6,1,0,0,10,0,,2,2,3,2,3,0,2,2,3,0,1,control,independence_treatment,,,2,2,2,2,
R_4ithcOFauPs1H3X,90,0,2,2,2,1,2,1,10,6,7,1,1,0,16,1,4,,2,1,5,3,0,1,3,1,1,0,taiwan_pride_treatment,control,4,,,4,,,2
R_4AQ3rs3KwpjBytb,90,1,2,4,2,1,6,1,10,2,10,2,1,2,17,1,5,,1,1,5,1,1,3,3,1,2,0,china_pride_treatment,control,,3,,,3,,2
R_40pYSJrXc4ahGKG,73,1,1,3,12,1,5,1,8,3,9,2,1,0,16,1,5,,2,1,1,1,1,3,3,4,1,1,taiwan_pride_treatment,independence_treatment,4,,,4,,3,
R_4ingaqVblM246XK,83,1,5,5,2,1,6,1,10,5,0,1,1,0,16,1,5,,1,1,5,2,1,3,2,1,1,0,taiwan_pride_treatment,control,4,,,4,,,2
R_4lPdDobJn635aIF,82,1,3,4,2,1,5,1,10,2,10,0,1,1,18,1,1,,1,2,5,1,1,1,4,3,0,1,control,independence_treatment,,,2,2,2,1,
R_4PYTrHx51o8WEDV,78,1,6,2,1,1,1,3,5,5,5,0,0,1,16,1,6,,1,1,5,2,1,2,3,2,2,1,china_pride_treatment,independence_treatment,,1,,,1,1,
R_4dcRE3QNJrpZGaA,74,1,4,4,12,1,4,1,9,0,9,2,1,0,16,1,4,,1,1,5,2,1,3,3,4,0,1,control,independence_treatment,,,2,2,2,3,
R_41hz1RD8ZvoYLM5,70,0,10,4,2,1,6,1,10,2,8,1,1,0,12,1,5,,2,1,1,1,1,1,3,1,2,1,china_pride_treatment,independence_treatment,,4,,,4,3,
R_4Xk2RC8nHxOWUpz,86,1,3,4,3,1,5,1,8,8,8,0,1,0,16,1,5,,1,5,5,2,1,3,5,3,0,1,control,independence_treatment,,,3,3,3,3,
R_4CkyNf7ED0ddw82,70,1,2,4,2,1,2,1,9,1,8,1,1,0,16,1,5,,1,1,1,1,1,3,3,4,0,1,control,independence_treatment,,,2,2,2,2,
R_4QPC6pfSgPWKCvs,64,0,3,2,1,1,6,3,10,10,10,0,0,0,16,1,6,,1,1,1,1,1,5,3,2,0,1,control,independence_treatment,,,2,2,2,1,
R_4UhbSFpPxCDeWyQ,89,0,6,3,11,1,5,3,10,5,10,2,1,2,12,1,6,,1,1,5,2,1,5,5,4,2,0,china_pride_treatment,control,,3,,,3,,3
R_4HBJ05lTnn3XcH6,90,0,5,4,3,1,4,1,10,10,8,2,1,0,12,1,5,,1,1,5,2,1,3,4,3,1,0,taiwan_pride_treatment,control,3,,,3,,,2
R_41TUtJFbj08oF3I,69,0,2,2,1,1,4,1,8,3,8,0,1,0,18,1,5,,1,1,1,1,1,5,2,2,2,0,china_pride_treatment,control,,3,,,3,,0
R_47UrKxc3AJqAYdA,78,1,1,3,11,1,5,1,10,0,10,2,2,2,8,1,1,,1,1,5,2,1,3,1,4,1,1,taiwan_pride_treatment,independence_treatment,4,,,4,,4,
R_46bDWii1N7RMUwx,67,1,9,4,2,1,4,1,10,0,10,1,1,0,14,1,5,,2,1,5,1,1,5,4,1,1,1,taiwan_pride_treatment,independence_treatment,3,,,3,,3,
R_41WwWEE82ePJFjL,78,0,7,2,3,1,5,4,1,1,1,0,0,0,16,1,5,,1,1,4,2,1,1,4,3,1,1,taiwan_pride_treatment,independence_treatment,2,,,2,,1,
R_4E4LJ9JUQ4HYzAU,77,1,4,3,2,1,5,1,10,0,10,0,1,0,17,1,5,,1,1,1,1,1,5,2,1,0,0,control,control,,,3,3,3,,3
R_4EcRP7N04A8L6wy,82,0,4,4,12,1,5,1,10,0,5,0,1,0,18,1,5,,1,1,5,2,1,3,2,4,0,1,control,independence_treatment,,,1,1,1,1,
R_4kiA6RUEZu09JfB,71,0,6,4,2,1,5,1,10,2,6,1,1,2,12,1,5,,1,1,1,2,1,3,4,1,0,1,control,independence_treatment,,,3,3,3,3,
R_4nOVHh8zJoM2R91,71,0,9,3,3,1,3,1,7,7,5,0,0,0,12,1,5,,1,1,1,2,1,3,3,2,1,1,taiwan_pride_treatment,independence_treatment,4,,,4,,3,
R_4QGm6H3rlX3MdGP,79,1,2,2,1,1,4,1,10,0,7,2,1,0,16,1,5,,1,1,5,2,1,3,4,2,1,0,taiwan_pride_treatment,control,1,,,1,,,1
R_4eWFjBNQZhNDJrq,70,0,5,5,12,1,6,1,10,0,10,1,1,0,4,1,5,,2,1,5,1,1,1,4,4,1,1,taiwan_pride_treatment,independence_treatment,4,,,4,,3,
R_4qVhKOvrVCZARrF,71,1,2,4,1,1,4,1,8,1,10,1,1,0,18,1,6,,1,1,5,2,1,5,4,4,0,1,control,independence_treatment,,,1,1,1,2,
R_4haQ0WmeBshUB9j,76,1,5,5,2,1,4,1,10,0,10,1,1,0,17,0,,5,2,1,5,2,1,1,3,1,0,1,control,independence_treatment,,,2,2,2,2,
R_4qmDf9Eyj8gmg6V,80,1,1,4,12,1,4,1,8,0,3,1,1,0,16,1,1,,1,2,5,2,1,5,3,4,2,1,china_pride_treatment,independence_treatment,,0,,,0,0,
R_4ELbvRv93NAUw5H,92,1,6,3,1,1,6,3,8,8,10,0,1,1,15,0,,2,1,5,5,1,1,3,3,2,0,0,control,control,,,2,2,2,,1
R_4gjw6M1C5aUuwFw,88,1,4,3,2,1,4,1,10,2,8,1,1,1,21,1,5,,1,2,5,1,1,3,4,3,2,0,china_pride_treatment,control,,3,,,3,,1
R_4HNg6BIkyTpLQcq,62,0,2,3,1,1,5,3,10,10,10,0,1,1,15,1,5,,1,1,5,1,0,5,3,2,0,1,control,independence_treatment,,,3,3,3,2,
R_4tzKuU5fb8CQAiO,81,1,6,3,3,1,4,1,10,0,7,1,1,0,9,1,5,,1,1,2,1,1,3,4,3,1,1,taiwan_pride_treatment,independence_treatment,2,,,2,,1,
R_4QVBwyYIIsemD0R,77,0,5,3,12,1,5,4,10,0,10,2,2,0,18,1,5,,1,1,5,2,1,1,5,4,0,1,control,independence_treatment,,,0,0,0,0,
R_45QLZoVKMxUIoX1,89,1,1,3,2,1,4,1,10,0,0,1,1,0,18,1,5,,1,1,1,2,1,3,3,1,1,1,taiwan_pride_treatment,independence_treatment,4,,,4,,2,
R_4nZtYzWldS196Jv,83,0,4,4,12,1,4,1,10,5,7,1,2,0,9,1,5,,1,1,5,2,1,3,5,1,2,1,china_pride_treatment,independence_treatment,,2,,,2,2,
R_4K5i7mPbSchIa8V,91,1,7,3,12,1,6,1,10,8,5,1,1,1,9,0,,5,3,2,1,2,1,5,1,4,1,0,taiwan_pride_treatment,control,4,,,4,,,3
R_4TC9apE0PpYGgSu,84,0,3,4,3,1,4,1,8,2,10,1,1,0,15,1,5,,1,1,1,2,1,3,2,3,0,0,control,control,,,3,3,3,,2
R_4aJpc7HvUyRa3jw,88,1,1,2,3,1,6,1,10,0,10,0,1,0,24,1,5,,1,3,5,3,1,1,3,3,1,0,taiwan_pride_treatment,control,2,,,2,,,1
R_4H5HANmH5arp6BJ,80,0,1,4,3,1,5,3,10,4,10,2,1,0,13,1,5,,1,1,1,2,1,3,3,3,0,0,control,control,,,1,1,1,,1
R_4hXfp7P1PF1hvm9,86,0,4,5,3,1,4,1,6,5,3,0,1,0,16,1,1,,1,2,1,3,1,1,1,3,0,0,control,control,,,1,1,1,,1
R_45SCyKyqazpqBT6,60,0,2,3,2,1,6,1,10,0,10,0,1,0,14,1,5,,1,1,5,2,1,5,4,1,0,1,control,independence_treatment,,,2,2,2,1,
R_42FSUUIz7DBKNHb,92,0,1,3,3,2,5,3,5,4,5,2,2,2,20,0,,2,1,1,5,2,1,1,5,4,2,0,china_pride_treatment,control,,3,,,3,,1
R_4NhXhnyfZ5xajT3,92,1,11,2,2,1,4,1,10,0,9,2,1,0,12,0,,2,1,1,5,1,1,1,2,1,1,0,taiwan_pride_treatment,control,4,,,4,,,2
R_4fkgQK73kWRfMX5,89,0,6,3,1,1,3,3,3,10,6,0,0,1,12,0,,5,1,1,5,3,1,3,4,2,2,1,china_pride_treatment,independence_treatment,,2,,,2,1,
R_41XAVCES5wCL01j,64,0,1,4,2,1,4,1,10,0,9,1,1,0,18,1,5,,1,1,1,2,1,2,3,1,1,0,taiwan_pride_treatment,control,3,,,3,,,2
R_4EQNpZJJQhQqBPT,95,1,9,5,1,1,4,1,9,10,10,1,1,0,12,0,,2,1,1,5,2,1,2,3,4,1,0,taiwan_pride_treatment,control,2,,,2,,,2
R_4hqCsQSymuHL7uF,82,1,2,3,12,1,6,1,8,2,5,0,2,0,9,1,5,,1,8,5,1,1,3,5,3,1,0,taiwan_pride_treatment,control,3,,,3,,,1
R_4e9PRICzpF0LZzd,87,1,6,2,1,1,6,1,6,4,7,0,2,0,16,1,5,,1,1,5,2,1,3,3,3,2,1,china_pride_treatment,independence_treatment,,3,,,3,1,
R_4OHJlhJ89xRsZm4,86,0,2,3,3,1,5,1,10,0,10,1,2,0,18,1,5,,1,1,5,2,1,3,3,3,2,0,china_pride_treatment,control,,3,,,3,,2
R_4QLzEcJUbSxmsDD,66,0,2,3,3,1,5,3,9,6,10,1,0,2,16,1,5,,2,1,5,2,1,2,4,3,0,0,control,control,,,2,2,2,,1
R_4EXQAKSzI9yXetn,67,1,1,4,12,1,4,1,10,0,5,1,1,0,16,1,6,,1,1,5,2,1,2,3,4,1,0,taiwan_pride_treatment,control,2,,,2,,,1
R_4qPXIXxIhZL95XS,89,0,6,3,1,1,6,3,10,7,6,2,1,2,8,0,,3,1,3,5,2,0,3,3,4,1,1,taiwan_pride_treatment,independence_treatment,4,,,4,,4,
R_4SDksaJGWTXjzZJ,90,1,5,3,12,1,5,1,10,0,3,1,1,0,18,1,5,,1,1,5,1,1,3,3,4,0,0,control,control,,,1,1,1,,1
R_49a2RiOnyEKHQhb,65,0,1,5,2,1,2,1,10,0,0,1,1,0,16,1,5,,2,1,1,2,1,1,4,1,0,0,control,control,,,2,2,2,,1
R_4s7vTqDtE8UmZ6s,69,1,3,3,1,1,5,3,10,5,10,0,1,0,16,1,5,,1,5,5,1,1,3,4,2,0,0,control,control,,,1,1,1,,1
R_4iDPf3YKaZXorPl,84,1,1,1,3,1,3,1,10,10,10,1,1,1,2,1,5,,2,2,5,6,1,3,3,4,0,1,control,independence_treatment,,,2,2,2,2,
R_499xH2T3gWFvPZn,76,1,5,4,3,1,4,1,8,1,5,2,1,0,18,1,5,,1,1,5,1,1,3,3,3,2,1,china_pride_treatment,independence_treatment,,3,,,3,2,
R_4sdm5Hd0lTzeCDT,86,0,4,4,1,1,4,1,10,3,5,1,1,2,16,1,5,,1,1,5,2,1,1,4,2,2,1,china_pride_treatment,independence_treatment,,2,,,2,1,
R_4jKe0nXqb8GgPOt,82,1,1,3,3,1,4,1,8,9,8,1,1,1,15,1,5,,1,1,1,2,1,3,3,3,1,0,taiwan_pride_treatment,control,1,,,1,,,1
R_42PwRIOlR44uYvB,91,1,4,4,2,1,4,1,10,1,8,1,1,0,15,0,,2,1,1,4,1,1,5,3,1,2,1,china_pride_treatment,independence_treatment,,3,,,3,3,
R_4xxFTZJ9KmFyr8I,52,1,4,3,2,1,4,3,10,10,10,1,1,1,16,1,5,,1,5,1,2,1,2,3,1,2,1,china_pride_treatment,independence_treatment,,3,,,3,2,
R_4MMqWPPjoNG3slI,72,1,4,4,12,1,4,1,10,0,5,2,1,0,16,1,5,,1,1,5,1,1,3,3,3,0,1,control,independence_treatment,,,2,2,2,2,
R_496ygw4KJwXQnIl,91,1,4,4,3,1,5,1,9,0,8,1,1,0,15,1,5,,1,1,5,2,1,2,3,3,2,0,china_pride_treatment,control,,2,,,2,,2
R_4KoJfE9yYTMCiFO,78,1,12,4,2,1,4,1,10,0,7,1,1,0,16,1,5,,2,1,5,1,1,3,4,1,2,0,china_pride_treatment,control,,2,,,2,,1
R_4HUqkrapjrdhQ2d,90,0,4,1,3,1,1,1,8,3,6,2,1,1,24,1,5,,1,8,5,1,1,1,1,4,2,0,china_pride_treatment,control,,2,,,2,,1
R_4OblysnGbEPZZ6h,85,1,5,4,3,1,4,1,10,0,8,1,1,0,16,1,4,,1,1,4,2,1,3,4,4,0,1,control,independence_treatment,,,1,1,1,2,
R_429cQtWy4OdTw6F,61,0,4,2,2,1,4,1,10,2,9,1,1,0,16,1,5,,2,2,1,2,1,1,3,3,2,1,china_pride_treatment,independence_treatment,,3,,,3,3,
R_4w54Jg6cSKiBrm9,79,1,22,3,12,1,6,1,9,4,9,2,1,2,16,1,5,,2,1,5,1,1,2,4,4,1,1,taiwan_pride_treatment,independence_treatment,3,,,3,,2,
R_4DzM3mSuHMXQXP0,75,0,2,4,3,1,6,3,10,10,10,0,0,1,16,1,5,,1,5,5,1,1,2,5,4,0,1,control,independence_treatment,,,3,3,3,1,
R_4nod2Id0QcwofQv,82,1,4,4,12,1,6,1,10,5,10,0,1,0,16,1,5,,1,1,1,2,1,5,3,1,2,1,china_pride_treatment,independence_treatment,,2,,,2,1,
R_4sTQdoUfI4DVA9s,77,1,2,2,3,1,4,1,8,2,6,1,1,0,16,1,5,,1,1,5,2,1,3,4,3,2,1,china_pride_treatment,independence_treatment,,2,,,2,3,
R_4HxDfUXynpD0IEh,71,0,6,3,1,1,4,1,9,8,8,1,1,0,18,1,5,,2,1,1,2,1,3,3,2,0,0,control,control,,,3,3,3,,2
R_4EmdIoH4vMBZi2h,55,1,1,3,1,1,4,3,4,5,6,1,1,2,14,1,5,,1,1,5,1,1,1,3,2,2,1,china_pride_treatment,independence_treatment,,4,,,4,4,
R_4RqHpcWhyJX98rg,92,0,22,2,3,1,6,1,7,6,6,0,1,0,16,1,5,,2,1,1,2,1,3,3,3,2,1,china_pride_treatment,independence_treatment,,2,,,2,2,
R_4BeQZJwrtzGF2w1,71,0,1,3,3,1,4,1,10,5,9,1,2,0,16,1,5,,1,1,5,2,1,1,4,4,1,0,taiwan_pride_treatment,control,2,,,2,,,1
R_4z32i7600Lr5MWd,88,1,1,4,9,1,4,1,8,0,1,1,1,1,16,1,5,,1,1,5,1,1,3,4,1,2,0,china_pride_treatment,control,,1,,,1,,3
R_40PCAO0VVtbWeV8,73,1,2,4,2,1,6,1,10,3,10,0,1,0,14,1,1,,1,1,1,2,1,2,3,1,1,0,taiwan_pride_treatment,control,4,,,4,,,1
R_4FxNWOxvqTbIQkf,56,1,7,3,1,1,4,3,5,5,10,2,2,0,27,1,5,,1,5,1,1,1,2,2,4,1,1,taiwan_pride_treatment,independence_treatment,2,,,2,,0,
R_496GIZqstxA53pL,92,1,6,4,2,1,4,1,10,0,8,1,1,2,16,0,,2,1,1,5,2,1,3,3,1,1,0,taiwan_pride_treatment,control,3,,,3,,,2
R_4NKSwIaJ5VUfWRr,71,1,1,3,2,1,4,1,10,0,0,1,1,0,12,1,5,,1,1,5,2,1,1,3,1,1,0,taiwan_pride_treatment,control,3,,,3,,,1
R_4hm7LP5ZGFUyvco,91,1,4,3,12,1,5,1,8,4,7,2,2,2,16,0,,2,1,1,5,2,1,1,3,4,0,1,control,independence_treatment,,,2,2,2,2,
R_4scaCeapQGH7mh1,65,1,1,5,3,1,5,3,10,6,10,2,1,2,18,0,,1,1,1,1,1,1,2,3,3,2,0,china_pride_treatment,control,,3,,,3,,1
R_4azwJDSLkE3l8Il,71,0,1,4,3,1,6,3,10,10,10,0,1,2,16,1,5,,1,1,5,1,1,2,3,3,1,0,taiwan_pride_treatment,control,3,,,3,,,1
R_4mw6b5QC3fgANgt,82,0,2,4,3,1,6,1,10,0,10,1,1,0,16,1,1,,1,1,4,1,1,3,3,4,0,1,control,independence_treatment,,,2,2,2,2,
R_4BlKV1ax7flkIz6,56,0,22,4,1,1,6,3,7,8,8,0,0,0,18,1,1,,2,1,5,1,1,3,3,4,0,1,control,independence_treatment,,,2,2,2,2,
R_42Pb1PvfeqZUz7x,34,1,3,3,1,1,3,3,7,5,3,1,1,1,12,0,,3,3,5,1,3,1,3,2,2,1,1,taiwan_pride_treatment,independence_treatment,3,,,3,,2,
R_4zPgkKrS0DvvlVe,71,0,1,4,1,1,3,3,8,7,7,0,2,2,16,1,5,,1,1,1,1,1,2,4,2,0,0,control,control,,,3,3,3,,1
R_4hmQq8mxcewp3vJ,66,1,6,2,1,1,4,1,10,2,10,0,1,0,25,1,6,,2,1,5,2,1,3,2,2,0,0,control,control,,,3,3,3,,3
R_4WtWnLberDhdw1P,52,0,5,2,1,1,3,3,10,10,10,0,1,1,20,1,6,,1,2,1,2,1,1,2,2,1,0,taiwan_pride_treatment,control,3,,,3,,,2
R_4fSLrzrRKMTPeYr,70,1,2,4,2,1,4,1,10,0,10,1,1,0,16,0,,6,1,1,5,1,1,5,4,1,2,1,china_pride_treatment,independence_treatment,,3,,,3,3,
R_4CZeNkaVT0d1Sjg,88,0,9,3,2,1,6,1,10,10,10,1,1,1,16,1,1,,1,1,1,2,1,5,3,3,0,1,control,independence_treatment,,,2,2,2,1,
R_49g1FfYbwyq4LVT,80,0,2,5,2,3,5,4,8,4,4,1,1,0,16,1,5,,1,6,1,1,1,3,3,1,0,0,control,control,,,2,2,2,,1
R_4jYW6ODCGqFsk9A,91,0,4,3,1,1,4,1,9,1,8,1,1,1,15,0,,2,1,1,1,1,1,3,3,1,2,0,china_pride_treatment,control,,4,,,4,,1
R_4BQ4hfRVU7zsS0J,72,1,2,2,2,1,4,1,10,0,10,1,1,0,11,1,5,,1,1,5,2,1,1,4,1,1,0,taiwan_pride_treatment,control,4,,,4,,,1
R_4QPDADI8nvjEFmk,77,1,6,3,2,1,5,1,10,1,10,2,1,2,16,1,5,,1,1,1,2,1,3,3,1,1,1,taiwan_pride_treatment,independence_treatment,4,,,4,,2,
R_46a16mscf8QlrSB,78,0,9,3,1,1,3,3,10,10,10,0,0,2,18,1,5,,2,1,1,1,1,3,2,2,2,0,china_pride_treatment,control,,4,,,4,,3
R_4IyhTHVNM0so2cG,92,0,6,3,3,1,4,1,9,0,7,1,1,0,12,0,,2,1,1,1,2,1,5,4,3,1,1,taiwan_pride_treatment,independence_treatment,3,,,3,,3,
R_4FsPKnDmd73tvdD,89,0,2,2,1,1,5,1,6,0,3,0,1,0,18,1,5,,1,2,5,2,1,2,1,2,1,1,taiwan_pride_treatment,independence_treatment,4,,,4,,2,
R_4NQDLOfhEV4dHeV,81,1,7,3,12,1,4,1,10,0,0,1,1,0,22,1,5,,1,1,5,2,1,1,3,4,2,0,china_pride_treatment,control,,3,,,3,,1
R_4g1kPI8Xdb1RluW,74,1,3,3,12,1,6,3,6,3,8,2,1,2,16,0,,5,1,1,5,2,1,3,5,4,2,0,china_pride_treatment,control,,1,,,1,,0
R_4ffbRyNaPV3UJhQ,73,1,2,5,2,1,4,1,10,0,10,1,1,0,18,1,5,,1,1,5,1,1,3,3,1,0,1,control,independence_treatment,,,2,2,2,3,
R_4anOKZ5P6gvjPH4,70,1,2,3,2,1,6,1,8,0,7,0,1,0,12,0,,1,1,1,1,2,1,2,3,1,1,0,taiwan_pride_treatment,control,4,,,4,,,2
R_4VdUoRYb5CvTfy3,80,0,4,5,1,1,4,1,9,5,5,1,1,1,15,1,1,,1,1,5,1,1,1,3,1,2,0,china_pride_treatment,control,,4,,,4,,3
R_4NCiQj9ds60qbUw,89,0,2,5,2,1,2,1,10,0,9,1,1,0,12,1,5,,1,1,5,1,1,3,3,1,1,0,taiwan_pride_treatment,control,4,,,4,,,2
R_4C9Kh9MQlYRQjeU,83,1,4,4,2,1,4,1,10,0,8,1,1,2,16,1,5,,2,1,1,2,1,1,5,1,1,1,taiwan_pride_treatment,independence_treatment,2,,,2,,1,
R_43TVR2R3pPQbigh,74,0,2,3,2,1,6,1,10,0,10,0,1,0,14,1,5,,2,1,1,2,1,3,5,3,2,1,china_pride_treatment,independence_treatment,,4,,,4,3,
R_4koc71cWExSLi86,48,0,3,3,7,1,5,3,10,10,10,1,1,1,14,0,,3,2,1,1,2,1,1,3,3,2,0,china_pride_treatment,control,,1,,,1,,1
R_4FNrzYzMhUZ0au5,78,1,2,5,3,1,5,1,7,7,9,1,1,1,3,1,5,,1,1,1,1,1,3,2,4,0,1,control,independence_treatment,,,3,3,3,3,
R_4NFlGchzeWJskfy,89,0,5,3,12,1,4,1,10,0,0,1,1,0,12,1,5,,1,1,5,1,1,1,3,4,2,1,china_pride_treatment,independence_treatment,,3,,,3,4,
R_4uUlQYhICEMh3GE,75,0,4,4,1,1,5,1,9,3,9,1,1,0,16,1,5,,2,1,1,2,1,3,2,1,1,1,taiwan_pride_treatment,independence_treatment,2,,,2,,1,
R_44faHNM9LGih9PW,70,0,3,2,3,1,5,3,5,3,8,2,1,0,16,1,6,,7,1,1,3,1,5,4,3,0,0,control,control,,,1,1,1,,3
R_4DUsnPWAwa36ADq,79,1,12,3,12,1,5,3,6,5,5,2,2,2,16,1,5,,1,1,5,2,1,1,4,2,1,1,taiwan_pride_treatment,independence_treatment,2,,,2,,1,
R_4oGjd6IfYKt3TYx,94,1,2,3,3,1,5,1,8,3,9,2,1,0,12,0,,2,1,1,5,1,1,1,3,4,2,0,china_pride_treatment,control,,2,,,2,,2
R_4jYOh8Ld2IH9MwX,81,1,5,4,3,1,4,1,10,1,5,1,1,0,15,1,5,,1,1,5,1,1,1,3,3,2,1,china_pride_treatment,independence_treatment,,3,,,3,2,
R_4ireCjMaJXrAvHH,84,0,13,2,3,1,5,1,10,5,10,1,1,0,16,1,5,,1,1,5,1,1,3,5,3,2,0,china_pride_treatment,control,,3,,,3,,1
R_4DUX6hexjUoBZBx,70,0,3,2,3,1,4,3,7,6,6,0,1,0,15,1,5,,1,2,5,1,1,3,3,4,2,0,china_pride_treatment,control,,2,,,2,,2
R_4sSbVjGbGNUFcZ0,31,1,5,5,3,1,5,1,10,1,4,0,1,0,6,0,,5,2,1,3,2,1,4,4,3,2,1,china_pride_treatment,independence_treatment,,2,,,2,2,
R_4cC4Ya67By6yggK,94,0,1,3,12,1,4,,7,5,5,1,1,2,12,0,,2,1,1,5,2,1,1,3,4,0,1,control,independence_treatment,,,2,2,2,0,
R_4lieEyza7bEtUQG,91,0,1,4,3,1,5,1,10,0,10,2,1,2,16,0,,2,1,1,5,2,1,3,4,3,0,1,control,independence_treatment,,,3,3,3,1,
R_4o29b0vEPvqZXvN,70,1,5,3,12,1,4,1,10,0,10,1,1,0,9,1,5,,2,1,4,1,1,3,4,4,1,0,taiwan_pride_treatment,control,3,,,3,,,1
R_4F4bvJhEGQ761Qx,70,1,1,4,12,1,4,3,5,0,5,1,1,0,9,1,6,,2,1,5,1,1,1,5,2,2,0,china_pride_treatment,control,,3,,,3,,2
R_42zOBd2zxBl5d05,80,1,5,4,2,1,4,1,10,0,9,1,1,0,12,1,6,,2,1,1,1,1,1,3,1,2,1,china_pride_treatment,independence_treatment,,2,,,2,2,
R_4dbqgvLiB73NFz1,60,0,2,2,1,1,5,3,10,7,10,0,2,2,15,1,5,,1,1,1,2,1,2,3,2,0,0,control,control,,,3,3,3,,2
R_4aICZ6PWPGDnA6c,79,0,5,5,12,1,4,1,10,7,6,1,1,0,9,1,5,,2,1,5,2,1,3,5,4,1,0,taiwan_pride_treatment,control,4,,,4,,,2
R_4eqQ1TUmCYXiv0n,85,0,2,3,11,1,6,3,7,6,9,0,0,0,16,1,5,,1,1,5,2,0,1,3,2,0,0,control,control,,,1,1,1,,1
R_4t3ypE9qJI7Ddyp,89,0,3,5,2,1,4,1,10,0,5,1,1,0,12,1,4,,2,1,5,1,1,3,5,1,0,1,control,independence_treatment,,,3,3,3,4,
R_4RLWuampEk85tnz,68,1,4,3,1,1,5,1,8,5,7,2,1,0,20,1,5,,1,1,5,2,1,3,3,2,0,0,control,control,,,3,3,3,,1
R_4LwLonD5t9pGNYR,76,0,6,4,5,1,4,1,10,0,10,1,1,2,17,1,5,,1,1,1,2,1,3,3,1,0,0,control,control,,,3,3,3,,2
R_4YCUc5RmfIdx5Ch,79,1,4,3,2,1,4,1,10,0,5,1,1,0,16,1,1,,2,1,5,1,1,1,3,1,0,1,control,independence_treatment,,,2,2,2,2,
R_4cGEd3LS0vmfzwJ,74,1,4,4,2,1,4,1,10,0,0,1,2,0,16,1,5,,1,1,5,1,1,3,3,1,2,0,china_pride_treatment,control,,1,,,1,,2
R_4vjq5MNTqFQ9ynb,51,1,6,3,1,1,6,3,7,7,9,0,2,2,27,1,6,,1,1,1,2,1,2,3,3,1,1,taiwan_pride_treatment,independence_treatment,2,,,2,,1,
R_4TYpmDlFRM0yZtq,69,1,4,4,2,1,4,1,7,6,5,2,1,0,12,1,5,,1,1,1,1,1,2,3,1,0,0,control,control,,,2,2,2,,2
R_4MYfg1rDEgMduA0,60,0,2,5,12,1,5,1,10,0,10,0,1,0,12,1,5,,2,1,5,2,1,3,3,2,1,0,taiwan_pride_treatment,control,3,,,3,,,2
R_4CfjmJyKhZpCRV1,78,1,2,4,2,1,4,1,10,0,0,2,1,0,16,1,5,,1,1,1,1,1,5,3,1,0,0,control,control,,,2,2,2,,1
R_4erTRS9wySPaZvp,81,1,1,4,2,1,4,1,10,0,8,1,1,0,16,1,5,,1,1,5,2,1,3,3,1,2,0,china_pride_treatment,control,,1,,,1,,3
R_42XR0IWhf2wOEmu,85,0,2,3,1,1,2,1,10,1,7,1,1,0,18,1,5,,1,6,1,3,1,3,3,3,2,0,china_pride_treatment,control,,3,,,3,,2
R_42Te0kuXW4fc0H7,75,1,6,3,2,1,4,1,10,0,0,2,1,0,16,1,5,,2,1,5,2,1,3,3,1,0,0,control,control,,,3,3,3,,1
R_4QnKiu4mzy3reoC,83,1,1,4,1,1,6,1,10,0,10,0,0,0,16,1,5,,1,1,5,1,1,3,3,3,1,0,taiwan_pride_treatment,control,2,,,2,,,1
R_4NzkWDJX7tCshY1,83,0,1,4,2,1,6,1,10,0,7,1,1,0,16,1,1,,1,1,5,2,1,3,3,4,0,0,control,control,,,3,3,3,,1
R_4IB3y6ZzMSsEpwS,77,0,2,2,1,1,1,2,2,10,10,0,0,1,13,1,5,,1,5,1,1,1,1,4,2,1,1,taiwan_pride_treatment,independence_treatment,3,,,3,,1,
R_4IEMyeW0VJERQWJ,89,1,1,4,3,1,4,1,9,0,5,2,1,0,12,1,5,,1,1,5,1,1,3,3,3,1,0,taiwan_pride_treatment,control,2,,,2,,,0
R_4h8emLQs56uedqh,84,1,8,4,1,1,4,1,10,0,5,1,1,0,16,1,5,,1,1,1,2,1,2,3,2,0,0,control,control,,,2,2,2,,1
R_4kIdwsGAQlsCGa2,63,0,5,4,3,1,5,3,10,8,9,0,1,0,18,1,1,,1,1,1,2,1,1,2,3,1,0,taiwan_pride_treatment,control,4,,,4,,,2
R_4D2coFKdKmH5fRb,89,0,2,4,1,1,5,1,6,8,7,2,1,0,15,1,5,,1,1,5,1,1,2,2,2,2,0,china_pride_treatment,control,,2,,,2,,0
R_4NkLrJPGP5xMOeO,56,0,3,4,4,1,3,3,5,10,10,0,0,1,19,1,1,,1,5,5,1,1,5,5,2,2,0,china_pride_treatment,control,,4,,,4,,2
R_412H1BzK4wNiw6d,54,1,20,4,1,1,1,2,4,9,10,0,0,1,14,0,,1,1,4,5,2,1,5,4,2,2,1,china_pride_treatment,independence_treatment,,3,,,3,1,
R_48N9mqlvJE2ZIMV,81,1,1,3,3,1,4,1,9,2,10,1,1,2,16,1,5,,1,1,5,1,1,3,3,4,1,0,taiwan_pride_treatment,control,3,,,3,,,1
R_4Qi5nEOiplcVJbE,76,1,2,4,3,1,4,1,3,9,1,1,1,0,16,1,6,,1,1,5,2,1,3,3,3,0,0,control,control,,,2,2,2,,3
R_4i5nE8r4M9YghAQ,74,1,4,3,3,1,3,1,10,0,10,2,1,2,15,1,5,,1,1,1,2,1,1,3,3,2,0,china_pride_treatment,control,,2,,,2,,1
R_4RxAv9Ue2Eq8RPF,54,1,2,4,12,1,4,1,10,0,7,1,1,0,10,1,1,,1,1,5,2,1,1,3,4,2,1,china_pride_treatment,independence_treatment,,2,,,2,2,
R_4MxwAvJYqRzFW7w,77,0,7,4,1,1,4,1,8,0,10,1,1,0,16,1,5,,1,2,1,6,1,3,4,2,0,0,control,control,,,1,1,1,,1
R_4rHGH6o2daWvleh,85,1,3,2,2,1,5,1,6,0,4,1,1,2,12,0,,5,1,7,5,2,1,3,4,4,1,0,taiwan_pride_treatment,control,2,,,2,,,1
R_4FY3WbILqS7Nmcp,86,1,3,3,12,1,5,3,8,7,10,2,1,1,9,1,5,,1,1,5,1,1,1,4,4,2,0,china_pride_treatment,control,,2,,,2,,3
R_4y8veoCOwvoiyKF,83,1,6,3,12,1,5,1,10,0,10,2,1,0,14,1,1,,1,5,5,2,1,1,3,4,2,0,china_pride_treatment,control,,3,,,3,,2
R_4GxDsHI7wuMQKQy,84,0,22,4,3,1,1,3,10,10,10,0,1,1,13,1,5,,2,1,5,2,1,3,3,2,2,1,china_pride_treatment,independence_treatment,,1,,,1,3,
R_4d5kVcEkJLItJ9K,65,1,2,4,2,1,4,1,10,0,5,1,1,0,16,1,6,,1,1,1,1,1,2,2,1,1,1,taiwan_pride_treatment,independence_treatment,4,,,4,,3,
R_4tmtYCUKUt7Ldh1,86,0,4,3,3,1,5,1,9,1,7,0,1,0,16,1,5,,1,1,5,1,1,3,3,3,0,0,control,control,,,2,2,2,,1
R_4WMD0kFHNP75cNC,58,0,22,5,12,1,5,1,9,3,5,2,2,0,14,0,,3,2,2,1,2,1,2,4,1,2,1,china_pride_treatment,independence_treatment,,2,,,2,2,
R_4gndmsnQp0sc3Q4,79,1,1,4,12,1,6,3,7,5,7,0,1,2,16,1,5,,1,2,5,2,1,3,3,3,1,1,taiwan_pride_treatment,independence_treatment,1,,,1,,1,
R_4Gp695d0poxH4TD,76,0,5,3,12,1,4,1,7,6,5,1,1,2,22,1,5,,1,1,1,2,1,3,3,4,0,1,control,independence_treatment,,,2,2,2,1,
R_4MKK4UL7bN3a8AS,68,1,16,3,12,1,3,2,5,7,5,0,1,1,19,1,5,,1,1,5,3,1,4,3,2,0,0,control,control,,,2,2,2,,1
R_4O7yPD0rT3vj6c8,59,1,6,2,1,1,3,1,10,9,10,2,1,2,16,1,5,,1,1,1,2,1,1,3,3,2,1,china_pride_treatment,independence_treatment,,3,,,3,3,
R_40v0orbLDumcr9t,85,0,4,2,9,1,5,3,7,6,5,0,1,0,16,1,5,,1,1,1,2,1,2,4,4,2,1,china_pride_treatment,independence_treatment,,2,,,2,2,
R_4bQ13rkIqoLUZ6f,32,1,8,3,1,1,1,,8,7,8,0,1,1,9,1,5,,1,1,1,9,1,3,3,3,2,0,china_pride_treatment,control,,3,,,3,,2
R_40ouGR6SM0PTZ9G,83,0,1,3,3,1,6,1,10,0,10,2,1,0,18,1,5,,1,1,5,1,1,3,4,3,1,0,taiwan_pride_treatment,control,2,,,2,,,1
R_43GJ3P0lgCD8ntL,74,0,6,5,3,1,6,1,10,3,6,0,1,0,14,1,5,,1,1,1,1,1,3,3,3,1,0,taiwan_pride_treatment,control,4,,,4,,,3
R_4oCl6i7Fx2uWlt3,89,0,1,1,1,1,3,3,10,10,10,0,2,2,16,0,,5,1,5,5,1,1,3,3,3,0,0,control,control,,,2,2,2,,1
R_4In6dhkv680Wne5,88,0,1,1,3,1,4,1,8,2,7,1,1,0,16,1,5,,1,1,1,2,1,1,3,3,2,1,china_pride_treatment,independence_treatment,,3,,,3,3,
R_4pPMdU5zl0JFC6J,68,1,7,3,1,1,5,3,5,5,5,0,1,0,12,1,5,,1,1,1,2,1,3,3,1,1,1,taiwan_pride_treatment,independence_treatment,4,,,4,,2,
R_4LyJKc2haryUfu1,50,0,4,5,1,1,3,3,10,10,10,0,1,1,12,1,6,,2,1,1,2,1,1,2,2,0,0,control,control,,,3,3,3,,3
R_4bHIdsVlg8pvcpH,79,1,6,5,2,1,4,1,9,0,6,1,1,0,16,1,5,,1,1,5,1,1,1,3,1,2,1,china_pride_treatment,independence_treatment,,3,,,3,2,
R_4LAnb4dMcKTrYrL,62,0,3,3,12,1,5,3,10,6,10,0,0,0,16,1,5,,2,4,1,2,1,1,3,2,0,0,control,control,,,2,2,2,,2
R_4GAGcnzq0LnvhYu,84,0,7,5,3,1,1,3,10,10,10,0,1,1,13,1,5,,2,3,5,2,1,3,4,3,0,0,control,control,,,1,1,1,,1
R_4BbbY0qDihObFJu,65,0,6,4,2,1,2,1,10,1,5,1,1,0,24,0,,5,1,1,1,1,1,3,3,1,1,1,taiwan_pride_treatment,independence_treatment,4,,,4,,4,
R_4egYhUcX35FSokR,92,0,17,4,12,1,6,1,9,1,10,2,2,2,12,0,,2,1,1,1,2,1,3,3,2,0,0,control,control,,,1,1,1,,1
R_4riWND5lbIdmRxy,93,1,4,4,12,1,4,1,10,2,10,2,1,0,13,0,,2,1,1,5,2,1,3,4,4,2,1,china_pride_treatment,independence_treatment,,3,,,3,2,
R_4zUYrle1gJTUCfY,74,0,2,3,7,1,5,1,9,2,6,2,2,0,16,1,5,,1,1,1,2,1,5,3,4,0,1,control,independence_treatment,,,2,2,2,1,
R_4I9nR4zVA1xA7Df,76,1,1,4,1,1,3,3,5,8,9,0,2,1,16,1,6,,1,5,5,1,1,3,3,2,2,1,china_pride_treatment,independence_treatment,,4,,,4,2,
R_4rAIRhgCfXwEsw8,67,1,5,3,12,1,3,1,5,6,7,1,1,0,12,1,5,,1,1,1,2,1,3,4,4,0,0,control,control,,,3,3,3,,3
R_4DV0vSqhWvd98xe,60,1,3,3,1,1,3,3,10,10,10,0,1,1,18,1,6,,1,4,1,2,1,3,2,4,1,1,taiwan_pride_treatment,independence_treatment,4,,,4,,2,
R_4Xpv2aLTvnKPUPj,52,0,13,3,12,1,5,3,0,0,10,0,2,1,9,0,,3,2,1,1,2,1,1,4,4,1,0,taiwan_pride_treatment,control,3,,,3,,,1
R_4qF08Wqnx0zsRKD,79,1,6,1,1,1,3,3,10,10,10,0,1,1,16,1,5,,2,3,1,1,1,3,2,2,0,1,control,independence_treatment,,,2,2,2,3,
R_4AMRvoFVdKw39hK,92,1,1,3,12,1,6,3,6,5,10,2,2,2,13,0,,2,1,1,5,1,1,3,3,4,1,1,taiwan_pride_treatment,independence_treatment,1,,,1,,1,
R_4qF3MEPIw0heNWh,56,1,14,4,3,1,4,1,10,1,10,1,0,0,18,1,5,,1,1,1,1,1,2,3,3,2,0,china_pride_treatment,control,,3,,,3,,2
R_4JDshxBTo7KeT94,73,0,2,1,1,1,3,1,6,4,4,1,1,0,4,1,4,,1,1,1,3,1,3,3,1,2,1,china_pride_treatment,independence_treatment,,2,,,2,1,
R_4gtbZoEmggngWaZ,59,0,5,2,1,1,3,3,10,10,10,0,1,1,14,1,5,,1,1,1,3,1,1,4,2,0,1,control,independence_treatment,,,2,2,2,2,
R_4oFSCLHRn6Hk4Hc,78,0,4,4,3,1,6,3,10,3,7,1,0,0,15,1,5,,2,1,1,1,1,3,4,3,2,0,china_pride_treatment,control,,2,,,2,,2
R_4Z8K5x212mivW0N,94,1,2,4,3,1,4,1,10,0,10,2,1,0,12,0,,2,1,1,5,1,1,1,3,4,2,0,china_pride_treatment,control,,1,,,1,,1
R_4usSEY9Hf4QTTHS,70,1,13,4,12,1,4,1,10,0,7,1,1,0,16,0,,1,1,1,1,2,1,3,4,1,0,1,control,independence_treatment,,,1,1,1,2,
R_4EgOrBgzOUrjdrM,79,1,1,2,11,1,6,1,10,0,10,2,1,2,12,1,1,,1,1,1,2,1,1,4,4,1,0,taiwan_pride_treatment,control,1,,,1,,,2
R_4dKXbIgmG1BrB7h,69,0,2,5,2,1,4,1,6,2,5,2,1,0,6,1,1,,1,1,1,2,1,5,4,1,0,1,control,independence_treatment,,,2,2,2,2,
R_4MEyRWrIBdNevT8,60,1,2,4,12,1,6,1,10,1,10,0,1,2,16,1,5,,1,2,1,1,1,1,2,1,2,1,china_pride_treatment,independence_treatment,,1,,,1,2,
R_4yRTWuiUMWFaTjb,78,1,21,3,12,1,5,1,8,5,5,2,1,2,16,1,5,,1,2,1,1,1,1,3,4,0,0,control,control,,,3,3,3,,1
R_4EE4xDvjLudCdBU,92,0,1,4,11,1,4,1,10,0,6,1,1,0,15,0,,2,1,2,5,2,1,1,1,1,0,0,control,control,,,3,3,3,,2
R_47NmG9oxKQzSqFH,91,1,4,4,1,1,3,3,9,7,10,0,0,0,16,1,5,,1,1,5,2,1,3,3,4,2,1,china_pride_treatment,independence_treatment,,3,,,3,0,
R_4uleoBnT8bN5Z6h,81,1,1,4,2,1,4,1,10,0,5,1,1,0,16,1,5,,1,2,1,2,1,3,3,1,0,1,control,independence_treatment,,,3,3,3,3,
R_4Fs7FZyN2LiGPRW,66,1,5,2,2,1,4,1,10,1,10,1,1,1,20,1,6,,1,1,1,2,1,2,3,1,1,0,taiwan_pride_treatment,control,3,,,3,,,2
R_4K6M49VPetWXJnj,33,1,1,4,10,1,4,3,8,4,7,0,1,1,18,1,5,,2,3,1,2,1,3,2,2,1,1,taiwan_pride_treatment,independence_treatment,4,,,4,,3,
R_4ElHwMrs3BNT6e9,91,1,1,5,3,1,6,1,10,0,10,0,1,0,16,0,,2,1,3,2,1,1,5,4,3,0,1,control,independence_treatment,,,2,2,2,2,
R_4rwjsEZGk9lQ0x4,81,1,6,3,2,1,5,3,8,2,10,2,1,0,16,1,5,,1,1,1,2,1,3,3,1,1,0,taiwan_pride_treatment,control,4,,,4,,,1
R_4dG7Dp7eeeeSZH2,51,0,6,1,1,1,3,3,10,10,10,0,1,1,12,0,,3,2,1,5,1,1,1,2,4,1,0,taiwan_pride_treatment,control,4,,,4,,,2
R_4xxM2q1lRlD9JLz,69,1,2,3,11,1,1,3,10,3,10,2,1,1,18,1,1,,1,4,5,1,1,3,3,4,2,0,china_pride_treatment,control,,3,,,3,,2
R_4IdF9y9kb0NPUyJ,75,1,3,3,12,3,4,1,5,4,4,1,1,2,2,1,5,,7,1,1,1,1,3,4,4,0,1,control,independence_treatment,,,3,3,3,2,
R_4zMbFkpvAM1vkfg,81,1,1,3,1,1,4,1,10,4,10,1,1,2,16,1,6,,1,1,1,2,1,3,3,4,2,0,china_pride_treatment,control,,2,,,2,,0
R_4kOAj3xlI9JlMSC,85,0,2,2,3,1,5,1,10,0,10,0,0,0,16,1,1,,1,1,5,1,1,3,4,4,0,0,control,control,,,2,2,2,,0
R_4fltdnKuIJBu1aw,83,1,2,3,12,1,6,1,7,0,7,2,1,0,16,1,5,,1,1,5,2,1,2,3,1,0,0,control,control,,,2,2,2,,1
R_4PvwKMlFodTr6nS,87,1,4,3,2,1,4,1,8,0,5,1,1,0,16,1,5,,1,1,5,2,1,1,3,1,2,0,china_pride_treatment,control,,3,,,3,,1
R_40TXgMzCYnsfFlK,68,1,13,3,12,1,4,1,10,0,8,0,1,0,18,1,6,,2,1,5,2,1,1,3,4,1,0,taiwan_pride_treatment,control,3,,,3,,,1
R_4qy811uU1fsUGzx,83,0,2,4,2,1,4,1,9,2,8,1,1,2,12,1,5,,1,2,5,2,1,3,4,1,1,1,taiwan_pride_treatment,independence_treatment,4,,,4,,4,
R_4bTZrIfiZYUquEj,79,1,3,1,1,1,3,3,10,10,10,0,1,1,16,1,5,,1,3,1,1,1,3,2,1,0,1,control,independence_treatment,,,3,3,3,3,
R_4PB0as5XYOslQyt,94,0,1,5,12,1,6,4,5,2,5,2,2,2,12,0,,2,1,1,5,2,1,3,3,4,0,0,control,control,,,2,2,2,,1
R_4j0tpZZZgHbshIx,75,1,2,4,1,1,6,1,10,5,10,0,1,0,16,1,5,,1,1,5,2,1,3,3,2,2,1,china_pride_treatment,independence_treatment,,1,,,1,2,
R_4MJ1HHzgrBQ1Lqx,70,1,4,3,3,1,6,1,10,10,10,1,1,2,14,1,1,,1,1,5,2,1,3,4,3,2,1,china_pride_treatment,independence_treatment,,4,,,4,3,
R_4YloTmFeRLMnBlL,93,1,11,5,12,1,4,1,10,0,8,1,1,0,12,1,5,,1,1,5,1,1,2,5,4,2,1,china_pride_treatment,independence_treatment,,3,,,3,1,
R_4G7FxuqbTixZycz,78,0,2,4,3,1,4,1,10,0,10,1,1,0,18,1,5,,1,1,5,2,1,1,3,3,2,1,china_pride_treatment,independence_treatment,,3,,,3,2,
R_4o5zpWbjsJ6MR2U,74,1,3,5,2,1,3,3,10,10,10,0,1,1,16,1,5,,1,3,1,1,1,3,2,3,1,0,taiwan_pride_treatment,control,3,,,3,,,3
R_4Ic6iVfiD3clNuP,79,0,4,5,3,1,4,1,10,0,5,0,1,0,12,1,5,,1,1,5,2,1,3,3,3,1,0,taiwan_pride_treatment,control,3,,,3,,,1
R_4Emy3llJ1x3XDKA,50,1,6,3,1,1,4,1,10,0,10,1,1,0,13,1,1,,1,4,1,2,1,1,3,2,2,0,china_pride_treatment,control,,1,,,1,,1
R_4IpfuayW0nBMHRN,40,0,4,1,12,1,3,3,9,9,9,0,0,0,12,0,,3,2,1,1,2,1,2,3,3,1,1,taiwan_pride_treatment,independence_treatment,4,,,4,,3,
R_4oIjdh0CYglO19s,58,0,1,3,12,1,4,1,8,3,5,2,1,0,20,1,5,,1,5,1,2,1,3,3,1,2,0,china_pride_treatment,control,,3,,,3,,2
R_4w07XmtQ6vf3uOi,90,1,3,4,3,1,4,1,10,0,10,1,1,0,12,0,,2,1,1,5,2,1,3,4,1,2,1,china_pride_treatment,independence_treatment,,2,,,2,3,
R_4pTJhDUUVmlwzFT,89,0,22,4,3,1,1,3,10,10,10,0,1,1,13,1,5,,2,2,5,2,1,3,3,3,2,1,china_pride_treatment,independence_treatment,,4,,,4,4,
R_4LcAlW9B4BZCTaJ,89,0,22,4,3,1,1,3,10,10,10,0,1,1,13,1,5,,1,4,5,2,1,2,3,2,2,1,china_pride_treatment,independence_treatment,,2,,,2,2,
R_4o8J93aKb7jL07T,70,0,2,3,12,1,5,4,9,1,9,2,2,0,17,1,5,,2,1,5,2,1,3,2,4,2,1,china_pride_treatment,independence_treatment,,1,,,1,1,
R_4jeX0gsKtOHMfXT,74,0,6,4,12,1,6,1,10,0,8,0,1,0,12,1,5,,2,1,5,2,1,3,4,4,2,1,china_pride_treatment,independence_treatment,,1,,,1,0,
R_4ZQbyVd50XaFplA,92,1,3,3,12,1,6,1,6,0,0,2,1,0,12,1,1,,1,1,5,2,1,3,2,3,2,0,china_pride_treatment,control,,0,,,0,,1
R_4F5GLBMnA5fASvS,94,1,7,5,3,1,4,1,10,4,10,1,1,0,13,1,5,,1,2,1,2,1,1,3,4,2,1,china_pride_treatment,independence_treatment,,3,,,3,1,
R_4gs4siKCw2JD1BL,70,0,4,3,2,1,2,1,10,0,10,2,1,0,12,0,,5,2,1,5,2,1,2,5,1,1,0,taiwan_pride_treatment,control,4,,,4,,,1
R_4oAO8Karv7wD6bZ,77,0,2,3,3,1,5,3,6,4,5,2,2,2,18,1,5,,1,2,5,2,1,3,3,3,0,0,control,control,,,3,3,3,,1
R_4MlXlV64OJOzIkh,59,1,2,5,12,1,6,1,10,1,3,0,1,2,9,1,5,,2,2,1,2,1,1,3,1,0,1,control,independence_treatment,,,3,3,3,2,
R_43ZxnEPvowzVx1O,61,1,6,4,2,1,6,1,10,0,10,2,1,0,12,1,1,,1,1,1,2,1,3,3,1,0,0,control,control,,,3,3,3,,2
R_4gOBtzRaEkjRHjr,89,1,4,3,12,1,4,1,8,2,7,2,2,0,17,0,,2,1,1,5,1,1,2,4,1,1,1,taiwan_pride_treatment,independence_treatment,2,,,2,,2,
R_4CarQA0IgDzYoCa,60,1,2,3,12,1,6,1,9,3,10,2,1,2,16,1,5,,1,1,1,1,1,5,3,4,0,0,control,control,,,2,2,2,,2
R_4r1vWh2gfClxrUZ,89,1,2,3,12,1,4,1,10,5,10,1,1,0,13,1,5,,1,1,5,1,1,3,4,4,2,1,china_pride_treatment,independence_treatment,,3,,,3,2,
R_4Lu084AODlpLZq9,94,1,4,5,2,1,4,1,10,0,5,1,1,1,13,1,5,,1,1,5,2,1,3,4,1,0,0,control,control,,,3,3,3,,2
R_4kYnBmGlr6ukTEt,67,1,12,3,12,1,4,1,8,8,8,1,1,1,12,1,1,,1,1,1,2,1,4,3,1,2,0,china_pride_treatment,control,,4,,,4,,3
R_4qmqj1nQ3Qv51Yv,91,1,5,5,3,1,4,1,10,0,10,1,1,0,15,0,,2,1,2,5,2,1,3,3,3,1,0,taiwan_pride_treatment,control,3,,,3,,,1
R_4AGHwjh5mM1XQD7,60,1,1,3,12,1,4,1,10,1,5,1,1,0,15,1,5,,2,1,5,2,1,1,3,1,1,0,taiwan_pride_treatment,control,3,,,3,,,2
R_42AzzNGi5u0xaZb,85,1,4,3,12,1,1,3,6,10,10,0,2,1,12,0,,5,1,1,5,1,0,1,4,4,0,1,control,independence_treatment,,,0,0,0,0,
R_4dn8mGPT0XnwioQ,59,0,1,5,2,1,2,1,10,2,4,1,1,0,16,1,5,,2,1,1,2,1,3,3,3,1,0,taiwan_pride_treatment,control,3,,,3,,,2
R_4AlMLgy7UNfQylP,89,1,7,4,3,1,1,3,10,10,10,0,1,1,13,1,5,,2,2,5,2,1,3,3,2,1,1,taiwan_pride_treatment,independence_treatment,4,,,4,,2,
R_4ONiV2vlRvAc8oR,92,1,4,4,2,1,4,1,10,0,10,1,1,0,14,0,,2,1,1,5,2,1,3,2,1,2,0,china_pride_treatment,control,,3,,,3,,1
R_4exoOlfRhgrCrAt,89,1,7,4,3,1,1,3,10,10,10,0,1,1,13,1,5,,2,3,5,2,1,3,3,2,2,0,china_pride_treatment,control,,1,,,1,,1
R_41ir3VjdZV7RIaL,69,1,5,3,2,1,4,1,6,6,5,1,1,1,14,1,5,,1,1,1,3,1,3,3,1,1,0,taiwan_pride_treatment,control,2,,,2,,,1
R_4sYW48cdAK0BdMl,87,1,2,4,2,1,6,1,10,10,10,1,1,2,17,1,5,,1,2,5,2,1,1,2,1,0,0,control,control,,,2,2,2,,3
R_4UWbxtTX6QZGsyE,64,0,1,4,5,1,4,3,10,0,10,1,0,0,30,1,4,,1,1,1,1,1,3,2,1,0,0,control,control,,,2,2,2,,2
R_4JbmVXZ9aDkQnCp,56,1,1,3,12,1,2,1,10,0,10,1,1,0,12,1,5,,1,1,5,2,1,2,3,4,0,0,control,control,,,3,3,3,,1
R_40vHfXDqziyEjfH,89,1,6,4,4,1,1,3,10,10,10,0,1,1,13,1,5,,2,3,5,2,1,3,3,3,1,1,taiwan_pride_treatment,independence_treatment,2,,,2,,2,
R_4ANSyXSn2IpOMtX,47,0,2,3,1,1,3,3,10,10,10,0,2,2,16,0,,3,2,1,1,2,1,3,3,2,2,0,china_pride_treatment,control,,2,,,2,,2
R_42zgrEOLPKfTHWP,40,0,2,4,1,1,3,3,10,10,10,0,1,1,16,0,,3,1,4,1,2,1,3,3,2,1,0,taiwan_pride_treatment,control,2,,,2,,,3
R_436MSQf5zEDUohj,31,1,8,3,2,1,3,1,5,6,5,1,1,1,18,1,4,,2,2,1,1,1,3,3,3,2,0,china_pride_treatment,control,,4,,,4,,3
R_4DtZTwIY2OtpWi6,70,0,6,2,3,1,5,1,8,3,8,0,1,0,16,1,5,,1,1,1,1,1,3,4,3,0,0,control,control,,,3,3,3,,3
R_4rcwBudmAfN5s8p,70,1,21,3,1,1,6,1,10,0,10,0,1,0,18,1,6,,1,2,1,1,1,3,2,2,2,0,china_pride_treatment,control,,4,,,4,,2
R_4lEmy9abOiN86AG,54,1,5,3,1,1,6,3,10,10,10,0,1,1,24,1,5,,1,4,5,1,1,5,3,2,2,1,china_pride_treatment,independence_treatment,,4,,,4,2,
R_4mXIq58y2zKH9rH,61,0,4,4,12,1,6,1,10,0,0,2,1,0,16,1,5,,1,1,5,2,1,5,4,4,0,1,control,independence_treatment,,,2,2,2,4,
R_4RezoBCr0mWqcQF,70,0,3,4,3,1,4,1,10,6,10,0,1,1,16,1,5,,1,5,1,2,1,2,3,3,2,0,china_pride_treatment,control,,4,,,4,,1
R_4PaeZFE2TyijGbD,69,0,5,4,3,1,5,3,9,8,10,0,1,1,18,1,6,,1,1,1,2,1,3,3,4,0,0,control,control,,,2,2,2,,1
R_48TCT56buADi1dF,77,1,4,2,1,1,5,3,10,5,10,0,0,0,16,1,5,,1,1,1,1,1,2,3,2,1,1,taiwan_pride_treatment,independence_treatment,2,,,2,,2,
R_4oF6Osk9sq1foVx,75,0,5,3,3,1,4,1,10,2,9,1,1,0,18,1,5,,2,1,5,3,1,5,4,3,0,0,control,control,,,1,1,1,,1
R_4hbxVLhkIYdB6vX,78,1,4,3,12,1,5,3,8,7,8,2,2,2,12,1,5,,2,1,5,1,1,1,4,4,1,1,taiwan_pride_treatment,independence_treatment,1,,,1,,1,
R_4ru9VDziSCDz0LN,61,1,11,3,3,1,6,3,10,9,10,2,2,2,12,1,5,,2,2,1,2,1,1,4,3,0,0,control,control,,,2,2,2,,2
R_4720GD3BpFVsHdd,76,1,7,3,12,1,4,1,10,5,10,2,1,0,12,0,,1,1,2,1,1,1,5,3,1,1,0,taiwan_pride_treatment,control,4,,,4,,,3
R_4LtBC3wM3bjFfNv,26,1,15,3,2,1,4,,5,7,8,1,1,1,15,1,5,,2,3,1,2,1,3,2,1,2,1,china_pride_treatment,independence_treatment,,4,,,4,4,
R_4JEDMGBD5PfWYfS,67,1,1,4,2,1,5,1,9,9,10,1,1,1,16,1,5,,2,1,2,7,1,3,2,1,0,0,control,control,,,3,3,3,,3
R_49ICiBKjxJEXqOR,62,1,3,3,2,1,4,1,0,10,5,1,1,0,16,1,5,,1,1,1,2,1,3,3,1,2,0,china_pride_treatment,control,,2,,,2,,1
R_4Redk5UAFat49Md,56,1,4,3,12,1,5,1,4,5,4,0,1,0,16,1,4,,1,1,5,2,1,1,3,4,2,0,china_pride_treatment,control,,1,,,1,,0
R_4Dnl9RraADB0ssZ,61,1,15,3,1,1,5,3,8,3,10,0,1,2,24,1,5,,2,1,1,2,1,3,3,2,1,1,taiwan_pride_treatment,independence_treatment,4,,,4,,2,
R_4SuV2aYmhr0VHjz,91,0,5,3,2,1,4,1,8,0,10,2,1,2,16,0,,2,1,1,5,2,1,3,4,3,1,0,taiwan_pride_treatment,control,3,,,3,,,1
R_4N9UdrItr3of2mJ,55,0,2,3,1,1,5,3,10,5,5,2,2,2,15,1,5,,1,1,1,2,0,1,3,2,2,0,china_pride_treatment,control,,4,,,4,,1
R_44026oOY26YKJEd,45,1,6,4,3,1,3,3,9,8,9,0,1,1,16,1,5,,1,2,1,2,1,1,2,1,0,0,control,control,,,3,3,3,,2
R_4rxfVik4ZJoOYPj,43,1,6,4,3,1,3,3,9,8,9,0,1,1,16,1,5,,1,2,1,2,1,1,3,2,2,0,china_pride_treatment,control,,3,,,3,,2
R_48NCgyvO6k4Afh8,44,1,6,4,3,1,3,3,9,8,9,0,1,1,16,1,5,,1,2,1,2,1,1,3,1,0,0,control,control,,,3,3,3,,2
R_4WMEAGTSrEXOJ9P,46,1,6,3,3,1,3,3,9,8,9,0,1,1,16,1,5,,1,2,1,2,1,1,3,1,2,0,china_pride_treatment,control,,3,,,3,,2
R_4peYdqBfxFbpuWH,42,1,6,4,3,1,3,3,9,8,9,0,1,1,16,1,5,,1,2,1,2,1,1,3,3,2,0,china_pride_treatment,control,,3,,,3,,2
R_4LIjqh5CtH29CbJ,47,1,6,4,3,1,3,3,8,9,8,0,1,1,16,1,5,,1,2,1,2,1,1,3,3,0,1,control,independence_treatment,,,3,3,3,2,
R_4npdZxnQs5apC5N,67,1,20,3,12,1,6,1,8,4,6,2,1,0,10,1,1,,1,8,5,1,1,1,3,4,2,1,china_pride_treatment,independence_treatment,,2,,,2,1,
R_4L6cNB5culmLZmD,66,0,3,4,12,1,5,3,9,6,8,0,2,2,16,1,5,,2,1,1,2,1,1,3,3,0,1,control,independence_treatment,,,2,2,2,1,
R_47KrosSpaCRXK4p,71,1,4,4,3,1,3,3,7,5,5,0,2,1,12,1,1,,2,1,1,3,1,5,4,3,0,1,control,independence_treatment,,,2,2,2,3,
R_4ZJIXNsUVHAr1Wh,34,1,11,2,4,1,2,,5,7,6,1,1,1,16,1,4,,2,3,1,2,1,1,2,1,2,1,china_pride_treatment,independence_treatment,,4,,,4,4,
R_4dRJuiAlBsPAaFs,66,0,4,3,2,1,1,1,10,5,7,1,1,2,19,1,5,,1,2,1,2,1,5,3,4,2,0,china_pride_treatment,control,,4,,,4,,1
R_43AMUZKcF6cW9EZ,61,1,6,3,7,1,5,3,7,6,3,1,1,1,4,1,5,,2,1,5,2,1,3,4,3,2,1,china_pride_treatment,independence_treatment,,4,,,4,4,
R_4QMHEgdaizDO5uF,56,1,1,3,12,1,3,1,5,5,5,1,1,2,20,0,,3,1,1,1,2,1,2,2,4,0,0,control,control,,,2,2,2,,2
R_45yy0D7jDI0VaT7,53,1,2,3,12,1,5,3,10,5,10,2,1,1,12,1,5,,3,4,3,1,1,3,4,4,1,1,taiwan_pride_treatment,independence_treatment,1,,,1,,3,
R_4QlHEJ7zodkVAHL,49,1,2,3,1,1,6,1,5,5,5,2,2,0,16,0,,1,1,2,1,1,1,3,4,2,0,1,control,independence_treatment,,,2,2,2,2,
R_4TGLTmxlSa9Vh9J,47,1,15,4,3,1,4,,5,7,6,1,1,1,16,1,5,,4,3,1,2,1,4,3,2,1,0,taiwan_pride_treatment,control,4,,,4,,,3
R_4XgOnXDK0d95T4M,66,0,6,4,1,1,4,3,10,2,1,1,1,1,18,1,6,,2,1,1,2,1,5,4,2,0,1,control,independence_treatment,,,2,2,2,0,
R_4hSB0LjguMTEcRe,54,0,6,3,2,1,4,1,10,5,8,1,1,2,9,1,1,,2,1,5,2,1,1,4,4,1,1,taiwan_pride_treatment,independence_treatment,4,,,4,,4,
R_4sRyjtA4xYi26Si,59,0,4,4,12,1,5,3,10,6,10,0,1,1,16,1,5,,1,2,1,2,1,1,2,2,0,1,control,independence_treatment,,,2,2,2,3,
R_48YYC4PenDWUHkZ,65,0,4,4,12,1,2,4,3,7,10,1,0,0,16,1,5,,2,1,2,1,1,2,3,2,2,1,china_pride_treatment,independence_treatment,,2,,,2,1,
R_4wAgce9z6Hz8YJZ,63,1,6,3,3,1,3,3,5,5,8,0,1,1,16,0,,3,1,1,3,2,1,2,2,4,0,1,control,independence_treatment,,,3,3,3,2,
R_4pSvTAEnpZKWpn9,61,0,1,4,12,1,5,1,8,4,1,1,1,0,16,1,6,,2,1,5,2,1,3,5,4,0,1,control,independence_treatment,,,2,2,2,3,
R_4ddhOwMs1k7d06Z,55,0,9,3,1,1,5,3,10,10,10,0,1,1,16,1,1,,1,1,1,1,0,1,3,2,0,1,control,independence_treatment,,,2,2,2,1,
R_4Y32lPV08NC95SU,69,1,1,4,3,1,5,1,9,2,9,0,1,0,15,1,5,,1,1,1,1,1,3,3,3,0,0,control,control,,,2,2,2,,1
R_4ldOgcM5G45KiZj,88,1,4,1,12,1,4,,7,6,5,1,1,1,12,1,5,,1,1,5,2,0,1,3,2,0,1,control,independence_treatment,,,1,1,1,2,
R_4nJDFJTf44yrmFJ,55,0,4,2,1,1,3,3,4,8,8,0,1,1,18,0,,5,1,5,5,2,1,2,3,4,2,1,china_pride_treatment,independence_treatment,,3,,,3,2,
R_42rTMKHkEHETuoA,54,0,2,3,12,1,4,1,10,0,10,1,1,0,12,1,5,,1,4,1,2,1,1,3,2,1,1,taiwan_pride_treatment,independence_treatment,3,,,3,,4,
R_4W90Mfi264oa2OJ,43,1,1,5,1,1,6,3,10,10,10,0,1,1,16,1,5,,1,5,1,2,1,1,3,2,2,1,china_pride_treatment,independence_treatment,,4,,,4,2,
R_468ZVW4nglTZGWQ,82,1,1,5,12,1,4,2,6,4,5,1,0,1,1,0,,2,1,1,1,9,1,3,3,4,0,1,control,independence_treatment,,,1,1,1,1,
R_4fiVitttgp7lQSY,79,1,10,3,12,1,5,3,9,5,10,2,2,2,12,1,5,,1,1,5,1,1,1,3,2,2,1,china_pride_treatment,independence_treatment,,1,,,1,2,
R_40Yg2FLp6JBskQR,81,1,2,3,12,1,6,1,8,4,10,0,2,2,16,1,1,,1,5,5,2,1,5,2,2,0,1,control,independence_treatment,,,1,1,1,1,
R_4DXfGPIzpQjx9sJ,41,0,3,2,1,1,6,3,10,10,10,0,1,1,6,1,5,,2,1,1,2,1,4,1,2,1,1,taiwan_pride_treatment,independence_treatment,3,,,3,,2,
R_4usSoryjiyfiK6R,65,1,1,3,2,1,5,1,10,10,10,2,1,0,14,1,5,,1,1,5,2,1,1,3,1,2,1,china_pride_treatment,independence_treatment,,3,,,3,1,
R_4YwEAevs0rWSB1v,61,0,5,4,1,1,5,3,10,7,10,0,1,0,12,1,5,,2,1,1,2,1,5,4,2,0,0,control,control,,,2,2,2,,2
R_4s5lml4ak3hEw31,58,0,6,4,1,1,5,3,10,10,10,0,1,1,14,1,6,,1,4,1,2,1,2,1,2,1,0,taiwan_pride_treatment,control,2,,,2,,,3
R_4fHEg7I1Za3es2s,59,1,8,3,1,1,6,3,10,8,10,0,1,1,9,1,5,,1,2,2,3,1,3,3,2,2,0,china_pride_treatment,control,,2,,,2,,1
R_4Edi4QX7oVWiCAJ,60,1,1,3,12,1,3,3,8,6,9,0,1,2,13,1,5,,1,1,1,2,1,3,3,4,1,0,taiwan_pride_treatment,control,3,,,3,,,2
R_4j7IolhYrOioGKE,57,0,4,4,1,1,3,3,5,5,1,0,1,1,17,1,5,,1,4,1,1,1,2,4,2,2,1,china_pride_treatment,independence_treatment,,1,,,1,2,
R_42okRDYY6LgOCNJ,60,0,21,3,1,1,3,2,5,10,10,0,2,1,12,1,5,,3,2,1,1,1,3,3,2,0,1,control,independence_treatment,,,3,3,3,1,
R_4CiSTrVJUrFwy1Z,57,1,12,4,3,1,4,3,10,2,2,2,1,1,12,0,,1,2,1,2,1,1,3,5,3,1,0,taiwan_pride_treatment,control,4,,,4,,,2
R_4oukNNwHoZb7Zob,60,0,1,3,1,1,5,3,8,8,10,0,2,2,16,1,5,,1,1,1,2,1,2,3,2,2,1,china_pride_treatment,independence_treatment,,3,,,3,2,
R_4WYcUZd1hsYJ56w,57,0,1,4,2,1,4,1,8,0,6,2,1,0,16,1,5,,1,1,5,2,1,2,4,1,0,0,control,control,,,2,2,2,,2
R_4NFjrwcVZahiRuU,53,0,15,4,1,1,6,3,10,10,10,0,1,1,18,1,6,,2,1,1,2,1,2,3,2,1,1,taiwan_pride_treatment,independence_treatment,3,,,3,,2,
R_4rr14Jb6smzMTqU,53,0,1,3,3,1,5,1,8,3,5,0,0,0,16,1,5,,1,1,1,2,1,5,3,4,2,0,china_pride_treatment,control,,1,,,1,,2
R_4fkq1lumSBoNdvB,67,1,4,4,12,1,5,1,6,6,5,2,1,1,12,1,5,,1,5,2,2,1,1,4,4,1,1,taiwan_pride_treatment,independence_treatment,4,,,4,,3,
R_4KBWLMfYEN0Pg1m,66,1,3,4,3,1,6,1,10,1,8,0,1,0,14,1,5,,2,1,1,1,1,2,4,3,0,0,control,control,,,3,3,3,,1
R_4EuRKGLLiCwH4Dw,42,0,3,3,11,1,1,3,3,10,10,0,0,1,6,1,1,,2,1,1,1,1,3,1,4,1,0,taiwan_pride_treatment,control,2,,,2,,,1
R_4qL1GNj7L5Jzwq3,50,0,2,2,1,1,5,3,10,10,10,0,1,1,15,1,5,,2,1,2,1,1,1,4,4,0,0,control,control,,,1,1,1,,1
R_41KfgTgzRv4iMBX,63,1,22,4,12,1,6,1,1,8,4,0,2,2,14,1,5,,2,1,1,1,1,3,3,2,0,1,control,independence_treatment,,,1,1,1,1,
R_41zAsxu406fn3e5,60,0,4,5,2,1,2,1,10,0,0,1,1,0,18,1,6,,2,1,1,2,1,1,2,1,0,0,control,control,,,3,3,3,,1
R_43MyY3EjB5gzJMB,61,1,2,4,2,1,4,1,9,3,7,0,1,0,18,1,1,,1,1,2,2,1,5,3,1,2,0,china_pride_treatment,control,,2,,,2,,1
R_42nK8jTxg7krhNK,59,0,4,4,1,1,5,3,10,10,10,0,1,1,16,1,5,,1,4,1,3,1,2,3,2,1,0,taiwan_pride_treatment,control,4,,,4,,,1
R_4qCzaAk36QLuLyq,82,1,22,3,1,1,4,1,10,5,5,1,1,0,22,1,6,,1,1,3,2,1,1,2,2,1,1,taiwan_pride_treatment,independence_treatment,4,,,4,,3,
R_4zqG7t35HK3pvss,39,0,4,2,1,1,5,3,6,5,5,0,1,0,18,0,,3,1,1,1,2,1,3,2,2,0,1,control,independence_treatment,,,2,2,2,4,
R_4EUwxSC4waaIIIF,50,0,4,3,11,1,4,3,9,9,9,1,1,1,12,0,,3,2,1,1,3,1,5,3,4,1,0,taiwan_pride_treatment,control,1,,,1,,,2
R_4nqnlD1dAQoKI8A,63,0,5,3,2,1,6,3,8,5,7,0,2,2,14,1,5,,1,1,1,1,1,3,3,1,2,0,china_pride_treatment,control,,2,,,2,,1
R_400ml6PkwehUhRy,51,1,5,3,1,1,6,3,5,5,8,0,1,1,16,1,5,,2,1,1,2,1,2,3,2,2,0,china_pride_treatment,control,,4,,,4,,3
R_4jj4I57lcb6iWh7,54,0,11,3,12,1,6,3,8,7,9,0,1,2,16,1,5,,1,4,1,2,1,5,3,4,2,1,china_pride_treatment,independence_treatment,,3,,,3,1,
R_4ffSVnGoQKPjNNg,67,0,2,3,12,1,3,1,10,0,10,2,1,0,17,1,5,,1,1,1,1,1,1,2,4,1,1,taiwan_pride_treatment,independence_treatment,4,,,4,,2,
R_4HN4Ww2G3JLhhQt,68,1,2,3,11,1,6,1,10,7,8,2,1,1,20,1,5,,1,1,5,1,1,1,3,3,0,1,control,independence_treatment,,,1,1,1,3,
R_47qdmicgR52f6qV,52,0,1,3,1,1,6,1,6,5,7,0,1,0,17,1,5,,1,4,1,1,1,1,3,2,0,0,control,control,,,3,3,3,,2
R_4d5l40AMKptmkKq,61,0,11,3,1,1,5,3,7,7,9,0,1,1,14,1,6,,1,1,1,1,1,1,4,2,2,1,china_pride_treatment,independence_treatment,,4,,,4,1,
R_4TAPPOGouBpDKzn,46,0,3,4,1,1,5,3,10,10,10,0,1,1,18,0,,3,1,4,1,2,1,2,2,2,0,1,control,independence_treatment,,,2,2,2,2,
R_4mknxAlpKQ9UkwW,67,1,1,4,6,1,2,1,10,0,0,1,1,0,16,0,,1,2,8,1,2,1,5,3,1,1,1,taiwan_pride_treatment,independence_treatment,3,,,3,,4,
R_4gFQ2E6anuhTh9P,59,0,3,4,2,1,4,3,8,3,8,2,1,0,14,1,1,,2,1,1,2,1,1,3,1,1,0,taiwan_pride_treatment,control,4,,,4,,,1
R_4wtSD5Pay4ZJ0tb,67,0,5,2,1,1,6,3,10,10,10,0,1,1,12,0,,6,2,1,5,2,1,1,4,4,1,1,taiwan_pride_treatment,independence_treatment,2,,,2,,1,
R_4VlleR9yh0beGWc,62,1,6,4,1,1,3,3,6,5,6,0,1,1,18,1,5,,1,1,5,2,1,3,3,2,0,1,control,independence_treatment,,,3,3,3,2,
R_4TL6Gx0xyjNEGG4,48,0,2,3,1,2,1,3,4,10,10,0,2,1,12,0,,3,1,7,1,1,1,3,4,2,1,0,taiwan_pride_treatment,control,4,,,4,,,1
R_4qur7dMw8xFq5Z7,60,1,2,5,12,1,4,3,9,5,9,2,2,2,16,1,5,,1,1,1,2,1,2,3,4,2,1,china_pride_treatment,independence_treatment,,2,,,2,2,
R_4Ld3kBxlqhnJ4Si,74,0,11,3,11,1,6,1,10,5,10,1,1,1,15,1,5,,2,1,5,2,1,1,3,4,1,0,taiwan_pride_treatment,control,2,,,2,,,3
R_4LnIXx3SLJaYIF3,64,0,2,3,12,1,3,1,10,5,7,0,1,2,19,1,5,,1,1,1,2,1,1,3,4,0,1,control,independence_treatment,,,3,3,3,3,
R_4XhY7qn3sj7Aepe,66,0,3,3,1,1,5,3,9,8,10,0,1,1,16,0,,1,1,1,1,2,1,3,2,2,0,0,control,control,,,3,3,3,,2
R_4qUQ9BaU7uccOZ7,68,0,9,4,3,1,3,3,9,8,8,0,1,1,12,1,5,,2,1,2,2,1,2,3,3,1,0,taiwan_pride_treatment,control,4,,,4,,,3
R_4ylconuu8hf6ElH,51,1,3,3,1,1,3,3,8,7,8,0,1,1,16,1,5,,1,4,1,2,1,1,3,2,2,0,china_pride_treatment,control,,3,,,3,,2
R_47vxSexxm2CYNHb,61,1,2,3,12,1,4,1,8,5,5,1,1,1,12,1,5,,1,1,1,2,1,3,3,4,0,1,control,independence_treatment,,,3,3,3,0,
R_4cqbxl5jQNaxw8p,54,0,1,4,2,1,4,1,9,0,1,0,1,0,19,0,,3,1,5,1,2,1,5,3,1,1,0,taiwan_pride_treatment,control,4,,,4,,,2
R_4FM4JaP61r2OCmB,55,0,2,3,12,1,6,1,8,5,6,0,1,2,12,1,5,,1,4,1,1,1,3,4,4,0,1,control,independence_treatment,,,1,1,1,1,
R_49b8lrrRqwNgXpF,55,0,16,3,1,1,6,3,10,5,10,0,1,1,14,0,,3,1,2,1,1,1,1,4,4,1,0,taiwan_pride_treatment,control,4,,,4,,,1
R_4y3kqWvcLEN9ByF,65,1,12,3,1,1,3,1,10,4,2,2,2,2,9,1,1,,2,1,1,2,1,5,4,2,0,1,control,independence_treatment,,,2,2,2,0,
R_4eVvBG4pThUASV1,68,0,4,3,11,1,6,3,10,10,10,0,2,2,16,1,5,,1,2,5,2,0,5,3,2,1,1,taiwan_pride_treatment,independence_treatment,1,,,1,,1,
R_4j0XXDzh3UvXExw,64,0,1,3,12,1,5,3,10,6,10,0,2,0,16,1,5,,1,1,1,1,1,2,3,4,2,0,china_pride_treatment,control,,1,,,1,,2
R_4UX7BhtwTEt46VH,48,0,1,3,1,1,5,3,9,5,10,0,0,0,16,1,5,,1,4,1,1,1,2,4,2,0,1,control,independence_treatment,,,2,2,2,2,
R_4TpYNLOUxN1YUIt,47,0,1,3,1,1,3,3,10,10,10,0,1,1,19,1,1,,1,1,5,2,1,1,4,4,2,1,china_pride_treatment,independence_treatment,,2,,,2,1,
R_4Ngp2vg9AOaffTw,61,0,3,3,1,1,1,3,10,10,10,0,1,1,16,1,5,,2,1,1,1,1,3,3,2,0,0,control,control,,,3,3,3,,2
R_4WpWhNeIzrYK8Ux,61,0,12,2,1,1,3,3,7,4,9,0,1,2,14,1,5,,1,4,1,2,1,2,4,2,2,1,china_pride_treatment,independence_treatment,,2,,,2,2,
R_4DZynRDCwzE4iuU,67,0,6,4,2,1,4,1,10,10,7,1,1,0,16,1,5,,2,1,1,2,1,1,3,1,1,1,taiwan_pride_treatment,independence_treatment,4,,,4,,2,
R_4Ed6RPbNXJvP50Y,66,1,2,3,12,1,5,1,10,2,9,2,1,2,16,1,5,,1,1,5,1,1,2,3,1,0,1,control,independence_treatment,,,1,1,1,2,
R_4X7ObV6Wnelq6mO,65,0,11,5,2,1,4,1,10,0,4,1,1,0,16,1,5,,2,1,1,1,1,3,3,1,2,0,china_pride_treatment,control,,3,,,3,,2
R_4Ys0GefeexlQolR,68,1,1,3,2,1,6,3,10,6,6,2,1,2,16,1,5,,1,1,1,2,1,5,3,4,0,0,control,control,,,2,2,2,,1
R_49PdwrMwkcQFvDr,66,0,4,3,12,1,3,1,10,3,10,0,1,0,16,1,5,,1,1,1,1,0,2,3,3,0,1,control,independence_treatment,,,1,1,1,0,
R_4qFd87ZLHDarcio,50,1,2,1,1,1,3,3,8,8,10,0,1,1,18,0,,3,1,4,2,1,1,2,3,4,2,0,china_pride_treatment,control,,2,,,2,,1
R_4UXVzhz9JtrXJRx,55,0,5,3,2,1,4,1,10,0,5,1,1,0,9,0,,1,2,1,2,2,0,2,3,1,1,0,taiwan_pride_treatment,control,4,,,4,,,2
R_4Hh4pNWrWGiQ3OO,67,0,1,3,12,1,5,1,10,5,10,0,2,0,21,1,6,,1,1,1,2,1,2,3,3,0,0,control,control,,,1,1,1,,1
R_4EYBlw9Ys9jVPey,52,0,4,3,12,1,3,3,8,8,8,1,2,2,14,0,,5,2,1,1,2,1,3,4,1,2,1,china_pride_treatment,independence_treatment,,3,,,3,1,
R_4zbttQO6RXZuF6S,66,0,4,5,1,1,6,3,7,4,8,0,1,1,16,1,5,,1,1,1,2,1,3,3,2,0,0,control,control,,,3,3,3,,2
R_4gSYnIogDHLAqSV,67,0,3,4,12,1,5,1,8,5,8,0,1,1,9,1,5,,1,3,5,1,1,5,4,4,1,1,taiwan_pride_treatment,independence_treatment,3,,,3,,3,
R_4zNOAtlhGMWCJii,62,0,1,4,1,1,5,3,10,6,10,0,1,2,16,1,5,,2,1,5,2,1,1,3,2,2,0,china_pride_treatment,control,,3,,,3,,2
R_4sEUcIbwG2u8LRf,64,0,13,1,1,1,5,3,6,10,10,0,0,0,18,0,,4,1,5,5,1,0,1,5,2,1,1,taiwan_pride_treatment,independence_treatment,0,,,0,,0,
R_4WVBmp2WD9nsBKC,67,0,1,3,12,1,6,1,9,0,5,2,1,0,18,1,6,,1,1,1,1,1,3,4,1,1,0,taiwan_pride_treatment,control,0,,,0,,,1
R_4m8ApI1UKIcmJCL,47,0,1,2,2,1,4,1,10,0,2,1,1,0,15,1,5,,2,1,1,1,1,1,3,1,1,1,taiwan_pride_treatment,independence_treatment,3,,,3,,3,
R_4EFvgrttyqGrmvE,59,1,6,3,5,1,4,1,8,0,10,1,1,0,15,1,5,,1,1,1,2,1,1,4,4,2,0,china_pride_treatment,control,,2,,,2,,2
R_4daCNnEqzGn927n,63,1,2,3,2,1,5,1,10,6,7,2,1,1,14,1,5,,1,1,1,2,1,1,3,1,1,0,taiwan_pride_treatment,control,3,,,3,,,0
R_4fjwo1qtIO5NfuP,51,0,4,2,1,1,3,3,7,7,6,0,1,1,30,1,5,,1,1,1,1,1,2,3,2,2,0,china_pride_treatment,control,,1,,,1,,1
R_4qk7WwbVJLHX4Kh,62,0,1,4,3,1,5,1,7,3,7,0,1,0,19,1,5,,1,5,1,2,1,5,2,2,0,0,control,control,,,2,2,2,,1
R_4qWLjTzRf52h0Tp,66,0,2,3,12,1,6,1,0,10,5,2,1,0,16,1,5,,1,5,1,2,1,1,3,4,2,1,china_pride_treatment,independence_treatment,,4,,,4,3,
R_41upT5rcGz4V0dD,56,0,3,3,1,1,3,1,10,10,10,0,1,1,14,0,,5,1,1,1,3,0,1,3,2,0,1,control,independence_treatment,,,2,2,2,2,
R_4G4d8joLxV0YpP3,49,0,4,4,1,1,3,3,0,0,0,0,1,1,12,0,,3,1,1,1,2,1,3,4,2,0,1,control,independence_treatment,,,3,3,3,0,
R_4ouwtZrG61jSRjz,65,1,6,4,12,1,5,3,8,2,5,1,1,2,16,1,4,,2,1,1,3,1,1,3,1,1,0,taiwan_pride_treatment,control,3,,,3,,,1
R_4fwFI5lJR5MI7Vq,55,1,12,4,2,1,6,1,10,3,10,0,1,0,18,0,,3,1,1,1,3,1,1,3,1,2,0,china_pride_treatment,control,,3,,,3,,2
R_4EYe2bEwjKGFFYe,56,1,2,3,1,1,3,3,10,10,10,0,1,1,11,0,,5,1,8,2,1,1,1,5,2,1,0,taiwan_pride_treatment,control,2,,,2,,,2
R_4rUHbmQwsuIDLcu,67,1,6,3,12,1,6,1,10,2,10,2,1,2,12,0,,1,2,1,1,1,1,1,3,4,0,1,control,independence_treatment,,,2,2,2,2,
R_4pnj4qOKHX5ltYH,58,0,4,3,1,1,6,3,7,7,7,0,1,1,9,1,1,,1,4,1,2,1,3,3,2,0,1,control,independence_treatment,,,3,3,3,1,
R_4xnSiE3dvg4WI8N,54,0,3,3,2,1,4,1,10,0,0,1,1,0,14,1,5,,2,1,4,2,1,2,3,1,1,1,taiwan_pride_treatment,independence_treatment,4,,,4,,3,
R_4r7i3hME1axihL9,56,0,2,3,2,1,3,3,9,9,10,0,1,1,14,1,5,,1,1,1,2,1,2,4,1,2,0,china_pride_treatment,control,,2,,,2,,2
R_4NoA8PiED6gS5xv,67,1,6,2,3,1,5,3,7,4,5,0,0,0,16,1,5,,1,1,5,2,1,3,4,3,2,1,china_pride_treatment,independence_treatment,,2,,,2,1,
R_4wsrGyWoG2Onrm1,64,1,2,4,2,1,4,1,9,4,8,2,1,0,16,1,5,,1,1,5,2,1,3,3,1,0,1,control,independence_treatment,,,2,2,2,2,
R_4WU5EPuIwAZyyCH,58,0,6,2,2,1,4,1,10,0,5,1,1,0,12,0,,5,2,1,5,1,1,1,4,1,2,0,china_pride_treatment,control,,2,,,2,,1
R_4wv4SzGuA2M7VGr,53,0,2,3,12,1,6,3,7,6,10,2,2,2,12,0,,5,1,4,5,2,1,4,5,4,0,1,control,independence_treatment,,,2,2,2,2,
R_4gi2J5rnRPkLFJy,77,1,1,3,2,1,4,1,10,0,8,1,1,0,16,1,5,,1,1,5,2,1,1,3,1,2,0,china_pride_treatment,control,,2,,,2,,1
R_4vCn7rwEa5vUby9,56,0,6,2,3,1,6,3,5,5,5,0,0,0,15,1,5,,2,1,1,1,1,1,4,4,1,0,taiwan_pride_treatment,control,3,,,3,,,3
R_4foVLLDdDs46OUE,54,0,2,4,2,1,4,1,10,0,3,1,1,0,12,1,1,,1,1,1,2,1,1,2,1,0,0,control,control,,,1,1,1,,3
R_4c5rmYNkNJRCp1v,54,0,1,3,2,1,4,1,10,0,5,1,1,0,16,1,5,,2,1,1,2,1,1,3,1,2,1,china_pride_treatment,independence_treatment,,2,,,2,3,
R_4rc5XdjPJUDC5BB,57,0,6,4,1,1,5,3,10,7,10,2,1,2,16,1,5,,2,1,1,1,1,2,3,2,1,0,taiwan_pride_treatment,control,4,,,4,,,2
R_4H3q6lP021OgERb,35,1,5,1,1,1,5,1,10,5,10,1,1,0,18,1,5,,1,1,1,2,1,1,3,1,2,1,china_pride_treatment,independence_treatment,,2,,,2,2,
R_4R1HfwKy7pg0Rjg,55,1,6,3,12,1,3,3,7,7,7,0,1,1,12,1,5,,2,1,3,2,1,5,3,4,1,0,taiwan_pride_treatment,control,3,,,3,,,1
R_4W5qCz83oaTz1ol,48,1,2,3,1,1,5,3,10,10,10,0,1,2,16,1,1,,1,5,1,1,1,3,2,2,2,0,china_pride_treatment,control,,4,,,4,,2
R_4PcnV17sWoTMmUx,57,0,3,1,1,1,5,1,10,5,5,1,1,0,18,1,5,,2,1,1,3,1,1,4,2,2,1,china_pride_treatment,independence_treatment,,1,,,1,2,
R_4NsqSQpIjeVsKWd,54,0,2,3,3,1,3,3,9,9,9,0,1,1,16,1,5,,2,1,2,1,1,3,1,4,2,0,china_pride_treatment,control,,3,,,3,,2
R_4TM2oMNQAjM9CEQ,58,0,16,3,11,1,4,1,10,0,2,2,1,0,16,1,5,,2,2,5,2,1,2,4,4,0,0,control,control,,,2,2,2,,1
R_4fADsL9IXyv6Gws,58,1,2,3,12,1,5,1,10,0,10,2,1,2,12,0,,5,2,1,5,2,0,5,5,4,2,0,china_pride_treatment,control,,1,,,1,,2
R_4aztba8dNyTqZ9T,42,0,2,4,2,1,4,1,10,1,9,0,1,0,18,1,1,,2,1,1,2,1,3,2,1,0,0,control,control,,,3,3,3,,2
R_4SuhQWB4VpLrAjE,50,1,1,3,1,1,3,3,8,8,10,0,0,1,19,0,,3,1,5,2,2,1,5,3,2,0,1,control,independence_treatment,,,3,3,3,2,
R_4n8GCFsgE3nOOGT,52,1,4,3,2,1,4,3,10,10,10,1,1,1,16,1,5,,1,5,1,2,1,2,3,1,1,0,taiwan_pride_treatment,control,3,,,3,,,1
R_4pm7rN6STcBjuP2,52,0,22,3,1,1,6,1,10,5,10,0,1,0,15,1,1,,2,1,2,1,1,2,3,2,1,0,taiwan_pride_treatment,control,4,,,4,,,2
R_4fE0MxeQk0SkIoV,57,1,1,2,1,1,3,3,9,8,10,0,1,1,26,1,5,,1,4,5,1,1,5,3,2,2,0,china_pride_treatment,control,,2,,,2,,1
R_4Uc3cQaBuowGLT6,51,1,1,3,12,1,4,1,8,5,6,2,1,2,14,1,5,,1,1,2,2,1,2,3,4,1,0,taiwan_pride_treatment,control,3,,,3,,,1
R_4kzX6OkxKOLdS6U,57,1,14,3,1,1,6,3,10,10,10,0,1,1,14,0,,1,1,1,1,5,1,1,3,2,2,1,china_pride_treatment,independence_treatment,,3,,,3,2,
R_4VD4PMzPaLBFBNG,39,1,1,3,1,1,5,3,10,10,10,0,2,1,12,1,4,,1,1,1,1,1,3,3,2,2,1,china_pride_treatment,independence_treatment,,4,,,4,2,
R_4I4v6j4I1irmG3n,52,0,1,1,1,1,1,3,10,10,10,0,0,1,16,0,,3,1,4,1,2,1,1,1,2,1,1,taiwan_pride_treatment,independence_treatment,4,,,4,,2,
R_4eraA1VAP8T8V8x,57,0,4,5,6,1,4,1,10,0,5,1,1,0,12,1,1,,2,1,1,2,1,1,2,1,1,1,taiwan_pride_treatment,independence_treatment,2,,,2,,3,
R_47Toq1ecsgOsZYo,49,1,6,3,12,1,6,1,10,1,10,2,1,2,12,0,,3,2,1,1,1,1,1,3,4,1,1,taiwan_pride_treatment,independence_treatment,1,,,1,,2,
R_4YXk6rSmsYFOnzH,51,0,3,3,1,1,5,3,10,10,10,0,2,2,16,1,5,,3,2,1,2,1,2,3,4,0,0,control,control,,,3,3,3,,1
R_4ncHLp1p3ANRAKO,57,1,15,3,11,1,3,3,10,10,10,0,2,2,20,1,1,,1,1,1,1,1,3,2,4,1,1,taiwan_pride_treatment,independence_treatment,4,,,4,,1,
R_4VvOTqcAiy67FqF,52,0,11,2,1,1,6,1,9,0,5,0,1,2,16,0,,3,2,1,1,1,1,2,3,2,2,1,china_pride_treatment,independence_treatment,,3,,,3,2,
R_4k6eWyRxruhipgZ,57,1,4,5,2,1,4,1,10,0,10,1,1,0,19,1,6,,1,1,1,2,1,2,2,1,0,1,control,independence_treatment,,,3,3,3,2,
R_4PXYXwSHB0qlF0B,57,1,1,3,12,1,3,3,10,10,10,0,0,1,18,1,1,,1,4,5,2,1,5,2,4,1,0,taiwan_pride_treatment,control,1,,,1,,,1
R_4cBGmudbtOytO4y,51,0,2,3,12,1,5,1,7,4,5,2,1,2,16,1,5,,1,2,1,2,1,2,3,4,1,1,taiwan_pride_treatment,independence_treatment,3,,,3,,2,
R_42UQpZoSn5ntjah,48,0,2,2,1,1,3,3,8,7,10,0,1,1,16,1,5,,1,4,1,1,1,1,4,2,2,0,china_pride_treatment,control,,4,,,4,,2
R_4VXLtg5qtNcbijn,50,1,2,3,1,1,4,1,10,7,8,1,1,0,19,0,,3,1,1,1,2,1,1,2,2,2,0,china_pride_treatment,control,,3,,,3,,2
R_4j9EuChrYilNgYl,50,0,3,4,3,1,3,3,10,8,10,0,1,1,18,1,4,,1,4,1,1,1,2,3,3,0,0,control,control,,,2,2,2,,1
R_4cMN8ePAY00Udxf,57,0,1,4,12,1,5,3,10,3,10,2,0,0,18,1,6,,1,2,1,2,1,1,4,1,2,0,china_pride_treatment,control,,2,,,2,,2
R_4GHe09TXFphd3wr,51,0,3,3,12,1,6,3,5,5,4,2,1,2,16,1,5,,1,2,1,2,1,5,4,4,0,0,control,control,,,1,1,1,,0
R_4R3NQIkH5W0sbjr,50,1,3,3,12,1,6,3,8,6,9,0,2,2,18,1,5,,1,1,1,1,1,5,2,4,1,0,taiwan_pride_treatment,control,2,,,2,,,1
R_4V8fdhwRpkd8eul,53,0,1,1,1,1,6,3,10,10,10,0,1,1,16,1,5,,1,1,1,2,1,1,3,2,2,1,china_pride_treatment,independence_treatment,,4,,,4,2,
R_4cysAiZsytyFHxv,80,0,6,3,2,1,5,3,6,5,5,2,1,0,12,1,5,,1,1,1,2,1,3,4,2,0,0,control,control,,,1,1,1,,1
R_4q8UG6I7SFboznE,66,0,1,5,12,1,5,1,9,2,5,2,1,0,12,1,5,,1,1,1,3,0,1,3,4,0,1,control,independence_treatment,,,2,2,2,1,
R_4QKNIVevRM8SwDF,54,1,3,3,12,1,6,3,10,10,10,0,1,1,16,1,5,,1,1,1,1,1,1,3,2,0,0,control,control,,,3,3,3,,1
R_4VPeQWI3Bteqvkm,53,1,6,3,12,1,6,3,10,10,10,0,1,1,12,0,,3,1,4,2,1,1,2,3,2,1,0,taiwan_pride_treatment,control,2,,,2,,,3
R_40SXQyVKsdyK7E0,55,0,14,3,3,1,5,3,8,9,10,0,1,1,14,0,,3,1,4,5,2,1,1,3,3,0,0,control,control,,,2,2,2,,1
R_4rvoqjDooCyPyjA,67,1,22,3,1,1,5,1,5,7,7,2,1,0,12,1,6,,1,1,1,2,1,3,4,2,2,0,china_pride_treatment,control,,4,,,4,,3
R_462rxGsPrzp8ZDt,74,0,3,5,12,1,2,1,10,0,5,1,1,0,12,1,5,,1,1,2,1,1,5,5,2,0,0,control,control,,,3,3,3,,3
R_4LXIHJj1kYp81K9,54,0,5,4,2,1,4,1,0,10,9,1,1,0,15,1,1,,2,1,5,2,1,3,4,1,0,0,control,control,,,3,3,3,,3
R_4UW9MuCL7v0yU1s,44,0,3,3,3,1,5,3,10,8,10,0,1,1,18,0,,3,1,2,1,1,1,2,3,3,0,1,control,independence_treatment,,,3,3,3,2,
R_4rCxVpEjS7E4jVO,45,0,2,3,1,1,5,3,8,7,10,0,2,1,18,1,1,,1,1,3,1,1,1,2,2,2,0,china_pride_treatment,control,,4,,,4,,2
R_48xnuJBSfDAbrGx,82,1,9,3,11,1,5,3,10,8,10,0,2,1,12,1,5,,2,1,5,2,1,5,4,4,2,1,china_pride_treatment,independence_treatment,,2,,,2,1,
R_4Q0AsgFVjSVSrSt,67,1,2,2,12,1,4,1,10,0,3,1,2,0,16,1,5,,1,1,5,2,1,5,4,3,2,0,china_pride_treatment,control,,3,,,3,,2
R_4KwDhvxBgA0ulnN,52,0,7,4,1,1,4,1,8,4,9,0,1,2,22,1,6,,1,1,1,2,1,1,2,2,1,0,taiwan_pride_treatment,control,4,,,4,,,2
R_46gA6qO4pCHSM8w,83,1,2,3,1,1,3,3,7,5,7,2,1,2,16,1,5,,1,4,5,2,1,3,2,4,0,1,control,independence_treatment,,,2,2,2,2,
R_4PHWdXMBF3JUyRn,54,0,9,3,3,1,5,3,5,4,9,0,1,2,14,1,1,,2,1,1,1,1,1,3,3,2,1,china_pride_treatment,independence_treatment,,4,,,4,0,
R_40dFaYeUDSMA62d,92,1,4,2,1,1,4,1,9,0,9,1,1,0,13,1,5,,1,2,5,2,1,1,3,2,1,0,taiwan_pride_treatment,control,3,,,3,,,1
R_4amK1I8s8QwOgnz,67,1,1,4,12,1,5,,10,0,0,0,1,0,19,1,5,,1,1,2,2,1,2,3,3,2,1,china_pride_treatment,independence_treatment,,1,,,1,1,
R_43fqa3gYovtu2Hf,71,1,6,3,12,1,4,3,10,5,10,1,1,1,17,1,5,,2,2,1,1,1,1,4,4,2,0,china_pride_treatment,control,,2,,,2,,1
R_4xsVKvhy3Jb8KC5,68,1,1,3,2,1,4,1,10,5,7,0,1,2,15,1,5,,1,1,1,1,1,1,4,1,0,0,control,control,,,2,2,2,,1
R_40Hc7qLmYpIHZKx,52,1,1,3,12,1,6,1,10,0,10,2,0,0,19,0,,1,1,1,1,2,1,1,3,4,2,1,china_pride_treatment,independence_treatment,,2,,,2,1,
R_4gUE0Hpd888fMrQ,79,0,2,4,12,1,6,2,5,5,9,2,1,1,16,1,5,,1,1,1,1,1,3,3,1,2,1,china_pride_treatment,independence_treatment,,4,,,4,0,
R_4pWBUAWfPpX3Kzb,86,1,5,2,1,1,3,3,4,4,5,0,1,0,12,1,5,,2,1,1,5,0,3,4,,0,1,control,independence_treatment,,,3,3,3,2,
R_41cD5mO98zMCDd1,50,0,3,3,3,1,5,3,5,6,7,0,1,1,22,1,5,,1,2,5,2,1,1,3,4,0,0,control,control,,,2,2,2,,1
R_4Cph1rgls7KTPIs,79,1,1,3,12,1,4,3,10,6,7,2,0,0,16,0,,5,1,5,5,2,1,5,3,2,0,0,control,control,,,1,1,1,,1
R_4JEE7FHZuGZa4iw,46,0,1,4,1,1,6,3,10,10,10,0,1,0,22,1,5,,1,1,1,2,1,2,3,2,0,1,control,independence_treatment,,,3,3,3,2,
R_410lRJcNeZZpY0x,57,0,3,4,1,1,1,3,10,10,10,0,1,1,14,0,,4,1,4,5,1,1,2,5,2,0,1,control,independence_treatment,,,3,3,3,2,
R_4jVdEb82xYkPYOu,90,0,1,4,3,1,6,1,10,0,2,1,1,0,18,1,6,,1,2,5,2,1,5,3,3,0,0,control,control,,,3,3,3,,1
R_4nzxfwFBJuSbdOF,59,0,2,3,3,1,5,4,9,6,8,0,2,2,19,1,5,,1,4,1,2,1,3,3,4,1,1,taiwan_pride_treatment,independence_treatment,3,,,3,,1,
R_48zxYFhCUk5aUpI,56,0,5,2,1,1,3,3,9,7,10,0,2,2,18,1,5,,1,4,1,1,1,2,2,2,0,0,control,control,,,2,2,2,,1
R_4AdoSCrah2wcbjr,58,0,1,3,1,1,3,3,6,6,7,0,1,1,16,1,5,,1,4,5,2,1,1,3,2,1,0,taiwan_pride_treatment,control,3,,,3,,,2
R_4pX0Wne9oRAcs7I,54,0,2,2,7,1,3,3,10,10,10,0,1,1,18,1,5,,2,1,2,1,1,2,3,2,2,0,china_pride_treatment,control,,2,,,2,,1
R_4f6xqxHrBszO04B,57,1,9,3,11,1,4,1,10,0,9,1,1,0,11,1,5,,1,1,5,1,1,1,2,4,0,0,control,control,,,3,3,3,,1
R_4H682myGXkJO4pd,64,1,3,3,12,1,2,1,5,5,5,1,1,0,16,1,5,,2,1,1,1,1,5,5,4,1,1,taiwan_pride_treatment,independence_treatment,4,,,4,,0,
R_4WGLQVqMFVAGFwd,56,0,1,4,12,1,4,1,9,1,5,1,1,0,12,1,5,,1,4,2,2,1,3,3,1,1,1,taiwan_pride_treatment,independence_treatment,2,,,2,,3,
R_4GXqTOI4797e0k9,61,1,3,5,2,1,4,1,10,10,10,1,1,2,15,1,1,,1,2,1,2,1,3,3,1,2,1,china_pride_treatment,independence_treatment,,2,,,2,1,
R_4aOaVRFxj5YvHTr,57,1,2,3,1,1,3,1,9,7,8,1,1,1,23,1,5,,1,5,5,1,1,1,3,2,0,1,control,independence_treatment,,,2,2,2,3,
R_4TZAvlK2g9jsbec,59,0,4,4,12,1,4,1,10,0,1,2,1,0,18,0,,1,1,4,5,2,1,3,4,1,2,1,china_pride_treatment,independence_treatment,,1,,,1,1,
R_4nMwJCk65EiSLxf,54,0,2,2,11,1,4,3,8,0,8,0,2,0,16,1,5,,2,1,2,2,1,1,3,2,2,0,china_pride_treatment,control,,2,,,2,,2
R_4nyQCc1eSefMYdX,53,0,6,4,1,1,6,3,6,5,10,0,2,2,16,0,,3,2,1,5,1,1,1,3,2,1,0,taiwan_pride_treatment,control,2,,,2,,,1
R_4ar774fW1PHtXNV,55,0,11,2,3,1,5,3,10,5,8,0,2,2,12,0,,4,2,1,1,2,1,1,4,3,1,0,taiwan_pride_treatment,control,2,,,2,,,2
R_4OqaFGJQWRADkYR,64,0,1,3,1,1,3,3,10,7,10,0,2,0,18,1,5,,2,1,5,2,1,3,3,4,2,1,china_pride_treatment,independence_treatment,,3,,,3,1,
R_4BRQq7PQAv6cepj,55,1,2,4,1,1,6,3,10,8,10,0,2,2,4,0,,3,1,5,1,2,1,1,3,4,1,1,taiwan_pride_treatment,independence_treatment,3,,,3,,2,
R_4xzMD29RguvbqhU,64,1,1,2,2,1,2,1,10,0,10,1,1,0,24,1,5,,1,1,1,2,1,1,2,1,2,0,china_pride_treatment,control,,3,,,3,,2
R_4cGyYnF3A7IiRMZ,72,0,5,5,3,1,3,1,10,1,10,1,2,0,16,1,5,,1,5,5,1,1,3,3,3,2,0,china_pride_treatment,control,,1,,,1,,2
R_4G3yJVPQLmuPRPb,69,0,4,3,2,1,5,3,7,4,6,1,1,0,16,1,5,,1,1,1,1,1,3,3,1,1,0,taiwan_pride_treatment,control,4,,,4,,,3
R_4mgfiSWaZ2HBFUF,56,0,21,2,1,1,4,1,10,7,7,0,1,2,12,0,,5,1,2,5,2,1,1,4,4,0,1,control,independence_treatment,,,2,2,2,3,
R_46somEWP7KYWHL3,46,0,1,3,2,1,5,1,10,0,4,1,1,0,16,1,4,,2,1,1,2,1,1,2,1,2,1,china_pride_treatment,independence_treatment,,1,,,1,2,
R_41NRNblxtG8NPgj,88,1,22,4,1,1,5,1,10,5,10,2,1,2,16,1,6,,1,1,5,2,1,2,3,4,0,0,control,control,,,3,3,3,,2
R_4irUOPT8MqfNqsF,90,0,1,3,12,1,4,1,9,3,8,2,1,1,18,1,5,,1,1,5,2,1,1,3,2,0,1,control,independence_treatment,,,1,1,1,2,
R_4QaNvWr5MwJTmHU,43,0,1,3,1,1,6,3,10,0,10,0,2,2,16,0,,3,1,4,1,2,1,2,3,2,0,1,control,independence_treatment,,,3,3,3,1,
R_4D6ojtE3xXImMfj,78,1,2,5,11,1,4,1,9,7,6,1,1,0,16,1,5,,3,2,1,2,1,4,3,3,2,0,china_pride_treatment,control,,2,,,2,,2
R_4lMJQaLs1ZPY9RA,57,0,1,4,2,1,4,1,10,0,3,1,1,0,20,1,5,,1,1,1,1,1,3,3,1,0,0,control,control,,,3,3,3,,2
R_4ffOoflbV9j6pAF,72,1,2,3,12,1,6,3,10,5,10,0,1,1,16,1,5,,1,4,5,2,1,1,3,4,0,1,control,independence_treatment,,,3,3,3,4,
R_4EaD8gOg8j7Vyfg,69,0,7,2,2,1,6,3,10,8,10,1,1,1,18,1,5,,2,2,1,2,0,3,2,1,2,0,china_pride_treatment,control,,3,,,3,,2
R_4HcPLotm3yjlJKt,57,0,5,3,1,1,6,3,10,5,7,0,0,1,19,0,,3,2,1,5,1,1,1,3,2,2,1,china_pride_treatment,independence_treatment,,2,,,2,2,
R_4wcttlLtqqBZMvV,86,1,5,2,2,1,3,1,9,9,4,0,1,1,10,1,1,,1,1,5,5,1,1,2,1,2,1,china_pride_treatment,independence_treatment,,3,,,3,2,
R_4WSkDDXZyCB0F03,96,0,9,4,5,1,4,1,9,0,2,1,1,0,10,0,,2,2,1,5,2,1,3,3,4,2,1,china_pride_treatment,independence_treatment,,1,,,1,3,
R_4EbQ9aJ4kOtuvhe,55,0,4,2,1,1,1,2,10,10,10,0,0,1,16,0,,3,1,2,1,2,1,2,3,2,2,0,china_pride_treatment,control,,3,,,3,,2
R_4gN00AIEEsG6tjg,25,0,3,3,1,1,3,3,6,5,0,0,0,0,12,0,,3,1,4,1,8,0,1,2,4,1,0,taiwan_pride_treatment,control,3,,,3,,,2
R_4TBshIRQP0VErgl,57,0,4,4,12,1,5,1,10,0,4,1,1,0,18,1,6,,2,1,5,1,1,5,3,1,2,1,china_pride_treatment,independence_treatment,,3,,,3,3,
R_4QbJhnGKWRGkuED,85,0,1,5,6,1,2,1,10,0,4,1,2,0,16,1,5,,1,5,5,2,1,3,3,1,1,1,taiwan_pride_treatment,independence_treatment,2,,,2,,3,
R_4EGcAMLAi50yReU,46,1,1,3,12,1,6,3,10,10,10,1,1,1,9,0,,3,2,1,2,2,0,1,4,4,2,1,china_pride_treatment,independence_treatment,,3,,,3,2,
R_41tWv1lTXlaALJi,55,0,2,3,3,2,6,3,8,5,10,0,1,2,12,1,5,,1,7,1,2,1,3,3,4,0,0,control,control,,,2,2,2,,2
R_48mgnDzfVtKvMnD,74,1,1,4,12,1,4,1,10,0,7,1,2,0,16,1,5,,1,5,5,1,0,5,3,4,2,1,china_pride_treatment,independence_treatment,,1,,,1,2,
R_4h47yebbDXFrT4l,51,1,2,3,12,1,4,1,10,4,7,0,1,0,12,1,1,,1,4,1,2,1,3,3,2,2,0,china_pride_treatment,control,,1,,,1,,3
R_41NlhSmITr1CMGs,70,1,6,3,12,1,3,2,5,6,2,1,1,1,13,1,5,,2,1,1,2,1,1,3,3,1,1,taiwan_pride_treatment,independence_treatment,2,,,2,,3,
R_4cpaF1OARFbOg3u,54,1,1,3,1,1,5,1,8,3,8,2,1,0,12,1,5,,2,1,1,1,1,3,4,2,0,0,control,control,,,3,3,3,,3
R_4JlACc58LQteGSB,73,1,1,4,2,1,4,1,10,0,10,2,1,0,24,1,5,,1,1,1,1,1,3,3,1,1,0,taiwan_pride_treatment,control,3,,,3,,,2
R_45HCDPmO84gVw33,70,1,6,3,1,1,3,2,3,10,10,0,0,2,13,1,6,,2,1,1,1,1,1,3,2,1,1,taiwan_pride_treatment,independence_treatment,3,,,3,,1,
R_4HsMhcfBDKqLtyF,58,0,2,3,1,1,1,3,10,10,10,0,1,1,12,1,5,,1,4,5,2,1,2,4,4,2,1,china_pride_treatment,independence_treatment,,3,,,3,2,
R_491IpVPBqdENsE9,49,1,1,3,1,1,6,3,9,8,7,2,1,1,17,0,,3,1,1,1,2,1,2,2,2,2,1,china_pride_treatment,independence_treatment,,2,,,2,1,
R_4wsmJgce09s7BIn,47,0,12,3,4,1,5,3,10,9,10,0,1,0,14,0,,3,1,1,1,2,1,1,3,4,1,0,taiwan_pride_treatment,control,4,,,4,,,1
R_4cnI9XEmAZAFWQt,55,0,1,3,11,1,4,3,8,2,7,0,1,2,15,0,,3,2,4,5,2,1,5,3,1,1,0,taiwan_pride_treatment,control,4,,,4,,,2
R_4mfauchDgqT5VDE,57,1,1,4,3,1,6,4,5,5,8,1,1,0,16,1,5,,1,5,5,1,1,2,3,3,1,1,taiwan_pride_treatment,independence_treatment,1,,,1,,1,
R_4rxcWvM02IHjoCo,54,0,1,4,1,1,1,3,10,10,10,0,0,1,17,1,5,,1,1,3,2,1,3,3,2,1,0,taiwan_pride_treatment,control,3,,,3,,,2
R_41KGbLJeNAHgR7s,69,1,1,5,12,1,4,1,10,0,10,1,1,0,16,1,1,,1,1,5,2,1,2,4,1,2,1,china_pride_treatment,independence_treatment,,2,,,2,3,
R_4KBf6EahDkbGMPm,80,1,1,4,2,1,6,4,10,10,10,1,1,1,12,0,,1,1,1,5,3,0,1,1,1,2,1,china_pride_treatment,independence_treatment,,4,,,4,4,
R_4CfMANBsw2Vs73X,69,1,5,4,12,1,6,3,10,10,10,0,1,1,12,1,5,,2,4,1,1,1,3,3,4,1,1,taiwan_pride_treatment,independence_treatment,4,,,4,,2,
R_4LX5ZztdpOOINFA,42,0,2,3,1,1,3,3,4,10,10,0,2,1,16,1,5,,1,5,2,2,1,5,3,2,1,0,taiwan_pride_treatment,control,2,,,2,,,1
R_4ff371aTJQTMqwF,75,0,6,3,12,1,3,3,5,6,5,2,1,2,16,1,5,,1,1,5,2,1,3,5,4,2,1,china_pride_treatment,independence_treatment,,2,,,2,0,
R_41bObQMpygDmVOB,84,1,4,3,3,1,5,3,7,7,7,2,1,1,16,1,5,,1,1,5,1,1,3,3,3,1,0,taiwan_pride_treatment,control,3,,,3,,,3
R_4HnRbcuZGUul1NK,55,0,6,1,12,1,2,,10,0,5,1,1,0,14,1,5,,2,1,1,2,1,1,4,1,2,1,china_pride_treatment,independence_treatment,,3,,,3,3,
R_4npwWQCxQECbbwd,52,0,4,2,1,1,1,3,10,10,10,0,1,1,16,1,6,,1,1,1,2,1,3,2,2,0,0,control,control,,,3,3,3,,2
R_4PFucwrMIETaf9p,57,0,1,3,1,1,3,3,10,8,10,0,0,1,16,1,5,,1,1,1,1,1,1,3,4,0,1,control,independence_treatment,,,3,3,3,1,
R_4hrRzHFFRnBMvmX,42,0,6,4,12,1,5,1,10,5,10,2,1,0,13,0,,3,1,4,1,1,1,3,3,2,1,0,taiwan_pride_treatment,control,4,,,4,,,2
R_4OidfjwId7OCsoa,56,1,1,5,2,1,5,1,10,0,5,1,1,0,20,1,1,,1,1,1,2,1,3,1,1,2,1,china_pride_treatment,independence_treatment,,2,,,2,1,
R_4kzvzCdfh7D1Eus,79,0,1,5,10,1,2,1,10,0,0,1,1,0,16,1,5,,1,1,4,1,1,5,3,1,1,1,taiwan_pride_treatment,independence_treatment,3,,,3,,3,
R_4n0EiWQoF6Wg57r,38,0,21,3,1,1,3,3,7,10,10,0,0,0,16,0,,3,1,4,1,2,1,1,3,2,1,0,taiwan_pride_treatment,control,2,,,2,,,1
R_4avNBaA2Jajjqz7,55,0,6,3,2,1,6,1,10,2,1,0,1,2,14,1,4,,2,1,5,1,1,5,4,1,2,1,china_pride_treatment,independence_treatment,,3,,,3,2,
R_4qqsoqJm7hXdShM,41,0,1,3,2,1,4,1,10,0,4,1,1,0,16,1,1,,2,2,1,2,1,2,3,1,0,0,control,control,,,3,3,3,,1
R_4e96EbEbUk6EyBd,75,0,2,4,9,1,4,1,8,0,3,2,1,0,19,1,5,,1,1,5,2,1,2,4,1,0,1,control,independence_treatment,,,1,1,1,1,
R_4WGQGv3dVeHyCyd,45,0,4,3,1,1,1,2,6,10,10,0,0,1,18,0,,3,1,4,1,1,1,1,3,2,1,1,taiwan_pride_treatment,independence_treatment,1,,,1,,4,
R_4EgnNFCsSX6YoeC,39,0,5,3,1,1,5,3,10,10,10,0,2,1,16,0,,3,2,4,1,3,1,1,4,2,0,0,control,control,,,2,2,2,,1
R_4nxcJAHhuyzibBN,79,1,1,4,12,1,6,3,10,6,10,0,2,2,16,1,5,,1,5,5,1,1,1,3,2,1,0,taiwan_pride_treatment,control,3,,,3,,,3
R_4CrIleNRaiNuys7,45,0,6,3,1,1,6,3,5,5,10,0,2,2,17,0,,3,1,5,1,2,1,1,2,2,0,1,control,independence_treatment,,,3,3,3,1,
R_4R9cZDf8eiL99iG,72,1,1,3,12,1,6,3,8,5,9,0,1,1,16,1,5,,1,1,5,2,1,3,3,4,2,1,china_pride_treatment,independence_treatment,,2,,,2,1,
R_4zmLyadFFSxbpL3,54,0,1,4,2,1,4,1,10,1,9,1,1,0,14,1,5,,1,1,1,2,1,2,3,1,0,1,control,independence_treatment,,,2,2,2,3,
R_447bGTbnXsF33a3,44,0,2,2,2,1,4,1,10,0,5,1,1,0,18,0,,3,2,1,1,2,1,1,2,1,1,0,taiwan_pride_treatment,control,4,,,4,,,2
R_44LZiCJAaArUIJk,57,1,1,3,12,1,4,3,10,5,10,0,2,2,16,1,6,,3,2,5,1,1,1,3,4,1,1,taiwan_pride_treatment,independence_treatment,1,,,1,,1,
R_4CvylxHD0Dad8uR,52,0,1,4,2,1,4,1,10,0,0,1,1,0,20,1,5,,2,1,1,2,1,4,2,1,2,0,china_pride_treatment,control,,3,,,3,,1
R_4O7wlrlBHxyBIxL,56,0,5,3,1,1,3,3,10,6,10,0,0,0,16,1,5,,2,1,1,2,1,3,3,2,2,0,china_pride_treatment,control,,2,,,2,,1
R_497dDqBl84dnRxQ,57,0,5,3,2,1,4,1,10,1,5,1,1,0,20,1,5,,1,1,1,2,1,5,2,1,2,0,china_pride_treatment,control,,3,,,3,,2
R_4GZWPzLpwrcczpC,60,0,2,2,12,1,5,3,10,6,10,2,1,2,22,1,4,,1,5,1,1,1,5,4,1,1,1,taiwan_pride_treatment,independence_treatment,1,,,1,,2,
R_4im1yJfDj6NEJ9L,56,0,20,4,2,1,3,1,9,2,8,1,1,0,15,1,6,,1,1,1,2,1,1,3,4,0,1,control,independence_treatment,,,2,2,2,3,
R_4wLkeCr6Ktvw2rv,55,1,21,3,12,1,5,3,5,5,5,0,1,2,16,0,,1,1,1,5,2,1,1,2,2,1,0,taiwan_pride_treatment,control,2,,,2,,,1
R_4q3Jh3zEmeXuy5z,52,0,1,3,1,1,5,3,9,6,10,2,1,1,16,1,5,,1,1,1,2,1,2,3,2,1,0,taiwan_pride_treatment,control,2,,,2,,,1
R_4DFwO0G4MQyBp2F,46,0,6,2,2,1,2,1,10,0,9,1,1,0,16,1,5,,2,1,1,2,1,2,2,1,1,1,taiwan_pride_treatment,independence_treatment,4,,,4,,3,
R_43atYQNv1ByjvIF,40,0,9,4,2,1,4,1,10,0,5,1,1,0,12,0,,3,2,1,1,2,1,1,4,1,2,1,china_pride_treatment,independence_treatment,,3,,,3,3,
R_4hLRuxQ5Hg5okB8,54,1,3,3,2,1,2,1,10,0,7,1,1,0,12,1,5,,1,2,1,1,1,3,4,1,0,0,control,control,,,2,2,2,,1
R_42d0NdPIUcc4JDX,56,0,4,2,1,1,6,3,10,10,10,0,1,1,16,1,5,,1,1,1,1,1,2,3,4,2,0,china_pride_treatment,control,,4,,,4,,1
R_4PblmCkLfgFpSKq,72,0,6,4,2,1,2,1,10,0,10,1,1,0,17,1,6,,1,1,1,1,1,1,4,3,2,1,china_pride_treatment,independence_treatment,,3,,,3,1,
R_46luFehLmqB8JsJ,54,0,5,3,1,1,5,3,10,10,10,0,1,1,25,1,5,,1,5,1,2,1,2,3,2,0,1,control,independence_treatment,,,2,2,2,2,
R_4XzWJp5fwGmuRRD,56,1,9,3,12,1,5,3,4,4,5,0,0,0,25,1,5,,1,1,1,2,1,3,4,1,1,0,taiwan_pride_treatment,control,4,,,4,,,3
R_41RWVLati0YwAyn,56,1,13,3,11,1,6,1,10,0,5,0,1,0,13,0,,4,1,4,1,1,1,5,3,4,0,1,control,independence_treatment,,,1,1,1,1,
R_4jvmP66FmZfHzP7,65,1,2,4,2,1,3,1,8,8,9,1,1,1,9,1,5,,2,2,1,1,1,3,3,1,0,0,control,control,,,1,1,1,,3
R_4nDVE5tpmilayWJ,57,1,3,3,1,1,5,3,10,10,10,2,1,1,16,1,1,,1,2,1,2,1,3,3,2,1,0,taiwan_pride_treatment,control,2,,,2,,,2
R_406jzHlfkZ2mBJi,69,1,2,3,1,2,4,3,2,3,4,1,0,2,9,1,4,,2,5,1,3,0,3,5,2,1,1,taiwan_pride_treatment,independence_treatment,3,,,3,,2,
R_4G4JjrAqeXnLzVf,48,1,2,1,1,1,3,3,9,9,9,0,0,1,9,1,5,,1,4,5,2,1,1,2,2,0,1,control,independence_treatment,,,2,2,2,2,
R_4mWUqxptvA2TQKj,55,0,3,4,12,1,3,3,10,8,10,0,2,2,16,0,,3,1,4,1,1,1,2,3,4,1,1,taiwan_pride_treatment,independence_treatment,2,,,2,,0,
R_4Fnwpcod8CPKgWg,55,0,5,4,7,1,2,1,10,0,0,1,1,0,16,1,5,,2,1,1,1,1,2,4,4,1,1,taiwan_pride_treatment,independence_treatment,4,,,4,,4,
R_42sths7pfkl57Fs,52,0,7,3,3,1,6,3,8,8,8,0,0,0,18,1,5,,1,1,1,1,1,2,4,2,2,0,china_pride_treatment,control,,4,,,4,,1
R_45Xia1t83sT58je,46,0,5,4,1,1,5,3,10,8,8,0,1,1,16,0,,3,1,1,1,2,1,2,4,2,2,1,china_pride_treatment,independence_treatment,,2,,,2,2,
R_4Qc6MmfH16UZOHz,65,1,2,4,12,1,4,3,10,10,10,2,1,2,15,1,5,,1,1,5,1,1,1,3,2,0,1,control,independence_treatment,,,3,3,3,2,
R_4HTA6VOU49Yo6zf,46,0,1,3,12,1,6,1,10,7,10,2,1,2,16,1,1,,7,1,4,1,1,3,1,1,2,1,china_pride_treatment,independence_treatment,,3,,,3,3,
R_4oz2DM480RpDb9l,49,0,21,3,7,1,5,3,10,10,10,0,1,1,16,0,,3,1,1,1,2,1,2,4,2,1,0,taiwan_pride_treatment,control,3,,,3,,,2
R_4EYV61vFhXpBFMa,57,0,4,2,1,1,5,3,10,10,10,1,1,1,14,1,5,,2,1,2,3,1,1,5,2,1,1,taiwan_pride_treatment,independence_treatment,3,,,3,,2,
R_4QLeISaUETbluQV,56,0,1,3,3,1,5,3,10,10,10,0,1,1,14,1,5,,1,5,1,1,0,3,4,4,2,0,china_pride_treatment,control,,4,,,4,,1
R_4yw2JYD4tBv9ZSN,44,0,14,1,1,1,3,1,7,7,7,0,1,1,18,0,,3,2,1,3,3,1,1,3,2,1,0,taiwan_pride_treatment,control,2,,,2,,,2
R_4Q6qJOBkjkSEntP,56,1,1,4,12,1,6,3,10,7,7,2,1,2,18,0,,1,1,1,1,2,1,2,3,1,2,0,china_pride_treatment,control,,1,,,1,,1
R_42x0njwI1yP5umh,53,0,20,4,1,1,4,1,10,0,1,0,1,2,14,0,,3,2,1,1,2,1,2,3,2,1,0,taiwan_pride_treatment,control,3,,,3,,,2
R_4jWfddldRGXwJ5t,54,0,9,3,1,1,6,3,8,5,9,0,2,2,12,1,1,,1,1,1,2,1,1,3,2,0,1,control,independence_treatment,,,3,3,3,1,
R_49U0d8f0VMi0zeN,49,0,6,3,1,1,3,3,5,5,10,0,1,1,18,1,5,,1,4,1,2,1,5,3,4,1,0,taiwan_pride_treatment,control,3,,,3,,,1
R_4lctGToFofAjTtm,49,0,2,3,1,1,6,3,5,7,8,0,0,0,14,0,,3,1,1,1,1,1,1,3,2,2,1,china_pride_treatment,independence_treatment,,4,,,4,4,
R_4CBpQiYBqV6PUsF,49,1,1,3,3,1,3,3,10,10,10,0,1,1,15,1,1,,1,4,2,2,1,5,3,3,1,1,taiwan_pride_treatment,independence_treatment,4,,,4,,3,
R_4dyGckVMXKzgG0O,49,1,5,3,1,1,5,3,7,5,10,0,1,0,15,0,,3,1,1,1,2,1,2,2,2,2,0,china_pride_treatment,control,,2,,,2,,1
R_4D5bklB3Fosh9vW,62,1,6,3,12,1,6,1,10,0,9,2,1,0,12,1,5,,2,1,1,4,1,3,5,4,2,1,china_pride_treatment,independence_treatment,,2,,,2,0,
R_4fNwLbVdYEWfaMK,77,1,2,4,3,1,6,1,10,5,10,0,1,2,15,1,5,,1,1,4,1,1,1,3,4,2,0,china_pride_treatment,control,,3,,,3,,2
R_4QMJ5IsjEOiyGTi,57,1,8,4,1,1,6,1,8,3,7,2,1,2,12,1,5,,3,2,5,2,1,1,4,4,2,1,china_pride_treatment,independence_treatment,,3,,,3,2,
R_4GprKZPUejtUayI,77,0,2,3,3,1,4,1,10,0,7,1,1,0,16,1,5,,1,1,5,2,1,1,4,3,2,0,china_pride_treatment,control,,3,,,3,,1
R_4TttKj7WKqQUVIN,90,0,2,4,1,1,6,3,8,6,7,0,1,0,18,1,5,,1,1,4,3,1,3,3,2,1,0,taiwan_pride_treatment,control,3,,,3,,,1
R_4dsiGNwnfAP1ZeR,87,0,1,3,12,1,5,1,8,5,7,1,1,0,13,1,5,,1,1,5,1,1,3,4,4,0,1,control,independence_treatment,,,2,2,2,1,
R_4MztnZRowdvQneh,67,0,2,3,12,1,6,3,10,7,10,2,2,2,23,1,5,,1,1,5,2,1,1,4,,2,1,china_pride_treatment,independence_treatment,,2,,,2,0,
R_4M6mTy01sJlDc1r,83,1,4,3,12,1,4,1,10,0,10,1,1,0,22,1,1,,2,1,1,1,1,1,3,4,0,0,control,control,,,3,3,3,,2
R_4ML41XpkZs2L1PP,70,1,3,2,12,1,3,4,5,5,5,0,0,0,15,1,6,,1,1,1,1,1,2,3,4,2,0,china_pride_treatment,control,,1,,,1,,0
R_4mmVMj1c722W9oR,75,1,4,3,1,1,6,3,10,10,10,0,1,1,16,1,5,,1,1,1,2,1,1,3,2,1,1,taiwan_pride_treatment,independence_treatment,2,,,2,,1,
R_4ZOM6pbFNd94Od8,83,1,6,4,1,1,4,3,5,4,6,1,1,1,12,0,,1,1,5,5,1,1,1,2,4,1,1,taiwan_pride_treatment,independence_treatment,2,,,2,,2,
R_4Se2pHCBuHqBtNn,73,0,4,4,12,1,4,3,9,8,10,2,0,0,16,1,5,,1,1,1,2,0,2,4,4,1,1,taiwan_pride_treatment,independence_treatment,3,,,3,,1,
R_4V8zS6gOLWqchit,64,0,3,3,2,1,6,1,9,1,2,0,1,0,16,1,5,,2,1,2,1,1,5,3,1,0,1,control,independence_treatment,,,3,3,3,2,
R_4tDCfTJWXNTaYo1,88,1,5,3,2,1,4,1,10,0,8,1,1,0,16,1,5,,1,1,5,1,1,3,3,4,2,0,china_pride_treatment,control,,3,,,3,,2
R_4PG3ff7jPlS3Zbo,61,0,1,4,1,1,5,1,8,2,10,0,1,2,18,1,5,,1,5,1,2,1,1,3,2,1,1,taiwan_pride_treatment,independence_treatment,4,,,4,,1,
R_414GxGbBnsy7dDv,91,0,4,3,1,1,6,3,10,7,10,2,1,1,15,0,,2,1,2,5,1,1,3,3,4,0,0,control,control,,,3,3,3,,1
R_4OjVAu4daBDG7bX,76,0,1,4,3,1,3,1,7,1,9,2,2,0,12,0,,5,2,1,5,1,1,2,5,3,1,0,taiwan_pride_treatment,control,1,,,1,,,1
R_4Bb7nz9E37t5PHX,86,0,11,4,3,1,6,1,9,1,1,2,1,0,12,1,5,,1,1,4,2,1,3,4,3,1,0,taiwan_pride_treatment,control,1,,,1,,,1
R_4sh9FqYGf8CKXC8,78,0,1,2,3,1,5,1,10,2,10,1,1,2,18,1,5,,1,1,5,1,1,1,4,3,1,0,taiwan_pride_treatment,control,4,,,4,,,3
R_49sMccjaFzaRZRd,89,1,4,4,3,1,3,1,10,0,3,1,1,0,16,0,,5,1,1,5,2,1,3,4,3,0,0,control,control,,,2,2,2,,1
R_4hrUir4hw8yt07n,61,0,4,3,1,1,5,3,10,5,10,0,1,0,12,1,5,,2,4,4,2,1,1,4,2,0,0,control,control,,,3,3,3,,2
R_4Dv4N1jxmyUzzgY,51,0,3,3,1,1,6,3,10,6,9,0,1,2,12,0,,3,1,1,2,1,1,1,4,4,2,1,china_pride_treatment,independence_treatment,,3,,,3,1,
R_4nGYjIF5DnMLw8l,44,1,4,3,2,1,6,1,10,0,7,2,1,0,12,1,5,,2,1,1,2,1,5,3,1,0,1,control,independence_treatment,,,3,3,3,2,
R_46rotTvpdXAwczT,79,0,5,3,1,1,2,3,9,7,10,1,1,2,16,1,5,,1,5,5,2,1,2,4,4,1,0,taiwan_pride_treatment,control,4,,,4,,,2
R_4QFByiTdvUJfBK4,68,0,2,3,1,1,5,3,10,10,10,0,1,1,16,1,5,,1,1,5,2,1,5,3,2,2,1,china_pride_treatment,independence_treatment,,4,,,4,1,
R_4ZVc1fNut0YKdNK,81,0,1,3,2,1,4,1,10,0,5,1,1,0,16,1,5,,1,5,5,1,1,3,3,1,1,0,taiwan_pride_treatment,control,2,,,2,,,3
R_4AuACc1ZUdKfrs5,82,0,4,5,3,1,4,1,8,1,7,1,1,0,16,1,1,,1,5,5,1,1,3,3,3,2,0,china_pride_treatment,control,,1,,,1,,2
R_4cy6MXufeXEIlmp,77,0,4,4,1,1,3,3,8,9,9,1,1,1,16,1,4,,2,1,5,2,1,3,2,2,2,1,china_pride_treatment,independence_treatment,,2,,,2,2,
R_4FrpTU1Pg0ylwKY,90,0,3,5,3,1,1,2,8,7,6,2,0,1,12,1,5,,1,7,5,1,1,1,4,3,2,1,china_pride_treatment,independence_treatment,,4,,,4,2,
R_4dt1drSPll88otY,61,1,1,2,1,1,1,3,6,8,8,0,1,1,16,1,5,,1,4,1,1,1,2,3,2,1,1,taiwan_pride_treatment,independence_treatment,3,,,3,,1,
R_4McES8fvW2m2nlk,79,0,9,4,6,1,2,1,10,0,0,1,1,0,12,1,5,,1,1,5,1,1,1,3,1,1,1,taiwan_pride_treatment,independence_treatment,2,,,2,,2,
R_4mUtzC9ZiJsm6Nr,44,0,6,2,1,1,3,3,8,8,8,0,0,1,18,0,,3,1,1,1,1,1,5,2,2,0,1,control,independence_treatment,,,2,2,2,2,
R_4zbXeDZ6P0AvKlr,94,1,9,3,1,1,6,1,10,0,0,0,1,0,12,1,5,,1,1,5,2,1,1,3,4,0,0,control,control,,,3,3,3,,1
R_4HczHvjHFp25Hkv,77,0,12,3,12,1,5,3,10,6,10,1,1,1,9,1,5,,1,1,5,2,1,2,2,2,2,1,china_pride_treatment,independence_treatment,,2,,,2,2,
R_4JgG56zKP7ahBO7,72,1,13,2,3,1,5,1,10,1,10,0,1,0,16,1,6,,1,1,5,1,1,3,4,3,0,1,control,independence_treatment,,,2,2,2,1,
R_44PXssxospA3FZf,92,0,3,4,1,1,5,1,10,0,10,1,1,2,18,1,5,,1,1,5,2,1,1,3,1,2,0,china_pride_treatment,control,,4,,,4,,2
R_4mkC53mCQSlQk9o,87,1,1,5,3,1,4,1,10,0,10,2,1,0,14,0,,5,1,1,5,1,1,3,4,3,2,0,china_pride_treatment,control,,3,,,3,,1
R_4mlO4FqIeC5FPYn,82,0,15,3,3,1,2,1,9,1,0,1,0,2,19,0,,5,1,1,5,2,1,5,4,3,2,1,china_pride_treatment,independence_treatment,,1,,,1,3,
R_4Ffb9luZrV1w9Qd,43,0,1,2,1,1,5,3,6,6,10,0,1,1,18,0,,3,1,2,1,2,1,2,3,2,0,1,control,independence_treatment,,,3,3,3,2,
R_4UkNWHe5uVNxCRH,72,0,1,4,2,1,4,1,10,0,7,1,1,0,16,1,5,,1,1,1,2,1,2,3,1,0,0,control,control,,,3,3,3,,2
R_4K3ZHzt5HRnPZ0X,84,0,3,4,3,1,5,3,6,4,10,2,2,2,12,1,5,,1,2,5,2,1,3,4,4,2,1,china_pride_treatment,independence_treatment,,2,,,2,2,
R_4Ej6EAbVujFBwOZ,71,1,2,5,3,1,2,1,10,1,7,1,1,0,16,1,5,,1,5,1,1,1,3,3,3,1,1,taiwan_pride_treatment,independence_treatment,4,,,4,,2,
R_4kzGzg6gU0fT7fc,61,0,3,2,1,1,5,3,10,3,10,1,1,0,16,0,,1,1,1,1,2,1,2,3,2,0,0,control,control,,,3,3,3,,1
R_41hnQo3iFcRrOlS,72,1,3,4,2,1,6,1,10,0,5,2,1,0,16,1,5,,2,1,1,2,1,1,3,1,0,1,control,independence_treatment,,,2,2,2,2,
R_4QWrtR50SIZRZ9T,72,0,2,5,1,1,1,1,10,10,10,1,1,0,20,1,1,,1,1,5,2,1,1,1,4,1,0,taiwan_pride_treatment,control,2,,,2,,,2
R_4rODrE8a0izEzpY,70,0,4,3,3,1,5,1,10,0,10,0,0,0,18,1,5,,1,1,1,1,1,3,3,3,2,0,china_pride_treatment,control,,2,,,2,,1
R_4ezPMXV0GubJhIm,69,0,6,4,3,1,5,3,10,8,10,1,1,1,20,1,5,,1,1,1,2,1,3,3,3,1,0,taiwan_pride_treatment,control,2,,,2,,,2
R_4xYnKayCMb9cms1,85,0,4,3,2,1,4,1,10,1,8,1,1,0,18,1,5,,1,2,5,2,1,2,4,1,1,0,taiwan_pride_treatment,control,3,,,3,,,1
R_4D1r0hbShz4luLL,73,0,1,4,2,1,4,1,10,0,1,1,1,0,16,1,5,,2,1,1,2,1,3,4,1,2,1,china_pride_treatment,independence_treatment,,3,,,3,4,
R_4FbRB5nZvK2sX3r,83,0,1,1,3,1,5,2,8,7,3,2,2,2,16,1,1,,2,7,5,2,1,3,4,4,1,1,taiwan_pride_treatment,independence_treatment,1,,,1,,3,
R_42Erv73lJHO0AIo,83,0,3,4,12,1,4,1,9,3,4,1,1,0,11,1,6,,1,1,5,1,1,3,3,4,0,1,control,independence_treatment,,,2,2,2,2,
R_4dbGKNa3bDKNlNM,42,1,1,3,1,1,1,3,6,6,10,0,0,1,16,0,,3,1,4,1,2,1,1,4,2,2,0,china_pride_treatment,control,,3,,,3,,2
R_49xicNuP8AyVe3T,71,1,3,3,1,1,6,3,6,6,7,0,0,0,9,1,5,,1,2,5,1,1,1,4,2,0,0,control,control,,,2,2,2,,1
R_4G1l9ALxGftrmto,84,1,13,4,2,1,5,1,10,0,9,1,1,0,16,1,6,,2,1,5,2,1,1,3,1,1,0,taiwan_pride_treatment,control,4,,,4,,,2
R_4fiSzQcZuABUgkA,57,0,22,4,1,1,5,3,10,10,10,0,1,1,19,1,6,,1,4,1,1,1,1,2,2,0,0,control,control,,,2,2,2,,2
R_4Ibi2n7FC3Ug4mD,83,0,2,4,2,1,4,1,10,0,10,1,1,0,22,1,5,,1,1,1,1,1,3,2,1,0,0,control,control,,,3,3,3,,1
R_4cdD5nV4dHYYNJb,43,0,1,3,2,1,5,1,10,0,7,0,1,0,20,0,,3,1,1,1,2,0,2,2,1,1,0,taiwan_pride_treatment,control,3,,,3,,,1
R_4eQKTdIHzOz700i,90,0,3,4,3,1,4,1,10,2,10,1,1,0,12,1,5,,1,2,5,1,1,3,3,3,2,1,china_pride_treatment,independence_treatment,,3,,,3,2,
R_4NxHAsBgWIhpxVl,78,0,6,3,12,1,5,1,10,5,10,1,0,0,20,1,5,,1,3,2,1,1,5,3,4,0,1,control,independence_treatment,,,1,1,1,2,
R_4HdS2kf6V1LUcPv,83,1,14,5,5,1,2,3,8,0,10,1,1,2,4,1,5,,1,1,4,2,1,1,3,3,2,0,china_pride_treatment,control,,3,,,3,,2
R_4mn67tLxYZu9d4Z,80,0,6,3,1,1,3,3,10,10,10,0,1,1,12,1,5,,3,2,1,4,1,1,3,3,1,0,taiwan_pride_treatment,control,3,,,3,,,2
R_4ErRekHnhiVCi0Q,69,1,20,5,1,1,6,3,10,5,10,2,1,2,12,1,5,,1,5,2,1,1,3,4,2,2,1,china_pride_treatment,independence_treatment,,2,,,2,0,
R_4QzoJOWGrfSLSZr,72,0,5,4,2,1,4,1,10,6,10,1,1,2,20,1,5,,1,1,5,2,1,5,4,1,1,0,taiwan_pride_treatment,control,3,,,3,,,1
R_4rvJU8uDO92HAuH,60,1,7,3,1,1,1,1,10,8,10,0,1,0,12,1,5,,1,5,1,1,1,1,3,2,1,0,taiwan_pride_treatment,control,3,,,3,,,3
R_4PuiRzwzMFPZahs,67,0,1,2,3,1,3,3,3,7,10,0,0,1,16,1,5,,1,1,2,2,1,3,5,3,2,0,china_pride_treatment,control,,2,,,2,,0
R_4QzsvPCziZbS0Fv,74,0,5,3,1,1,3,3,10,10,10,0,2,2,16,1,5,,1,1,1,2,1,3,3,2,1,0,taiwan_pride_treatment,control,1,,,1,,,1
R_4tnZcF4jSIWAZ1y,69,0,3,5,2,1,4,1,10,0,0,1,1,0,15,1,5,,4,3,1,1,1,1,2,1,0,0,control,control,,,3,3,3,,2
R_4aPRadfytx8cKhl,59,0,2,4,3,1,5,1,10,0,5,2,0,0,19,1,6,,1,1,1,2,1,5,3,4,2,0,china_pride_treatment,control,,3,,,3,,3
R_4iQJZVQL1of2vTo,50,1,6,3,12,1,6,3,10,10,10,0,1,1,16,1,1,,1,1,5,1,1,5,3,4,1,1,taiwan_pride_treatment,independence_treatment,3,,,3,,1,
R_4z8SoBNxAU86fxg,63,0,9,4,3,1,6,3,10,4,7,0,1,2,14,1,5,,1,1,1,2,1,2,3,3,2,0,china_pride_treatment,control,,1,,,1,,1
R_4qvEet08gGBj6SI,79,0,4,5,2,1,4,1,9,1,10,1,1,0,16,1,4,,1,1,1,2,1,3,2,1,0,1,control,independence_treatment,,,3,3,3,4,
R_4oBGGK4erPVjo5A,63,0,1,4,1,1,3,3,7,6,7,0,1,1,15,1,5,,1,2,1,1,1,2,3,2,1,1,taiwan_pride_treatment,independence_treatment,2,,,2,,1,
R_4WISKLvjiasthD6,79,0,1,4,1,1,5,1,8,5,8,2,1,2,16,1,5,,1,1,1,2,1,3,2,2,2,1,china_pride_treatment,independence_treatment,,3,,,3,3,
R_43ew534UXs2qczq,68,1,2,5,2,1,2,1,10,10,10,1,1,0,17,0,,1,1,1,1,2,1,1,4,1,1,1,taiwan_pride_treatment,independence_treatment,4,,,4,,4,
R_4Q6KrDWKn230Rw8,79,0,1,3,3,1,6,3,9,6,9,0,1,2,16,1,6,,1,1,1,2,1,3,2,3,1,0,taiwan_pride_treatment,control,4,,,4,,,2
R_4PhdV7piVCLNjL8,89,0,4,4,2,1,5,1,10,0,10,1,1,1,18,1,6,,1,8,5,2,1,2,3,4,2,0,china_pride_treatment,control,,3,,,3,,1
R_4zUU08VzS9jTOMN,81,0,2,4,1,1,3,3,10,10,10,0,1,1,16,1,5,,1,1,1,1,1,3,3,4,2,1,china_pride_treatment,independence_treatment,,1,,,1,0,
R_4GfI1emcQ9eg5K9,76,1,2,3,11,1,5,1,9,2,9,2,1,0,16,1,5,,1,2,4,2,1,2,3,4,2,0,china_pride_treatment,control,,4,,,4,,3
R_4EAwrcNRWhp8k3a,75,1,3,3,2,1,6,1,9,1,7,0,1,0,16,1,5,,1,2,1,2,1,3,3,1,2,1,china_pride_treatment,independence_treatment,,3,,,3,3,
R_40oY5jR22DhtvIT,75,0,3,3,3,1,6,3,10,7,10,0,0,0,18,1,5,,2,1,5,2,1,3,3,3,0,1,control,independence_treatment,,,3,3,3,2,
R_48LJ9UJZtkja7wT,88,0,11,5,11,1,5,1,8,0,4,2,1,0,12,1,1,,1,1,5,1,1,3,2,4,0,1,control,independence_treatment,,,3,3,3,3,
R_40BaQehxC6MxUL7,65,1,2,3,1,1,6,3,4,6,7,2,0,2,16,1,5,,1,5,1,1,1,3,2,2,0,1,control,independence_treatment,,,3,3,3,1,
R_4y8Vo9qALZBD2K1,85,0,11,5,2,1,4,1,10,0,10,1,1,0,14,1,6,,1,1,5,3,1,3,3,1,1,1,taiwan_pride_treatment,independence_treatment,2,,,2,,2,
R_4dsYkz34g65bYEh,64,0,1,5,1,1,3,3,10,10,10,0,1,1,12,1,5,,1,1,1,2,1,1,3,2,1,0,taiwan_pride_treatment,control,1,,,1,,,3
R_4DlJuQbhmHlYyVr,69,1,1,4,3,1,5,1,10,0,7,0,1,0,16,1,5,,1,1,5,2,1,3,4,3,1,1,taiwan_pride_treatment,independence_treatment,3,,,3,,2,
R_4NahpoHE78z760h,56,0,3,3,1,1,3,3,8,8,10,0,1,1,21,1,1,,1,4,1,1,1,3,2,2,2,0,china_pride_treatment,control,,4,,,4,,3
R_4BRa2DjhuvZcI8s,56,0,14,3,12,1,3,3,7,5,10,2,2,2,18,1,5,,1,1,1,2,1,5,3,2,2,1,china_pride_treatment,independence_treatment,,2,,,2,1,
R_4tauG80zbD5gLOz,86,1,2,4,1,1,5,3,6,5,5,0,1,1,11,1,1,,1,2,4,2,1,1,3,2,2,1,china_pride_treatment,independence_treatment,,4,,,4,0,
R_4uPinIZS3XWbChz,77,1,2,5,3,1,5,3,10,5,8,1,1,1,15,0,,1,1,1,1,1,1,2,3,3,1,0,taiwan_pride_treatment,control,3,,,3,,,1
R_4ES7EnoQUl8VE8M,68,0,3,3,1,1,3,1,7,3,4,0,1,2,16,1,5,,1,2,1,2,1,1,5,4,2,0,china_pride_treatment,control,,3,,,3,,0
R_4ochjwhUZCv5d5e,83,0,2,4,3,1,5,1,5,2,1,1,0,0,16,1,5,,1,1,5,1,1,2,4,4,0,0,control,control,,,0,0,0,,0
R_4SMJST7yBp02OvD,65,0,2,3,1,1,5,3,5,5,10,0,0,0,16,0,,3,1,1,2,1,1,1,3,2,1,1,taiwan_pride_treatment,independence_treatment,3,,,3,,1,
R_4npcD7B0shiVG8x,77,1,5,3,3,1,4,1,10,0,7,2,1,2,16,0,,1,2,1,1,1,1,3,4,3,2,1,china_pride_treatment,independence_treatment,,2,,,2,1,
R_42YmFVjx2au2cxX,50,0,6,2,1,1,3,3,10,8,10,0,1,0,16,0,,3,2,1,2,1,1,2,3,2,2,1,china_pride_treatment,independence_treatment,,2,,,2,1,
R_47rwqmdqRSFAGwF,70,1,12,2,12,1,3,,8,10,10,2,2,2,16,1,5,,2,1,1,2,1,2,4,4,1,1,taiwan_pride_treatment,independence_treatment,1,,,1,,1,
R_4gtPKuevKvnVUzG,76,1,1,3,1,1,6,3,9,6,9,1,2,1,12,1,6,,1,1,5,1,0,3,3,2,0,0,control,control,,,1,1,1,,1
R_47m9kNkpCgDpFhZ,67,1,9,3,2,1,4,1,10,0,10,1,1,0,16,1,5,,2,1,5,1,1,1,3,1,2,1,china_pride_treatment,independence_treatment,,2,,,2,2,
R_4PiFy2TEdBF4ywF,72,0,1,3,3,1,5,1,10,0,9,0,1,0,16,1,5,,1,1,1,2,1,3,3,3,0,1,control,independence_treatment,,,3,3,3,3,
R_4LpxFuQtNLJPYey,73,0,11,3,2,1,4,1,7,0,6,2,1,2,18,1,5,,2,1,5,1,1,3,3,1,0,0,control,control,,,3,3,3,,1
R_4Xmn6QkuhJoEuEi,79,1,7,3,12,1,4,1,8,0,7,1,1,0,12,1,6,,1,5,1,1,1,3,3,1,0,0,control,control,,,2,2,2,,2
R_4MRneDJYLUzjfm9,66,0,7,3,2,1,6,1,6,4,7,2,2,2,16,1,5,,1,5,1,1,1,1,3,1,0,1,control,independence_treatment,,,1,1,1,4,
R_4kxAWyhmVniZgrv,49,0,2,5,2,1,3,1,10,10,10,1,1,0,14,0,,3,2,1,1,1,1,3,2,1,0,0,control,control,,,3,3,3,,1
R_4O35lAPKyYbm0xk,86,1,1,3,3,1,6,1,10,0,5,0,2,2,12,1,5,,1,2,5,1,1,3,5,3,0,0,control,control,,,2,2,2,,1
R_4aY1O0kZhXcL3Tt,86,1,6,3,2,1,4,1,10,0,9,1,1,0,16,1,6,,1,1,5,2,1,1,3,1,1,0,taiwan_pride_treatment,control,1,,,1,,,2
R_4h9DtE3MXK63yds,80,0,4,3,12,1,5,3,7,6,8,2,1,2,15,1,5,,1,1,1,2,1,1,3,4,1,0,taiwan_pride_treatment,control,4,,,4,,,2
R_4PwpwkEeDI3FLnb,65,0,2,4,1,1,3,3,10,10,10,0,1,1,22,1,5,,1,1,1,2,1,1,3,2,1,0,taiwan_pride_treatment,control,4,,,4,,,2
R_4rk1YMnOCmY1IqX,62,1,5,3,2,1,6,1,0,10,10,2,1,2,14,1,5,,2,1,1,1,1,1,4,1,2,0,china_pride_treatment,control,,1,,,1,,1
R_42gMVIeh60vI4YA,76,0,3,3,2,1,6,1,10,4,6,2,1,2,16,1,5,,1,2,1,1,1,1,4,1,0,1,control,independence_treatment,,,2,2,2,1,
R_4ctOKZsBiiQPw6h,70,1,5,3,2,1,4,1,7,0,6,1,1,0,10,1,5,,1,1,5,2,1,1,3,1,0,1,control,independence_treatment,,,3,3,3,3,
R_4ZZDZJhKkGQZsVH,57,0,4,3,1,1,6,3,9,9,10,0,1,1,9,1,5,,1,4,1,2,1,3,3,2,2,1,china_pride_treatment,independence_treatment,,2,,,2,1,
R_4XimhOnMemMw70S,70,0,1,4,2,1,5,1,10,0,10,2,1,0,18,1,5,,1,1,1,2,1,1,3,1,0,0,control,control,,,2,2,2,,0
R_4R29noRYUfVtqRR,73,0,7,3,3,1,5,1,8,2,7,0,1,1,18,1,5,,1,2,2,2,1,1,4,3,2,0,china_pride_treatment,control,,2,,,2,,1
R_4pMj8UFA5gyGMNq,78,0,5,5,3,1,6,1,10,0,10,0,1,0,12,1,5,,1,1,5,2,1,3,3,3,1,0,taiwan_pride_treatment,control,4,,,4,,,2
R_4ZV4yFbE4XGpSTl,50,0,1,4,2,1,5,1,9,5,9,1,1,0,18,1,5,,2,2,1,2,1,1,3,1,0,1,control,independence_treatment,,,2,2,2,2,
R_4NrHRJOc2gupvB8,78,1,2,3,2,1,2,1,10,0,7,1,1,0,16,1,4,,2,1,1,1,1,3,3,1,1,1,taiwan_pride_treatment,independence_treatment,3,,,3,,3,
R_4I3KegeSO6prN4g,88,0,1,5,3,1,4,1,9,2,10,0,1,0,14,1,6,,1,1,5,2,1,1,4,3,0,0,control,control,,,3,3,3,,1
R_4nhZU4wF3sTa4En,61,0,12,4,2,1,2,1,10,0,0,1,1,0,18,1,6,,2,3,1,1,1,3,3,1,1,1,taiwan_pride_treatment,independence_treatment,4,,,4,,4,
R_4JDdW051lhqliKv,67,1,6,4,12,1,4,1,10,10,5,1,1,0,16,1,5,,1,1,1,1,1,3,3,1,1,1,taiwan_pride_treatment,independence_treatment,4,,,4,,2,
R_4NnzmoOjUcU5N2v,73,1,9,3,3,1,4,1,10,0,5,1,1,0,18,1,5,,1,1,1,2,1,2,2,3,1,0,taiwan_pride_treatment,control,3,,,3,,,1
R_4YwUdAjVYmQ9694,69,1,4,4,3,1,4,1,10,0,9,1,1,0,16,1,6,,1,1,1,1,1,3,3,3,0,0,control,control,,,2,2,2,,1
R_416expjDSlf77aE,93,0,6,4,3,1,6,1,10,2,7,2,1,0,19,0,,2,1,5,5,2,1,3,3,4,0,0,control,control,,,2,2,2,,3
R_4EdbuVDuxmzn0PL,58,0,5,4,2,1,4,1,10,0,5,1,1,0,18,0,,3,2,1,1,2,1,3,3,1,1,0,taiwan_pride_treatment,control,3,,,3,,,1
R_4cnq35YMuxBB4xO,64,0,5,3,12,1,3,3,8,10,10,0,1,1,16,1,5,,2,1,1,2,1,3,3,3,2,0,china_pride_treatment,control,,4,,,4,,2
R_45GNYeFvDjtIMyR,89,1,5,5,1,1,1,3,10,7,8,0,2,1,16,1,5,,1,1,5,1,1,3,2,4,2,0,china_pride_treatment,control,,4,,,4,,0
R_4i8wXw4xyYHKpNN,69,0,2,3,2,1,4,1,10,0,2,1,1,0,16,1,5,,1,1,1,2,1,5,3,1,2,0,china_pride_treatment,control,,3,,,3,,1
R_41YkxN4I3MiBzVh,74,1,10,2,1,1,5,1,9,2,9,1,1,0,16,1,5,,1,5,1,2,1,1,3,2,0,1,control,independence_treatment,,,3,3,3,3,
R_4heNdH6Z6ZTYzx7,84,0,6,3,3,1,5,3,10,1,10,2,1,0,12,1,5,,1,1,5,1,1,2,4,3,1,1,taiwan_pride_treatment,independence_treatment,4,,,4,,2,
R_4MScrKGGcgcAlxN,71,0,6,4,5,1,5,1,7,7,6,2,1,0,15,1,5,,1,1,4,1,1,3,2,4,0,1,control,independence_treatment,,,3,3,3,2,
R_4wIuP072iuf6PKh,51,1,4,3,12,1,6,3,10,10,10,0,1,1,10,1,5,,1,5,1,2,1,2,3,2,2,1,china_pride_treatment,independence_treatment,,4,,,4,0,
R_4v6XqZqtJP2gcXA,55,1,1,2,1,1,5,1,8,5,8,0,1,0,15,1,5,,1,1,1,1,1,1,3,2,2,0,china_pride_treatment,control,,3,,,3,,2
R_4lWYWnUAeRFaCIx,80,1,4,4,3,1,6,1,10,1,10,0,1,0,12,1,5,,2,1,1,2,1,3,4,3,2,0,china_pride_treatment,control,,3,,,3,,1
R_4KcD9JM3DCvRAhN,69,1,4,5,1,1,6,1,10,0,10,1,1,0,14,0,,1,1,1,1,1,1,1,4,2,1,0,taiwan_pride_treatment,control,4,,,4,,,2
R_4YkZcMfcZY3VZ9P,64,0,5,4,11,1,4,1,10,0,8,1,1,0,16,1,6,,2,1,1,2,1,5,3,4,2,0,china_pride_treatment,control,,4,,,4,,3
R_4KOpFc57XhvzJbn,66,0,1,3,1,1,6,3,6,10,10,0,1,1,17,1,5,,1,2,1,1,1,1,3,2,2,1,china_pride_treatment,independence_treatment,,2,,,2,1,
R_4Betm0w4Hpygi12,67,0,9,3,3,1,5,3,10,3,10,2,1,2,16,1,5,,2,1,1,2,1,3,3,4,1,1,taiwan_pride_treatment,independence_treatment,4,,,4,,2,
R_4Hhim6nPlaTg8Yr,88,0,3,4,2,1,4,1,10,0,10,1,1,0,16,1,4,,1,1,1,2,1,1,3,1,1,1,taiwan_pride_treatment,independence_treatment,4,,,4,,4,
R_4ce0jaD3ap8w4xM,73,1,13,4,2,1,4,1,10,0,10,0,1,0,16,1,4,,1,2,5,1,1,1,3,1,1,1,taiwan_pride_treatment,independence_treatment,4,,,4,,3,
R_4CklezWyNMfT9g1,88,0,2,4,2,1,5,1,10,0,10,2,1,1,16,1,5,,1,1,5,2,1,3,3,3,2,0,china_pride_treatment,control,,2,,,2,,1
R_4oAuZXAKB2AgSNE,72,1,4,3,5,1,4,3,9,2,8,1,1,1,22,1,5,,1,1,5,1,1,2,3,4,1,1,taiwan_pride_treatment,independence_treatment,4,,,4,,1,
R_4NOnn1ac0LGZkI0,85,0,9,2,12,1,4,1,10,0,0,1,1,0,16,1,5,,1,1,5,2,1,3,5,4,1,1,taiwan_pride_treatment,independence_treatment,4,,,4,,2,
R_4as0qF45jtLrYfP,66,0,6,4,2,1,4,1,10,1,5,2,1,0,12,1,5,,2,1,5,3,0,1,5,1,0,1,control,independence_treatment,,,2,2,2,2,
R_4yrrFI4L3QUYE3e,76,0,5,4,1,1,5,1,10,5,10,1,1,2,24,1,6,,1,1,1,1,1,3,4,2,0,1,control,independence_treatment,,,1,1,1,2,
R_41sAQm6tGKrvCdy,83,1,9,3,3,1,4,1,10,0,5,1,1,2,12,1,5,,1,1,5,1,1,3,3,3,0,0,control,control,,,3,3,3,,3
R_4000soUoUAK3nRZ,66,1,4,2,1,1,2,1,10,0,10,1,1,0,21,1,5,,1,1,5,2,1,1,2,3,2,0,china_pride_treatment,control,,3,,,3,,0
R_4KHI3IepWoIyerk,65,1,6,4,1,1,5,3,10,1,9,2,2,2,18,1,5,,1,1,1,2,1,4,2,4,2,0,china_pride_treatment,control,,2,,,2,,1
R_43o6F8fYqbmVLNL,65,0,4,3,12,1,5,3,4,6,10,0,0,0,16,1,5,,1,1,1,2,1,2,2,2,1,1,taiwan_pride_treatment,independence_treatment,3,,,3,,3,
R_47lmDYUbHX4n0Ga,58,0,5,3,1,1,5,1,9,2,8,1,1,0,17,1,5,,2,1,1,2,1,1,3,2,1,1,taiwan_pride_treatment,independence_treatment,3,,,3,,2,
R_4Nn7EYB2sk3OlW1,67,0,1,4,3,1,5,1,10,0,10,2,1,0,16,1,5,,1,1,1,1,1,2,4,2,1,0,taiwan_pride_treatment,control,2,,,2,,,1
R_4rPnWSCxSKD4vvO,74,0,2,4,3,1,4,1,10,0,0,1,1,0,17,1,5,,1,2,1,1,1,5,3,3,1,0,taiwan_pride_treatment,control,4,,,4,,,1
R_4MSSZfCes52cJKi,71,1,1,2,7,1,5,1,10,5,8,2,1,2,16,1,5,,1,1,1,2,1,3,3,2,2,0,china_pride_treatment,control,,3,,,3,,1
R_4yoSQayQLHKDQjf,66,0,6,5,2,1,6,1,5,6,7,1,1,0,12,1,5,,2,1,5,2,1,3,3,4,2,0,china_pride_treatment,control,,1,,,1,,1
R_4Eg4eRbrhyDpJKP,72,1,5,4,12,1,4,1,10,0,8,2,1,0,16,1,5,,1,1,1,1,1,3,3,4,2,0,china_pride_treatment,control,,1,,,1,,1
R_4g5DeYoTgfub1OR,75,0,1,3,6,1,6,1,7,7,6,0,0,0,18,1,4,,1,4,5,1,1,3,4,3,0,0,control,control,,,3,3,3,,1
R_4CEkXWnv52M15fT,71,0,4,3,12,1,5,1,10,0,8,1,1,0,28,1,6,,1,1,1,1,1,2,3,1,0,1,control,independence_treatment,,,3,3,3,2,
R_4AHFE1jEu5vUIZg,60,0,5,5,2,1,4,1,10,0,8,1,1,0,18,1,5,,2,1,5,1,1,3,2,1,1,0,taiwan_pride_treatment,control,3,,,3,,,1
R_4MsWOtWw37X5WI1,81,1,2,4,3,1,5,1,9,3,9,0,1,0,18,1,5,,1,1,5,1,1,3,3,3,0,0,control,control,,,3,3,3,,2
R_4lVw58vFTVqPvIR,74,1,9,4,3,1,4,1,10,0,9,2,1,0,18,1,5,,2,1,2,2,1,3,2,3,2,1,china_pride_treatment,independence_treatment,,2,,,2,2,
R_4hKnErKOt2w5M92,75,1,1,4,12,1,4,1,10,0,10,0,1,0,12,1,5,,1,1,1,1,1,2,3,4,2,0,china_pride_treatment,control,,2,,,2,,2
R_4ClYw0IcPac4CoD,76,0,10,3,3,1,3,3,7,6,8,0,1,1,14,1,6,,2,1,1,1,1,3,3,3,2,0,china_pride_treatment,control,,2,,,2,,2
R_4IrgAijgSKpVgjv,77,0,6,2,2,1,4,3,8,9,8,1,1,1,16,1,5,,1,1,1,3,1,1,2,1,1,1,taiwan_pride_treatment,independence_treatment,4,,,4,,4,
R_4bPI4yovHdc7UGo,55,0,20,5,1,1,1,2,9,10,10,0,2,1,16,1,5,,1,4,1,2,1,3,3,2,2,0,china_pride_treatment,control,,4,,,4,,2
R_4JQOAAKbNfbwbcb,70,0,1,4,12,1,4,1,10,0,10,1,1,2,15,1,5,,1,5,5,2,1,1,4,4,1,1,taiwan_pride_treatment,independence_treatment,3,,,3,,0,
R_4nqkMl0wE5DWF1E,85,1,1,3,2,1,5,1,8,2,5,2,1,0,12,1,5,,1,1,5,2,1,3,3,1,0,1,control,independence_treatment,,,3,3,3,1,
R_4IADqZIN2k3WkEG,51,0,4,4,3,2,4,1,3,8,8,1,1,0,16,0,,3,2,7,1,2,1,1,3,4,0,0,control,control,,,3,3,3,,2
R_4TAN3k8bTNtsIbn,74,0,4,3,12,1,5,1,10,5,10,0,1,0,16,1,5,,1,2,1,2,1,3,2,4,0,0,control,control,,,3,3,3,,2
R_4gXVuechbIxn1am,93,1,3,3,3,1,5,1,6,5,4,2,1,2,12,0,,4,1,3,5,5,1,1,3,3,0,1,control,independence_treatment,,,2,2,2,2,
R_4CVY90HEpdhRnFj,61,0,9,3,3,1,6,3,10,8,10,0,1,2,14,1,6,,1,2,1,1,1,1,5,2,0,0,control,control,,,3,3,3,,1
R_4KjSBbUabZOh7dg,71,1,21,4,3,1,5,1,10,0,5,0,2,2,16,1,5,,1,1,1,2,1,3,3,3,2,1,china_pride_treatment,independence_treatment,,1,,,1,1,
R_4Ep5b28yqL8TYGH,81,1,2,4,3,1,3,1,10,0,0,2,1,0,18,1,5,,1,1,5,2,1,2,3,3,1,1,taiwan_pride_treatment,independence_treatment,4,,,4,,2,
R_4p7rGnqsj99lISR,74,0,2,3,1,1,5,3,10,10,10,0,1,1,16,1,5,,1,1,1,1,1,5,3,2,1,1,taiwan_pride_treatment,independence_treatment,3,,,3,,1,
R_4evNtQWAu64HwdP,93,1,2,3,1,1,4,1,8,0,7,1,2,0,12,0,,2,1,1,5,1,1,3,3,4,0,1,control,independence_treatment,,,2,2,2,2,
R_4ll9UVU1bDBa38B,77,1,5,4,12,1,5,1,10,2,10,2,1,2,16,1,5,,1,1,1,1,1,1,4,1,0,0,control,control,,,3,3,3,,1
R_4V4rcWjBqbXbZqA,83,0,6,4,1,1,4,1,10,0,8,2,1,0,16,1,5,,1,2,5,2,1,3,3,2,2,1,china_pride_treatment,independence_treatment,,3,,,3,2,
R_4ZCg37c2MPgJqsp,67,1,2,3,1,1,5,3,9,5,7,2,1,1,18,1,5,,1,1,1,1,1,1,3,2,1,0,taiwan_pride_treatment,control,2,,,2,,,2
R_4YWJ5vt4s71WSJ5,74,0,1,5,2,1,4,1,10,0,2,1,1,0,16,1,5,,1,1,1,2,1,2,3,1,1,1,taiwan_pride_treatment,independence_treatment,4,,,4,,3,
R_4pc2T3xO4xyFnRo,71,0,8,4,3,1,5,1,8,5,5,1,1,0,19,1,5,,1,1,1,1,1,1,3,3,0,1,control,independence_treatment,,,1,1,1,1,
R_41jpCVTnQ1fwszX,74,0,4,3,2,1,1,1,10,3,10,0,1,1,16,1,5,,1,1,5,2,1,1,4,1,2,0,china_pride_treatment,control,,2,,,2,,1
R_4kXQ9uh4JwlaPLj,63,1,3,4,2,1,2,1,10,4,8,1,1,0,16,1,5,,2,1,5,2,1,5,3,1,0,0,control,control,,,2,2,2,,1
R_4pQ4KQEpJTabdF2,91,1,20,3,3,1,6,4,5,0,10,0,2,0,14,0,,2,1,1,5,1,1,3,2,3,1,0,taiwan_pride_treatment,control,1,,,1,,,2
R_4XlFUa4Pn325vWx,79,0,3,3,3,1,5,1,10,5,10,0,2,0,16,0,,5,1,1,5,1,1,3,3,3,2,0,china_pride_treatment,control,,2,,,2,,1
R_4NmELCE9teOmjFT,65,0,4,3,12,1,5,3,5,5,5,0,1,1,13,1,5,,1,1,1,2,1,1,3,2,0,1,control,independence_treatment,,,2,2,2,1,
R_4R1LrMgKWOeRBRU,69,0,1,4,2,1,4,1,2,9,6,1,1,0,9,1,5,,2,1,5,2,1,1,4,4,0,1,control,independence_treatment,,,1,1,1,1,
R_4q7TS8z2WtdEBgl,74,1,2,4,2,1,4,1,10,0,4,1,1,0,18,1,6,,1,1,5,1,1,2,3,1,2,0,china_pride_treatment,control,,3,,,3,,2
R_4QEJbzzyt2OdKp8,72,0,3,3,3,1,4,1,10,0,10,1,0,0,18,1,5,,1,1,1,2,1,3,3,3,2,0,china_pride_treatment,control,,3,,,3,,2
R_47k5HMWAjWO691n,72,0,5,3,2,1,3,1,10,0,10,1,1,1,16,1,6,,1,1,1,2,1,3,3,1,1,0,taiwan_pride_treatment,control,4,,,4,,,2
R_4FX8CtQjniA78pe,90,1,5,3,1,1,6,1,7,2,6,2,1,0,16,0,,2,1,5,5,2,1,3,3,2,1,0,taiwan_pride_treatment,control,2,,,2,,,2
R_4EzBFDCbrklb9z6,59,1,6,3,1,1,5,3,10,10,10,2,1,1,14,1,6,,2,1,5,1,1,1,3,2,1,0,taiwan_pride_treatment,control,3,,,3,,,2
R_4LZ9xrlga044RiW,89,1,5,4,3,1,4,1,8,0,10,1,1,0,16,1,6,,1,1,5,2,1,3,3,3,2,1,china_pride_treatment,independence_treatment,,3,,,3,3,
R_4CKFfxpR8udUGzN,71,0,5,3,11,1,6,1,9,1,8,1,0,0,15,1,5,,2,1,5,2,1,3,3,4,0,1,control,independence_treatment,,,2,2,2,2,
R_4zdxjjbaeMMVbfF,76,1,8,3,1,1,5,3,8,5,4,2,2,2,9,1,5,,1,2,1,2,1,2,4,2,1,1,taiwan_pride_treatment,independence_treatment,4,,,4,,3,
R_4QRP8e8Fag8HZXE,58,0,1,5,2,1,4,1,10,0,5,1,1,0,16,1,5,,2,5,1,1,1,2,3,1,1,0,taiwan_pride_treatment,control,4,,,4,,,2
R_4Vgk0ALOOh8y0Qp,92,0,1,3,1,1,4,3,5,5,9,2,1,2,12,0,,2,1,1,5,1,1,3,3,4,0,1,control,independence_treatment,,,3,3,3,2,
R_4n2fe0yL9UW4bDY,74,0,2,3,12,1,6,4,5,2,6,0,1,0,20,1,5,,1,1,1,2,1,1,2,4,1,1,taiwan_pride_treatment,independence_treatment,4,,,4,,0,
R_4vYzro5wZgW7QmS,70,0,2,4,3,1,6,1,10,0,0,0,2,0,18,1,5,,1,1,1,1,1,3,4,3,0,1,control,independence_treatment,,,3,3,3,3,
R_4m7AtNIM3OTs1yt,66,1,9,4,12,1,6,1,7,4,5,0,1,2,12,1,5,,2,1,1,1,1,2,3,2,0,0,control,control,,,2,2,2,,1
R_4vbWbLqRogV7FkJ,86,1,4,3,2,1,6,1,10,0,3,2,1,0,16,1,5,,1,1,4,2,1,3,3,1,2,1,china_pride_treatment,independence_treatment,,1,,,1,1,
R_4CmfjesyymJJEaE,66,0,1,3,2,1,5,3,10,5,10,1,1,1,12,1,5,,1,5,1,1,1,1,3,3,0,1,control,independence_treatment,,,2,2,2,2,
R_44jjUMev6RkcJl8,83,1,2,4,2,1,4,1,10,0,8,2,1,0,16,1,5,,1,1,5,1,1,1,4,1,1,0,taiwan_pride_treatment,control,4,,,4,,,1
R_4qKyjkJPjV4QHBI,74,0,2,4,3,1,4,1,10,0,10,1,1,0,18,1,5,,1,1,1,2,1,3,3,3,0,0,control,control,,,2,2,2,,2
R_4OFcCxqG2nNqpGh,61,1,1,3,12,1,6,1,10,8,9,2,1,0,18,1,6,,1,1,5,1,1,3,4,1,2,1,china_pride_treatment,independence_treatment,,2,,,2,1,
R_4dhI3ZU1IiYDxz2,68,1,11,3,3,1,5,1,10,5,10,2,1,0,18,1,6,,2,1,5,1,1,3,4,3,0,0,control,control,,,2,2,2,,2
R_4jd2txARjGofihE,67,0,21,3,3,1,5,3,10,4,10,2,1,2,18,1,5,,1,1,1,2,1,3,3,3,0,0,control,control,,,2,2,2,,2
R_4E0u5EXtxZYThah,90,1,2,4,7,1,4,1,8,2,10,2,1,0,20,1,5,,1,1,5,1,1,3,3,4,0,0,control,control,,,2,2,2,,2
R_42ykILhHAguFIc7,79,1,2,4,2,1,6,1,10,0,10,2,1,0,13,1,4,,1,1,5,1,1,3,3,1,1,0,taiwan_pride_treatment,control,4,,,4,,,1
R_4I4aCM88JTezp85,73,0,2,1,3,1,3,1,8,9,3,0,1,1,16,1,5,,1,5,1,1,0,3,4,3,2,0,china_pride_treatment,control,,3,,,3,,1
R_4ZI8MOM0V1EuaLq,64,0,1,5,1,1,1,2,2,10,10,1,0,1,16,1,5,,1,1,5,2,1,3,1,2,0,1,control,independence_treatment,,,3,3,3,1,
R_4l6L6aQZRYl1DqC,62,1,3,3,1,1,5,1,9,9,9,2,1,2,14,0,,1,1,1,1,2,1,1,3,2,2,0,china_pride_treatment,control,,3,,,3,,1
R_411OvTRbZwkkAjB,76,0,1,3,12,1,3,2,5,8,10,0,0,0,16,1,5,,1,4,5,2,1,1,4,4,1,1,taiwan_pride_treatment,independence_treatment,2,,,2,,0,
R_4qaTuQ3IYTkM6Nr,80,1,2,3,12,1,5,3,10,5,10,0,2,2,15,1,5,,1,1,1,1,1,3,4,2,0,0,control,control,,,1,1,1,,1
R_4zznQXbXiwNEeHf,72,1,6,3,2,1,6,1,10,0,2,1,1,0,16,1,5,,1,1,1,1,1,1,2,1,1,1,taiwan_pride_treatment,independence_treatment,4,,,4,,2,
R_4oapahdy2dEW9MJ,78,0,4,4,1,1,6,1,10,0,8,0,1,2,16,1,5,,1,1,5,3,1,4,3,2,0,1,control,independence_treatment,,,3,3,3,2,
R_4CepkdUOGcTy4NP,71,1,13,3,1,1,6,3,10,5,9,2,1,2,16,1,6,,1,2,5,1,1,1,3,2,1,1,taiwan_pride_treatment,independence_treatment,3,,,3,,1,
R_4QJJKoRLLspD7PO,59,1,5,3,12,1,5,3,3,5,10,0,0,0,14,1,5,,1,1,1,2,1,1,3,4,1,1,taiwan_pride_treatment,independence_treatment,2,,,2,,1,
R_4FsKP7ZCRFh98Go,63,1,6,4,3,1,5,1,10,5,8,0,1,2,16,1,5,,2,1,5,2,1,2,3,3,2,1,china_pride_treatment,independence_treatment,,2,,,2,2,
R_4rZLUD75JNjlmsR,65,0,5,3,1,1,6,3,5,5,5,0,1,1,17,1,5,,1,1,1,2,1,4,4,4,1,1,taiwan_pride_treatment,independence_treatment,2,,,2,,1,
R_4Pon3Cn65261qHq,85,1,22,3,3,1,3,1,9,5,7,1,1,2,12,1,5,,1,1,5,1,1,3,4,3,2,0,china_pride_treatment,control,,3,,,3,,1
R_4uau8TzZvoWItDr,59,0,13,3,1,1,5,3,10,10,10,1,2,2,12,1,5,,1,2,5,2,1,3,4,4,1,1,taiwan_pride_treatment,independence_treatment,1,,,1,,0,
R_4U4r7bsQX5jASTD,61,1,5,2,1,1,5,1,10,5,10,2,1,2,16,1,6,,2,1,3,2,1,1,3,2,0,0,control,control,,,1,1,1,,1
R_4L5VtlW8KdfzxT8,70,1,9,3,12,1,6,1,6,6,5,0,2,2,15,1,5,,1,8,5,1,1,3,4,4,0,1,control,independence_treatment,,,2,2,2,1,
R_4PETNOUGlnSI8by,50,1,2,3,1,1,4,1,10,0,5,2,1,0,18,1,5,,1,1,1,2,1,1,3,4,0,1,control,independence_treatment,,,3,3,3,3,
R_4Kp98BlhUx1M0ns,76,1,3,5,2,1,4,1,10,0,10,0,1,0,13,1,6,,1,1,1,1,1,3,3,1,2,1,china_pride_treatment,independence_treatment,,3,,,3,4,
R_44rX5PW03IVMckF,69,0,1,1,1,1,3,3,10,10,10,0,1,1,16,1,5,,1,5,1,2,1,2,3,2,2,1,china_pride_treatment,independence_treatment,,4,,,4,0,
R_4JqB4clNJNO4pah,80,1,3,2,1,1,6,1,10,0,10,2,1,0,16,1,6,,2,1,1,2,1,3,3,2,1,0,taiwan_pride_treatment,control,3,,,3,,,2
R_4sIfxQT1PmFjuPT,72,0,9,4,9,1,4,1,8,6,4,1,2,0,10,1,1,,1,1,1,2,1,1,2,1,1,1,taiwan_pride_treatment,independence_treatment,1,,,1,,2,
R_4mK7nW648Y7irQt,80,1,6,3,12,1,5,1,7,6,3,1,0,0,16,1,5,,1,1,1,1,1,3,3,4,0,0,control,control,,,1,1,1,,1
R_4fkf4ioUEqEXNXb,76,0,2,4,2,1,4,1,10,3,8,1,1,2,16,1,5,,1,1,1,2,1,3,3,1,2,0,china_pride_treatment,control,,1,,,1,,1
R_4YJM2AIRmyDclR8,83,1,2,3,3,1,4,1,8,0,2,1,2,0,17,1,5,,1,5,5,2,1,3,3,4,2,0,china_pride_treatment,control,,1,,,1,,1
R_42KfiAqhkS63Xpx,68,1,2,4,11,1,3,3,8,6,8,0,1,1,16,1,5,,1,2,1,2,1,2,3,3,1,0,taiwan_pride_treatment,control,3,,,3,,,1
R_4phG644NQKFrZQD,73,1,13,5,2,1,2,1,10,0,10,1,1,0,16,1,5,,2,1,1,2,1,1,3,1,2,1,china_pride_treatment,independence_treatment,,3,,,3,1,
R_4sZryRxZMLcsNJq,79,1,2,4,2,1,4,1,10,0,10,1,1,0,9,1,5,,1,1,1,2,1,3,3,1,2,0,china_pride_treatment,control,,3,,,3,,2
R_4FH3uSgEtuOxCdH,71,0,4,5,12,1,4,1,10,0,9,1,1,0,16,1,5,,2,2,1,2,1,1,3,1,1,1,taiwan_pride_treatment,independence_treatment,4,,,4,,3,
R_4iqWLSo7Shkhf1O,68,1,3,3,12,1,5,1,10,5,5,2,1,0,16,1,5,,1,2,1,2,1,3,3,1,2,1,china_pride_treatment,independence_treatment,,2,,,2,2,
R_4iCN0LAc83pTJh2,79,0,3,4,2,1,4,1,10,0,1,1,1,0,18,1,5,,1,2,5,1,1,3,3,1,0,0,control,control,,,3,3,3,,1
R_4zGzk4jHu6IzNTs,75,1,2,3,1,1,3,3,8,10,9,0,2,1,16,1,5,,2,1,1,1,1,1,2,2,2,0,china_pride_treatment,control,,4,,,4,,3
R_4JV1dzKvTAwWhlP,82,1,3,3,2,1,5,1,8,0,10,1,1,0,12,1,5,,1,1,4,1,1,3,3,1,1,1,taiwan_pride_treatment,independence_treatment,3,,,3,,3,
R_4UXwM4HbH5b9tRz,66,0,2,3,2,1,6,3,9,4,5,2,1,2,12,1,5,,1,1,1,2,1,3,4,1,1,0,taiwan_pride_treatment,control,4,,,4,,,3
R_4ypwGzWamfYxdkW,67,0,2,5,3,1,3,3,10,5,8,2,1,1,15,1,1,,1,1,5,1,1,5,3,4,2,0,china_pride_treatment,control,,4,,,4,,3
R_4MljnFSFT7dZYWx,74,0,3,3,3,1,6,3,10,10,10,2,1,1,16,1,5,,1,1,1,2,1,2,4,3,1,0,taiwan_pride_treatment,control,1,,,1,,,2
R_4CmBIkWuvBOko5m,81,0,2,4,2,1,6,1,10,0,10,0,1,0,16,1,5,,1,1,5,2,1,2,4,1,1,0,taiwan_pride_treatment,control,4,,,4,,,1
R_4n6MxXBqqTohdGq,85,1,1,4,1,1,5,1,9,3,7,1,1,2,20,1,5,,1,1,5,2,1,3,3,1,2,0,china_pride_treatment,control,,1,,,1,,2
R_4z7xqxVcdkEal57,90,1,2,3,3,1,4,1,10,1,9,1,1,0,15,0,,2,1,8,5,2,1,3,2,3,2,1,china_pride_treatment,independence_treatment,,2,,,2,1,
R_41LOEYpOirdea3v,61,0,6,4,6,1,2,1,10,0,0,1,1,0,17,1,5,,2,1,1,1,1,5,4,1,1,0,taiwan_pride_treatment,control,3,,,3,,,2
R_4RrzrN1rSemLXzg,69,1,2,3,2,1,5,1,10,5,10,2,1,2,18,1,5,,1,1,5,2,1,2,2,1,2,0,china_pride_treatment,control,,3,,,3,,1
R_4q7irNmt7YyhJnG,79,0,6,4,3,1,5,1,8,0,5,2,2,0,9,1,5,,1,1,5,1,1,2,3,3,0,1,control,independence_treatment,,,3,3,3,2,
R_4jJIRoMooJFSw6g,72,0,2,5,2,1,6,1,10,0,9,0,1,0,16,1,5,,1,5,2,2,1,2,3,1,2,1,china_pride_treatment,independence_treatment,,2,,,2,1,
R_4MMUXZTT086n27w,77,1,2,3,12,1,6,4,5,3,3,0,1,0,12,1,5,,1,5,1,1,1,2,4,4,1,1,taiwan_pride_treatment,independence_treatment,2,,,2,,3,
R_4IkOfCj0PgeFlIJ,79,0,2,4,3,1,6,1,8,0,7,0,0,0,16,1,5,,1,2,1,2,1,3,3,3,1,1,taiwan_pride_treatment,independence_treatment,2,,,2,,1,
R_4pzEwMpCnRwHQ6U,78,0,1,3,2,1,2,1,10,2,2,1,1,0,9,1,5,,1,5,5,2,1,3,4,1,1,1,taiwan_pride_treatment,independence_treatment,3,,,3,,2,
R_4LqzYVBgBAuC7w8,71,1,6,3,1,1,6,1,8,5,5,0,1,2,18,1,5,,1,1,5,1,1,1,3,2,1,1,taiwan_pride_treatment,independence_treatment,4,,,4,,1,
R_4cEAWrE2bazFhAt,79,1,2,3,2,1,4,1,10,1,7,1,1,0,16,1,5,,1,1,5,2,1,3,3,1,0,1,control,independence_treatment,,,3,3,3,2,
R_4CevkbB105kiJc7,81,0,2,3,12,1,4,1,10,0,8,0,1,1,16,1,5,,1,1,5,2,1,2,4,3,0,0,control,control,,,3,3,3,,3
R_4rUHyXAYINtHKaX,70,1,5,3,12,1,5,3,8,6,10,0,1,1,16,1,5,,1,1,1,1,1,1,3,2,1,1,taiwan_pride_treatment,independence_treatment,2,,,2,,1,
R_4dEnkf5Ry6upEsV,73,0,2,4,12,1,2,1,10,0,0,1,1,0,16,1,5,,1,2,1,1,1,5,3,4,0,0,control,control,,,1,1,1,,1
R_4ZOLcvBPUvXkfHH,73,0,7,3,1,1,3,3,6,5,4,0,1,1,12,1,5,,1,2,4,1,1,1,4,3,2,1,china_pride_treatment,independence_treatment,,2,,,2,1,
R_4ON1unTZPyuQX9r,63,1,1,3,11,1,6,1,10,5,7,0,1,0,16,1,5,,1,1,1,2,1,1,3,4,2,1,china_pride_treatment,independence_treatment,,1,,,1,1,
R_4M9edPImNFu6YbZ,69,1,3,3,12,1,5,1,10,4,10,2,1,0,16,1,5,,1,2,1,2,1,2,3,3,0,0,control,control,,,2,2,2,,1
R_4Krt6xqs9OkLtUc,82,1,5,4,3,1,3,3,10,5,10,0,1,2,15,1,5,,2,1,1,2,1,5,2,3,2,0,china_pride_treatment,control,,3,,,3,,2
R_4iaXl2zHZcLbdPr,66,0,5,4,5,1,4,3,8,6,10,1,1,2,16,1,5,,2,1,1,1,1,3,4,1,2,1,china_pride_treatment,independence_treatment,,2,,,2,4,
R_4YciuP8mhFFzp5P,72,0,2,3,1,1,4,3,10,0,10,1,1,1,16,1,5,,1,1,5,1,1,2,3,2,2,0,china_pride_treatment,control,,2,,,2,,1
R_40nhoxVrdQpuB8t,75,0,2,2,12,1,5,4,3,1,1,0,0,0,20,1,5,,1,1,5,2,1,3,3,3,1,0,taiwan_pride_treatment,control,1,,,1,,,1
R_4CPc4xuV3wEjdtA,74,1,5,3,12,1,6,1,10,0,10,0,1,0,16,1,5,,1,1,1,2,1,3,5,3,2,0,china_pride_treatment,control,,3,,,3,,1
R_4fWbB6Modh8RBCo,81,1,20,3,1,1,5,3,6,5,7,0,1,1,16,1,6,,1,1,5,1,1,2,3,2,0,1,control,independence_treatment,,,2,2,2,1,
R_4ALjEjxrRzPWE8c,58,0,2,3,1,1,3,3,7,8,9,0,1,1,16,1,5,,1,5,1,2,1,1,3,2,1,0,taiwan_pride_treatment,control,3,,,3,,,1
R_4papqRqK2h5Pw3a,86,0,6,4,1,1,5,3,8,7,10,0,1,0,16,1,5,,1,1,5,2,1,1,3,2,2,0,china_pride_treatment,control,,3,,,3,,1
R_4CxZFZ27BaqL7xL,68,0,2,3,1,1,5,3,8,2,10,1,1,0,12,1,5,,1,5,1,1,1,3,3,2,1,1,taiwan_pride_treatment,independence_treatment,3,,,3,,1,
R_400Q98naYTGHQpL,94,1,6,3,12,1,4,1,10,0,9,1,1,0,12,1,5,,1,2,5,5,1,1,3,4,1,0,taiwan_pride_treatment,control,4,,,4,,,1
R_4XmnLtmnSRoVdLi,72,0,4,4,3,1,5,3,9,6,9,0,1,1,9,1,5,,1,1,5,2,1,4,5,3,1,1,taiwan_pride_treatment,independence_treatment,3,,,3,,2,
R_4kivMadXJaijoYX,64,0,2,5,2,1,5,1,10,0,2,0,1,0,18,1,5,,1,1,1,1,1,1,3,1,2,1,china_pride_treatment,independence_treatment,,2,,,2,1,
R_4JoanHjPKAQzeHT,88,1,6,5,12,1,6,1,10,4,2,2,1,0,12,1,5,,1,1,5,2,1,1,3,4,1,1,taiwan_pride_treatment,independence_treatment,3,,,3,,4,
R_4FhKsEnK5BRRbeO,87,1,3,3,1,1,6,3,10,3,10,0,1,1,16,1,5,,1,2,5,1,1,3,3,2,2,0,china_pride_treatment,control,,2,,,2,,1
R_4G9yzv4WjHBaLi9,82,0,1,5,2,1,6,1,9,3,9,1,1,0,13,1,5,,1,1,5,1,1,3,2,1,2,1,china_pride_treatment,independence_treatment,,1,,,1,3,
R_4Z2kb7Dsr8zJjjj,70,1,2,2,2,1,2,1,10,0,5,1,1,0,16,1,5,,1,1,1,1,1,1,3,1,2,0,china_pride_treatment,control,,3,,,3,,1
R_4JWREHu97g8iXfi,83,1,9,4,12,1,5,1,10,1,10,2,1,2,16,1,5,,1,1,5,2,1,1,3,2,2,1,china_pride_treatment,independence_treatment,,3,,,3,2,
R_4oBCbrTWnRb0cay,86,1,3,5,2,1,4,1,10,0,7,1,1,0,18,0,,2,1,1,5,1,1,3,4,1,2,1,china_pride_treatment,independence_treatment,,2,,,2,3,
R_4rlzmo2O0DEuhkJ,77,1,3,4,1,1,5,1,0,6,1,2,1,0,16,1,5,,1,1,1,2,1,3,3,2,0,1,control,independence_treatment,,,2,2,2,4,
R_4NrWeiljDmko07e,82,1,2,3,3,1,6,1,10,1,10,0,1,0,16,1,5,,1,3,1,2,1,3,3,3,0,0,control,control,,,2,2,2,,2
R_4l4agZWdj3N4ZX4,91,0,13,3,1,1,6,1,10,0,10,0,1,0,16,0,,2,1,1,5,1,1,2,3,2,1,1,taiwan_pride_treatment,independence_treatment,4,,,4,,3,
R_4ePfL6y3gUQKD3O,90,0,4,3,3,1,4,1,10,0,10,0,1,0,16,1,5,,1,1,5,2,1,1,4,3,2,0,china_pride_treatment,control,,3,,,3,,2
R_4thVaK2HLgit0Nf,71,0,2,4,2,1,4,1,10,0,0,0,1,0,18,1,5,,1,5,1,1,1,3,3,1,2,0,china_pride_treatment,control,,3,,,3,,2
R_4NfFgMPejVCQxhF,48,1,1,1,3,1,4,1,10,0,3,1,1,0,9,1,1,,1,1,1,2,1,1,3,3,1,0,taiwan_pride_treatment,control,3,,,3,,,1
R_4mqjh3hi223Bvbf,60,0,2,3,1,1,3,3,10,9,9,0,1,1,16,1,5,,3,2,1,1,1,3,4,2,0,1,control,independence_treatment,,,2,2,2,2,
R_42YyOBNqyxJ7tA7,67,0,21,4,3,1,5,1,10,0,9,0,1,0,16,0,,5,3,2,5,1,1,1,3,3,1,1,taiwan_pride_treatment,independence_treatment,3,,,3,,2,
R_4nxH6ApRcLdgUUx,70,0,9,4,3,1,3,1,8,5,5,1,1,0,16,1,4,,1,1,1,2,1,2,3,3,2,1,china_pride_treatment,independence_treatment,,3,,,3,3,
R_4fP5aG8Mr1y91nJ,72,1,21,5,12,1,4,1,5,5,5,1,1,0,12,1,5,,1,1,2,1,1,3,3,4,1,0,taiwan_pride_treatment,control,2,,,2,,,3
R_41oYZYkALDvWDgy,58,0,2,3,12,1,5,1,10,0,10,2,2,0,16,1,5,,2,1,1,2,1,1,3,1,2,0,china_pride_treatment,control,,2,,,2,,2
R_4GJcAYk1qi627uh,70,0,2,3,2,1,4,3,7,4,6,2,2,0,18,1,5,,1,1,5,2,1,1,2,1,0,0,control,control,,,2,2,2,,2
R_4i8aysaF33nVKxT,76,0,2,4,2,1,5,1,8,0,10,2,1,0,16,1,6,,1,1,5,2,1,3,4,1,0,1,control,independence_treatment,,,3,3,3,2,
R_4AGTiT70Xm4RDV8,68,0,1,3,1,1,5,3,5,6,6,0,1,0,14,1,4,,1,2,2,2,1,1,2,2,2,1,china_pride_treatment,independence_treatment,,3,,,3,2,
R_46dbTu4WGLlpoch,70,0,3,3,3,1,5,3,7,5,7,0,1,0,16,1,6,,1,1,1,2,1,2,3,3,2,1,china_pride_treatment,independence_treatment,,3,,,3,2,
R_4lve7Wl9rE14lkB,77,0,12,3,12,1,4,1,10,3,10,1,1,2,12,1,5,,2,1,5,1,1,5,5,4,2,1,china_pride_treatment,independence_treatment,,1,,,1,2,
R_4G84Y38HC9ZpFwR,77,0,1,4,3,1,5,1,10,8,10,1,1,0,16,1,5,,1,1,1,2,1,3,4,3,0,1,control,independence_treatment,,,2,2,2,3,
R_44CKO8e87uU48Tf,62,0,21,4,3,1,3,3,7,6,6,2,1,1,18,1,5,,1,1,1,1,1,3,3,3,1,1,taiwan_pride_treatment,independence_treatment,3,,,3,,2,
R_4MSBwWAjzI9C7mU,69,1,2,3,5,1,4,1,10,1,7,2,1,0,16,1,5,,1,1,1,2,1,1,3,3,0,0,control,control,,,2,2,2,,2
R_4zA7x0XQUBv74Tk,65,0,2,3,1,1,3,3,7,6,10,0,1,2,15,1,5,,1,5,5,1,1,1,3,2,0,0,control,control,,,1,1,1,,0
R_4oA9v4LF2XIccnm,83,0,3,3,3,1,6,1,10,0,7,0,1,0,16,1,6,,1,1,1,1,1,3,2,2,1,1,taiwan_pride_treatment,independence_treatment,2,,,2,,1,
R_4cBC1Jls5xYB3qz,73,1,21,2,12,1,5,1,10,0,0,2,1,0,16,1,5,,1,1,1,1,1,2,3,2,2,0,china_pride_treatment,control,,1,,,1,,1
R_4CPwvCLC3xqPiHD,76,0,2,3,11,1,3,3,10,10,10,0,0,0,20,1,1,,1,2,5,1,1,5,5,2,2,1,china_pride_treatment,independence_treatment,,4,,,4,1,
R_4dTkPnhizDrvzAK,62,0,6,3,12,1,6,1,8,5,10,0,1,1,18,1,5,,1,1,1,1,1,2,3,3,1,0,taiwan_pride_treatment,control,4,,,4,,,2
R_4Ig7oAZYDAulBEc,85,0,5,4,3,1,6,1,8,1,10,0,0,0,15,1,5,,1,1,5,2,1,3,3,3,2,1,china_pride_treatment,independence_treatment,,2,,,2,1,
R_4szXQWhcI1wlHB7,86,1,6,3,3,1,4,1,10,0,4,1,1,0,16,1,5,,1,1,1,2,1,1,3,3,1,0,taiwan_pride_treatment,control,3,,,3,,,1
R_4oFMOQ1yaFZkUs3,61,0,2,3,12,1,5,3,10,4,10,2,1,1,12,1,5,,2,1,5,2,0,1,3,4,0,0,control,control,,,2,2,2,,2
R_4xmgmP5n22M1BC1,94,1,4,3,12,1,4,1,10,9,7,2,1,0,13,1,5,,1,1,5,2,1,5,3,4,0,0,control,control,,,3,3,3,,2
R_4KC8lZZXiUTeu09,87,0,4,3,12,1,3,3,6,5,3,2,0,0,16,1,5,,1,2,4,1,1,3,3,4,1,1,taiwan_pride_treatment,independence_treatment,1,,,1,,0,
R_4O1cb7YtSoGOUsF,61,0,4,3,1,1,3,3,9,9,10,0,1,1,18,1,5,,1,2,2,2,1,2,3,2,0,0,control,control,,,3,3,3,,2
R_45KNZ4LSDugfoaJ,75,1,6,3,12,1,5,3,5,5,5,0,2,2,16,1,5,,1,1,2,2,1,1,3,2,1,0,taiwan_pride_treatment,control,2,,,2,,,1
R_4N3WmVniCGhwwvH,62,0,4,3,11,1,3,3,10,10,10,0,1,1,15,1,5,,1,8,1,2,1,5,5,2,0,0,control,control,,,3,3,3,,2
R_4HiTVU0tQQHCKir,72,1,1,3,3,1,4,1,9,1,10,0,2,0,16,0,,1,1,5,1,2,1,3,3,3,0,0,control,control,,,3,3,3,,2
R_4RyAu3KUrfqtiML,65,0,1,3,1,1,3,3,8,8,10,0,1,1,18,1,6,,1,5,1,1,1,5,2,2,1,0,taiwan_pride_treatment,control,3,,,3,,,1
R_43aEXaYsWO2ZNlH,82,0,3,3,3,1,4,1,10,0,8,1,1,0,16,1,5,,1,2,5,1,1,3,3,3,1,1,taiwan_pride_treatment,independence_treatment,2,,,2,,2,
R_4IS3pA16mzY6vvX,70,1,6,3,2,1,4,1,10,0,9,1,1,0,12,1,5,,2,1,5,1,1,1,3,1,2,1,china_pride_treatment,independence_treatment,,3,,,3,3,
R_42tulIDwXOqJMcd,63,0,2,4,12,1,2,1,10,0,10,1,1,0,14,1,5,,1,1,2,1,1,5,3,3,1,1,taiwan_pride_treatment,independence_treatment,3,,,3,,2,
R_4djm6jgNMYAquEM,93,1,5,3,12,1,1,3,5,6,10,0,0,1,14,1,5,,1,5,5,2,1,5,4,4,2,0,china_pride_treatment,control,,2,,,2,,0
R_4WmaM7FY4OU7FZf,88,1,1,4,3,1,5,1,10,0,10,2,1,0,12,1,5,,1,4,5,1,1,5,4,3,1,0,taiwan_pride_treatment,control,2,,,2,,,1
R_4LYvfJcDny5BB2R,64,0,21,3,3,1,6,3,10,9,10,2,2,2,14,1,5,,1,4,1,1,1,1,3,3,0,1,control,independence_treatment,,,0,0,0,0,
R_4KC1iFl3WwgEuTc,77,0,1,3,5,1,6,1,7,5,7,0,1,1,12,1,5,,2,1,1,2,1,2,3,1,1,1,taiwan_pride_treatment,independence_treatment,3,,,3,,2,
R_4PvjxU97ssPkRtn,74,0,13,5,2,1,5,3,10,10,10,1,1,1,10,1,5,,2,1,2,2,1,5,5,1,0,1,control,independence_treatment,,,3,3,3,2,
R_4dnz7l7FWRjVDFL,75,1,5,4,12,1,5,1,10,1,8,1,1,0,15,1,5,,1,1,5,1,1,3,4,3,1,1,taiwan_pride_treatment,independence_treatment,4,,,4,,2,
R_4pvtTMatZDYYDBL,51,0,2,3,11,1,6,3,6,5,10,0,1,1,14,1,5,,1,4,1,2,1,3,2,4,2,1,china_pride_treatment,independence_treatment,,3,,,3,1,
R_4ojADU2hpEdGxbj,43,0,4,2,1,1,3,3,5,5,10,0,1,1,16,1,1,,1,4,2,2,1,1,2,2,1,0,taiwan_pride_treatment,control,3,,,3,,,1
R_4kENh9RSvUgp0N2,74,1,1,3,1,1,4,1,8,5,9,0,1,0,20,1,6,,1,1,5,1,1,3,3,2,0,1,control,independence_treatment,,,3,3,3,1,
R_4r2ES8mQvh8vwuu,90,1,2,3,12,1,4,1,9,1,8,2,2,0,12,1,5,,1,1,5,1,1,3,3,4,2,0,china_pride_treatment,control,,2,,,2,,1
R_4fqQ7xtwOJGtoNr,76,0,1,3,3,1,5,1,10,0,0,0,0,0,18,1,5,,2,2,1,1,1,3,4,3,0,0,control,control,,,3,3,3,,3
R_4COQND769MqPppD,72,1,1,3,2,1,4,1,10,0,8,2,1,2,19,1,5,,1,1,5,2,1,2,3,1,1,0,taiwan_pride_treatment,control,2,,,2,,,0
R_4y909VBzDPnFLaI,90,1,5,5,12,1,2,1,10,0,10,1,1,0,16,1,4,,1,1,4,1,1,3,3,4,1,1,taiwan_pride_treatment,independence_treatment,3,,,3,,2,
R_43whRzwgRkOrryo,85,0,22,5,3,1,4,1,10,0,10,1,1,0,9,0,,5,1,1,5,2,1,3,4,3,1,0,taiwan_pride_treatment,control,4,,,4,,,1
R_4s1PmSN4B7uqPkM,93,1,1,3,12,1,6,1,10,5,10,2,1,2,14,0,,2,1,1,5,2,1,3,3,4,1,1,taiwan_pride_treatment,independence_treatment,2,,,2,,1,
R_4rMOHiGWtwUlvdT,92,1,1,4,3,1,4,1,9,1,10,1,1,0,15,0,,2,1,1,5,1,1,3,4,3,2,0,china_pride_treatment,control,,2,,,2,,1
R_4ReAWpbliYqZogT,87,0,1,3,3,1,5,1,9,1,6,1,1,0,16,1,5,,1,5,5,2,1,3,4,4,0,0,control,control,,,2,2,2,,2
R_4oGVrfZbPb7X6Nw,83,1,6,4,2,1,4,1,9,4,6,1,1,0,12,1,5,,1,1,5,2,1,1,3,2,0,1,control,independence_treatment,,,2,2,2,2,
R_4IWQcX3tDPD3gRv,84,1,4,4,1,1,5,1,7,4,7,0,1,0,22,1,5,,1,1,5,2,1,1,5,2,1,0,taiwan_pride_treatment,control,3,,,3,,,1
R_4g12WzRdPqMStj7,71,1,2,4,1,1,3,1,9,6,5,0,1,1,1,1,5,,1,1,2,1,1,3,3,2,0,1,control,independence_treatment,,,3,3,3,4,
R_4usQEXUsOECTJuY,71,0,3,3,12,1,6,3,10,8,10,0,1,2,20,1,6,,1,2,1,2,1,1,3,2,1,0,taiwan_pride_treatment,control,4,,,4,,,1
R_4IGcrJMmEWH1zeB,75,0,2,4,3,1,5,3,4,4,10,0,1,2,16,1,5,,1,1,1,1,1,3,3,3,1,1,taiwan_pride_treatment,independence_treatment,2,,,2,,2,
R_4Ejcm2wSNjOxPmr,68,1,2,4,1,1,6,3,10,9,10,1,1,1,15,1,5,,1,1,1,2,1,1,3,2,2,0,china_pride_treatment,control,,2,,,2,,2
R_4qdK0KBzRy4nJHK,74,0,1,4,2,1,4,1,10,0,5,1,1,0,16,1,5,,1,1,5,1,1,3,4,1,2,0,china_pride_treatment,control,,2,,,2,,1
R_4qUubFWXelIGCkc,78,1,4,3,2,1,4,1,10,0,10,1,1,0,16,1,5,,1,8,5,1,1,3,3,1,0,0,control,control,,,1,1,1,,1
R_4zBeUlKe7s2EKUC,78,0,4,3,3,1,6,1,9,0,5,2,1,0,16,1,6,,1,1,1,2,1,3,3,3,2,0,china_pride_treatment,control,,2,,,2,,1
R_4a9coU2TQxbk5Cw,90,1,2,2,3,1,3,1,2,7,10,0,1,0,16,1,5,,1,2,5,1,1,1,3,3,1,0,taiwan_pride_treatment,control,4,,,4,,,1
R_4ZPwu6kjPSeTfac,67,0,8,3,12,1,1,3,6,10,10,0,0,1,12,1,5,,3,2,5,1,1,3,4,4,1,1,taiwan_pride_treatment,independence_treatment,1,,,1,,4,
R_4nQ85b88I8jwKFI,93,1,3,4,3,1,4,3,8,5,7,1,1,2,12,0,,2,1,1,5,2,1,3,3,4,0,1,control,independence_treatment,,,2,2,2,3,
R_4mQKnJvcSPM5acY,57,0,1,2,1,1,3,3,9,8,8,0,1,1,16,1,5,,1,1,5,2,1,3,3,2,1,0,taiwan_pride_treatment,control,3,,,3,,,2
R_4gihU1LX8RmCJ2B,77,0,1,4,6,1,4,1,10,0,1,1,1,0,18,1,5,,1,1,5,1,1,3,3,1,0,1,control,independence_treatment,,,2,2,2,2,
R_4OTL7wEDQA41yMx,87,1,21,3,2,1,5,1,9,1,9,2,2,2,16,1,5,,1,1,5,2,1,1,3,4,0,0,control,control,,,3,3,3,,1
R_4tsR7ngUauGOLkt,81,1,1,2,2,1,6,1,10,2,10,2,1,0,12,1,5,,1,1,1,2,1,3,3,1,0,1,control,independence_treatment,,,2,2,2,2,
R_4H0lwnI17BCaqkq,82,0,7,3,3,1,6,1,7,4,8,0,1,0,18,1,5,,1,1,1,2,1,3,3,3,2,1,china_pride_treatment,independence_treatment,,2,,,2,2,
R_4DvzqXPn2XMq2g8,66,0,4,5,12,1,6,3,10,10,10,2,1,1,14,0,,6,1,1,5,1,1,3,3,4,2,1,china_pride_treatment,independence_treatment,,2,,,2,0,
R_4Nk1U6SCh6Hr46S,75,0,4,3,12,1,6,1,6,6,6,2,1,2,9,0,,5,2,1,5,5,1,3,3,4,1,0,taiwan_pride_treatment,control,3,,,3,,,3
R_4jE5iEOkn3e0BBD,88,0,9,3,2,1,2,1,10,0,10,1,1,0,20,0,,5,1,1,5,1,1,1,2,1,0,1,control,independence_treatment,,,3,3,3,3,
R_4MXHRQA6egtgUNg,74,1,6,5,12,1,5,1,10,5,7,0,1,1,14,1,5,,1,5,1,1,1,1,2,3,1,0,taiwan_pride_treatment,control,2,,,2,,,3
R_4oQEnlmujUF9GMN,63,1,21,3,12,1,5,3,8,7,10,2,2,2,12,1,5,,1,1,5,1,1,1,3,4,2,1,china_pride_treatment,independence_treatment,,1,,,1,0,
R_4s98mDnDDEumhEt,74,0,2,5,2,1,4,1,10,0,8,1,1,0,16,1,5,,1,1,4,2,1,2,2,4,0,1,control,independence_treatment,,,2,2,2,3,
R_4C139daSC3fFgfT,62,0,2,4,3,1,5,3,9,7,10,2,1,1,20,1,5,,1,1,1,2,1,1,3,2,0,0,control,control,,,3,3,3,,2
R_4z6tI6NHlJyy9ln,87,0,6,3,3,1,6,1,10,2,5,2,1,2,12,1,1,,2,1,2,2,1,3,3,4,2,0,china_pride_treatment,control,,3,,,3,,2
R_4aFWjBYlvDNmzfb,69,1,6,3,1,1,5,1,8,2,8,2,2,0,27,1,1,,2,1,5,2,1,1,3,2,2,1,china_pride_treatment,independence_treatment,,3,,,3,1,
R_4P5dOUoyVll27pp,84,1,1,4,3,1,6,1,10,3,10,1,1,0,18,1,5,,1,1,5,1,1,2,2,3,0,1,control,independence_treatment,,,2,2,2,2,
R_4Y8dNUKSSAIMDM5,71,1,2,2,12,1,5,3,10,7,10,2,2,0,16,1,5,,1,1,5,2,1,5,4,3,1,0,taiwan_pride_treatment,control,2,,,2,,,2
R_4CJiCPgHNT8H01D,62,0,3,4,5,1,4,1,10,0,6,1,1,0,18,1,5,,1,1,1,1,1,3,2,1,1,1,taiwan_pride_treatment,independence_treatment,2,,,2,,2,
R_4Q4uhuk0IFo0RmU,86,1,1,3,3,1,4,1,10,0,10,2,1,0,18,1,5,,1,1,5,2,1,3,3,3,1,1,taiwan_pride_treatment,independence_treatment,4,,,4,,2,
R_4ENB2X1WDSwFE4N,89,1,5,4,3,1,5,3,10,5,10,0,1,1,16,0,,2,1,1,5,2,1,3,3,3,2,0,china_pride_treatment,control,,2,,,2,,1
R_4QY4ktSxQ7wrLWn,82,0,20,4,3,1,4,1,8,2,4,0,1,0,22,1,5,,1,5,5,1,1,3,3,3,0,0,control,control,,,2,2,2,,1
R_4tDSUvet2SXHHkE,58,1,2,4,2,1,4,1,10,0,10,1,1,0,20,1,4,,1,1,5,2,1,3,4,1,1,1,taiwan_pride_treatment,independence_treatment,3,,,3,,3,
R_4hDO0fjPIFfcP5g,82,0,3,4,3,1,5,3,10,5,5,2,2,2,16,1,5,,1,2,4,2,1,3,4,3,0,1,control,independence_treatment,,,2,2,2,2,
R_4d6witzPuZhkwLC,65,0,3,3,12,1,6,1,10,0,10,0,1,0,14,1,5,,1,2,1,2,1,5,5,4,2,1,china_pride_treatment,independence_treatment,,3,,,3,1,
R_41FxnoXo6wJprUY,74,0,1,5,2,1,6,1,10,0,10,0,1,0,15,1,5,,1,1,1,1,1,2,2,1,2,0,china_pride_treatment,control,,2,,,2,,3
R_40UIhE1wi9WrIHP,90,0,13,3,12,1,6,1,10,0,5,2,1,0,12,1,1,,2,1,1,1,1,2,3,4,1,1,taiwan_pride_treatment,independence_treatment,4,,,4,,2,
R_43xWeWiLxHT1Hfd,78,0,3,3,1,1,5,3,10,10,10,0,1,1,20,1,5,,1,1,1,1,1,5,3,2,1,1,taiwan_pride_treatment,independence_treatment,4,,,4,,2,
R_4e9E7CkFlZrkIZy,69,0,2,5,2,1,6,1,10,0,10,0,1,0,18,1,5,,1,1,1,1,1,2,3,1,0,0,control,control,,,2,2,2,,2
R_4ngEuzLwNoZGMJr,79,1,2,4,3,1,4,1,9,1,10,0,1,2,16,1,5,,1,8,5,1,1,3,3,3,2,0,china_pride_treatment,control,,3,,,3,,2
R_4N4hI3VcvjZHsac,82,0,1,4,3,1,6,1,9,3,3,1,1,0,16,1,5,,1,1,1,1,1,1,2,1,0,1,control,independence_treatment,,,3,3,3,3,
R_4gONn2bmYXtRwjn,77,1,4,3,3,1,4,1,10,0,5,1,1,0,12,1,5,,1,2,1,1,1,3,3,3,0,1,control,independence_treatment,,,3,3,3,3,
R_4lmC22kdyImMyo8,92,1,3,4,12,1,2,1,10,0,10,1,1,0,14,1,5,,1,2,2,2,1,1,3,1,2,1,china_pride_treatment,independence_treatment,,3,,,3,3,
R_4pKN5oW9awNjeTg,87,1,4,5,3,1,2,1,10,4,8,1,1,0,12,1,5,,1,1,5,2,1,3,3,3,1,0,taiwan_pride_treatment,control,3,,,3,,,1
R_4IXFrECzGo9k22q,66,0,1,3,3,1,5,1,8,6,8,0,1,0,16,1,5,,1,1,5,1,1,3,3,3,0,0,control,control,,,2,2,2,,1
R_4HFDWBDQmwZVlbN,76,1,13,4,2,1,4,1,10,0,10,1,1,0,16,1,5,,1,2,5,1,1,1,4,1,1,1,taiwan_pride_treatment,independence_treatment,3,,,3,,2,
R_41Y0Y13BKDQCLDv,89,0,2,4,3,1,4,1,10,0,8,0,1,0,12,1,5,,1,1,5,1,1,3,3,3,0,0,control,control,,,2,2,2,,2
R_4GdBn9Kyc7ePzq4,80,0,2,3,3,1,5,1,9,5,8,0,1,2,16,1,5,,1,1,1,2,1,3,4,3,2,0,china_pride_treatment,control,,3,,,3,,2
R_43a53qkVqKNiPgy,71,0,4,4,3,1,3,3,10,10,10,0,1,2,15,1,5,,1,1,1,1,1,5,3,4,2,1,china_pride_treatment,independence_treatment,,3,,,3,2,
R_4CO8HIJoqmzTDOG,63,1,2,4,2,1,5,1,10,0,1,2,1,0,14,1,5,,1,1,5,1,1,3,3,1,0,0,control,control,,,2,2,2,,1
R_4J9Ji8M3sVViJF0,86,1,6,5,3,1,5,3,8,3,10,0,1,0,16,1,5,,1,1,5,2,1,3,3,3,1,0,taiwan_pride_treatment,control,3,,,3,,,2
R_4yzI95Am1BPSKUp,79,1,1,4,3,1,6,1,10,0,10,2,2,0,11,1,5,,1,1,4,2,1,3,3,3,1,0,taiwan_pride_treatment,control,3,,,3,,,0
R_44Wl38UGcUn16kF,76,0,5,2,2,1,6,1,10,0,10,0,1,0,16,1,5,,1,1,5,2,1,2,5,3,1,1,taiwan_pride_treatment,independence_treatment,4,,,4,,2,
R_4JWVHP6a8qKNXnh,64,0,2,4,12,1,6,1,10,4,8,0,1,0,16,1,5,,1,1,1,2,1,1,3,1,1,1,taiwan_pride_treatment,independence_treatment,4,,,4,,4,
R_4sOiS0JS4sDIU4p,73,0,1,3,12,1,6,3,10,5,5,0,1,1,15,1,5,,1,3,1,1,1,5,5,4,1,1,taiwan_pride_treatment,independence_treatment,4,,,4,,3,
R_4A3CXKeJ2rnqZdD,71,1,6,3,3,1,5,1,10,1,6,2,1,0,16,1,5,,1,2,1,1,0,4,4,2,2,0,china_pride_treatment,control,,4,,,4,,2
R_4d05YAKvURz8YfY,73,0,3,4,12,1,5,1,10,0,10,2,1,2,18,1,5,,1,2,5,1,1,5,4,3,1,1,taiwan_pride_treatment,independence_treatment,3,,,3,,1,
R_4FnezSpVVZ0AaaY,83,0,1,3,12,1,6,1,6,5,2,2,1,0,16,1,5,,1,2,1,2,1,1,3,4,1,1,taiwan_pride_treatment,independence_treatment,3,,,3,,1,
R_4LeBjtOs1P3vEUV,82,0,14,4,3,1,3,3,4,7,9,0,0,2,12,1,1,,1,1,5,1,1,2,4,3,2,1,china_pride_treatment,independence_treatment,,3,,,3,2,
R_4KQ1agQRZ3bFxxT,82,1,2,3,2,1,4,1,10,0,3,2,1,0,16,1,5,,1,1,5,1,1,2,3,1,0,0,control,control,,,2,2,2,,1
R_4afMGM7dgqhBYDB,76,1,3,3,2,1,6,1,10,0,9,0,1,0,16,1,5,,1,1,5,1,1,3,3,1,1,0,taiwan_pride_treatment,control,4,,,4,,,2
R_4PYKQeI5u1hteGO,82,1,2,4,2,1,4,1,9,0,6,1,1,0,16,1,5,,1,1,5,2,1,2,3,3,2,1,china_pride_treatment,independence_treatment,,2,,,2,2,
R_4h4n2PT2GBya4iM,67,0,14,4,2,1,5,1,10,1,8,1,1,2,15,1,5,,2,1,1,2,1,2,3,1,2,0,china_pride_treatment,control,,3,,,3,,2
R_4J0bezCTphS8xtT,61,1,6,4,2,1,4,1,10,0,10,1,1,0,16,0,,5,2,1,5,1,1,3,3,4,2,1,china_pride_treatment,independence_treatment,,2,,,2,2,
R_4PtWh0laZXduODg,69,1,2,3,3,1,4,1,8,1,7,2,1,0,19,1,5,,1,1,1,1,1,3,3,3,2,1,china_pride_treatment,independence_treatment,,3,,,3,2,
R_4q26XjMx4QHAssW,60,1,2,3,1,1,5,3,10,9,10,0,0,1,16,0,,5,1,2,1,2,1,1,3,2,0,0,control,control,,,3,3,3,,1
R_42SzTCAkrFFZ5fJ,82,1,2,3,12,1,4,1,9,1,8,2,2,2,14,1,5,,1,2,4,1,1,3,4,4,2,0,china_pride_treatment,control,,2,,,2,,1
R_4Swe9Nw7JYdoDxM,77,0,2,3,3,1,4,1,8,4,7,1,1,0,22,1,5,,1,1,1,1,1,1,4,3,1,0,taiwan_pride_treatment,control,4,,,4,,,1
R_4PXlbRqsLGLBqMB,92,1,2,4,5,1,4,1,10,1,10,1,1,0,15,0,,2,1,1,5,2,1,1,4,3,2,1,china_pride_treatment,independence_treatment,,3,,,3,3,
R_4NgGeuz6FI29nHn,50,0,4,3,12,1,4,3,1,5,3,1,1,1,12,0,,3,1,1,1,2,1,1,3,4,0,1,control,independence_treatment,,,1,1,1,1,
R_4dmM9wH0jd4Cb8x,71,1,20,3,3,1,4,1,8,4,7,0,0,0,16,1,5,,1,1,1,2,1,1,3,3,1,1,taiwan_pride_treatment,independence_treatment,3,,,3,,1,
R_4Pu5gXGrg0C9jMY,91,0,1,4,3,1,5,1,10,2,10,0,1,0,9,1,5,,1,2,4,2,1,5,3,3,0,1,control,independence_treatment,,,3,3,3,2,
R_4zOoVdKPhjPoXcj,73,1,2,4,3,1,4,1,6,2,6,2,1,0,12,1,5,,1,1,1,1,1,3,3,3,2,1,china_pride_treatment,independence_treatment,,1,,,1,1,
R_4yfJBir7QWzPZsQ,71,0,6,5,1,1,3,3,10,4,10,0,1,1,16,1,5,,1,2,1,1,1,2,4,2,1,0,taiwan_pride_treatment,control,2,,,2,,,2
R_4fRFZybJ9cuQFTb,68,1,1,3,1,1,6,1,8,3,8,2,1,2,16,1,5,,1,1,1,2,1,1,3,1,1,0,taiwan_pride_treatment,control,2,,,2,,,2
R_4nucw3h43fJMbO9,64,0,3,4,2,1,5,1,9,3,6,1,1,2,11,1,1,,2,1,1,1,1,2,3,1,2,0,china_pride_treatment,control,,3,,,3,,2
R_4thv0gYgllMjZpN,71,0,2,3,3,1,6,1,9,0,6,0,1,0,16,1,5,,2,1,5,2,1,3,4,3,2,1,china_pride_treatment,independence_treatment,,3,,,3,2,
R_42Xbk36IiDFnQj7,76,0,1,4,3,1,5,1,9,1,10,1,1,0,19,1,6,,1,1,5,2,1,1,3,3,2,1,china_pride_treatment,independence_treatment,,3,,,3,2,
R_4cmn9GMyBngP0Qx,84,1,4,4,3,1,4,1,10,0,10,2,1,0,16,1,5,,1,1,4,2,1,3,3,3,0,0,control,control,,,3,3,3,,1
R_4uOqhnr1lv6RSuR,84,1,11,3,2,1,6,1,8,1,7,1,1,0,16,1,5,,1,1,5,2,1,3,2,2,2,1,china_pride_treatment,independence_treatment,,1,,,1,3,
R_4dukMZGttGHyFxe,82,1,3,4,12,2,6,1,5,0,8,2,2,0,16,1,5,,1,7,5,1,1,3,3,4,1,0,taiwan_pride_treatment,control,1,,,1,,,0
R_4HiYAISG2uV9nPa,66,0,1,1,3,1,1,2,2,10,10,0,0,1,18,1,5,,1,1,1,2,1,3,3,3,2,1,china_pride_treatment,independence_treatment,,1,,,1,0,
R_4Nx2AkjjNlNjZq9,89,0,2,3,3,1,4,1,6,4,6,2,2,0,16,0,,2,1,1,5,2,1,3,4,4,0,1,control,independence_treatment,,,0,0,0,1,
R_4LurOiBqoUiRGRJ,61,1,5,5,11,1,5,1,10,1,10,2,1,0,16,0,,1,1,1,1,2,1,3,2,4,1,0,taiwan_pride_treatment,control,3,,,3,,,2
R_4rGLqna5C7efxv0,85,1,2,5,2,1,4,1,10,0,8,1,1,0,16,1,5,,2,1,4,1,1,3,3,1,2,0,china_pride_treatment,control,,2,,,2,,1
R_4FJXaPZ9diHECsN,67,0,2,5,3,1,4,1,10,0,6,2,1,0,17,1,5,,1,1,1,1,1,2,3,3,0,1,control,independence_treatment,,,1,1,1,1,
R_4Qt2U8BgbXCZ2iN,85,1,2,4,3,1,4,1,10,1,10,1,1,0,16,1,5,,1,5,5,1,1,3,3,3,2,1,china_pride_treatment,independence_treatment,,3,,,3,3,
R_4Ia5H8bLn7pWQgx,89,1,2,4,1,1,5,1,10,6,10,2,1,0,16,1,5,,1,1,5,1,1,1,3,3,0,0,control,control,,,3,3,3,,3
R_4vy537r0njjHOqR,89,1,2,3,3,1,4,1,10,0,10,1,1,0,16,1,5,,1,1,5,2,1,3,3,3,1,0,taiwan_pride_treatment,control,4,,,4,,,1
R_4fmar4z8ykQ6SFY,84,1,21,3,5,1,4,1,10,0,5,1,1,0,17,1,5,,1,1,5,2,1,2,3,4,2,1,china_pride_treatment,independence_treatment,,2,,,2,1,
R_4po6vGV2mJlTE76,70,0,3,4,5,1,4,1,10,6,7,1,1,0,23,1,5,,1,5,1,1,1,3,2,3,2,0,china_pride_treatment,control,,3,,,3,,2
R_4g0ZTUyIhuWxeHm,85,1,4,4,12,1,4,1,9,1,10,2,1,0,18,1,5,,1,1,5,1,1,3,3,1,1,0,taiwan_pride_treatment,control,2,,,2,,,2
R_4wyktTfqcrac4HD,89,1,1,3,3,1,5,1,9,1,10,0,1,2,16,1,5,,1,1,5,2,1,1,4,3,2,1,china_pride_treatment,independence_treatment,,3,,,3,1,
R_4NeVa9do9J1zleN,75,1,5,3,12,1,4,1,7,5,6,1,1,2,12,1,5,,2,1,5,2,1,1,3,3,0,0,control,control,,,2,2,2,,2
R_4RJCc7jNVSK9K93,83,1,5,3,3,1,4,1,6,0,0,2,1,2,18,1,5,,1,1,5,1,1,3,3,4,1,0,taiwan_pride_treatment,control,2,,,2,,,0
R_4sh6EiWnHMMj7mI,62,1,2,3,12,1,6,3,8,4,10,0,1,2,16,1,6,,1,4,1,1,1,2,2,2,2,0,china_pride_treatment,control,,4,,,4,,1
R_4feiY8oBwkFmiA9,58,0,2,5,2,1,4,1,10,0,0,1,1,0,12,1,5,,1,1,1,2,1,1,3,1,0,0,control,control,,,2,2,2,,1
R_4Fvy0FTEDyyjRDP,82,1,2,3,12,1,4,1,10,0,9,2,1,0,4,1,5,,1,1,5,1,1,1,4,4,2,1,china_pride_treatment,independence_treatment,,2,,,2,2,
R_4QQyaOfkyD3527j,51,1,5,3,3,1,5,3,10,9,10,0,1,1,12,1,5,,1,1,1,2,1,1,3,4,1,0,taiwan_pride_treatment,control,4,,,4,,,2
R_4lUTilwJSPnDePn,88,1,2,3,3,1,4,1,10,0,8,2,1,0,16,1,5,,1,1,5,2,1,2,3,3,1,0,taiwan_pride_treatment,control,3,,,3,,,2
R_4OAHsSNN2vJemtQ,89,1,20,3,2,1,4,1,7,0,10,2,2,0,16,1,5,,1,5,5,2,1,3,3,1,1,0,taiwan_pride_treatment,control,1,,,1,,,0
R_4qDKHCyRRzzFfVz,76,0,3,4,2,1,4,1,10,0,5,1,1,0,16,1,6,,1,1,1,1,1,2,3,1,0,0,control,control,,,3,3,3,,1
R_4QhqTndGEfTDMwO,69,0,1,4,2,1,4,1,10,0,5,1,1,0,18,1,5,,2,1,1,2,1,2,3,1,2,1,china_pride_treatment,independence_treatment,,3,,,3,2,
R_4AGamx1F1zC9rTm,78,0,6,5,2,1,6,1,9,0,1,1,1,0,16,1,5,,1,1,5,2,1,3,3,1,2,1,china_pride_treatment,independence_treatment,,3,,,3,2,
R_4cou6ns6BHv8Zk9,62,0,21,3,3,1,6,1,8,4,6,0,1,0,15,0,,3,1,1,1,2,1,3,3,4,2,0,china_pride_treatment,control,,2,,,2,,0
R_4tKfujaroT9tK0i,68,1,4,2,1,1,6,1,10,0,9,2,1,0,17,1,5,,1,1,1,2,1,1,4,2,0,0,control,control,,,2,2,2,,2
R_4chby1Wi4Sm7IuW,73,1,3,3,3,1,3,3,10,6,9,0,0,1,16,1,6,,1,1,1,1,1,3,4,3,0,0,control,control,,,2,2,2,,2
R_4kbqF5nACVR7Kq5,73,1,4,2,1,1,5,3,9,6,10,0,1,1,16,1,5,,1,1,1,2,1,1,3,2,0,1,control,independence_treatment,,,3,3,3,2,
R_4q2IjBcq7WOaYAi,41,1,1,2,2,1,2,1,10,0,5,1,1,0,16,0,,3,2,1,1,1,1,3,3,1,0,0,control,control,,,3,3,3,,2
R_4hz5VcEw5luoQ4v,60,0,2,2,11,1,3,3,8,8,10,0,0,0,14,1,5,,1,1,1,1,1,1,5,4,0,0,control,control,,,3,3,3,,1
R_4JlQUWEc8uS3tfp,64,1,6,4,2,1,2,1,10,0,5,1,1,0,18,1,5,,2,1,5,1,0,1,4,1,2,0,china_pride_treatment,control,,2,,,2,,2
R_4T9jkoRc75KxHwt,80,0,20,4,3,1,6,1,10,0,10,2,1,2,16,1,6,,1,1,1,2,1,3,3,3,1,1,taiwan_pride_treatment,independence_treatment,3,,,3,,2,
R_4UWpvmwDLbG1vJ7,89,0,3,3,3,1,2,1,10,0,7,0,2,2,12,1,6,,1,5,5,1,1,3,4,3,2,0,china_pride_treatment,control,,3,,,3,,1
R_4pVvVfi4AsgVRHA,74,0,3,3,1,1,6,3,7,6,10,0,0,0,16,1,5,,1,5,5,2,1,1,4,2,0,1,control,independence_treatment,,,2,2,2,2,
R_4mX5bP5SdpYbVp7,68,1,2,5,2,1,4,1,9,4,8,2,0,0,13,1,5,,1,1,1,1,1,3,4,4,1,0,taiwan_pride_treatment,control,4,,,4,,,3
R_4mguoZuXyc5HZa0,68,0,2,5,2,1,4,1,10,0,8,1,1,0,18,1,5,,1,1,4,2,1,2,3,1,2,1,china_pride_treatment,independence_treatment,,1,,,1,2,
R_4kncTZ9ePVGHr1l,89,0,13,5,12,1,2,1,10,0,10,1,1,0,16,1,5,,1,1,1,1,1,3,3,4,1,1,taiwan_pride_treatment,independence_treatment,4,,,4,,3,
R_4kINEOd73R5yCJz,63,0,2,3,12,1,5,3,10,9,9,0,1,2,15,1,5,,1,1,1,1,1,3,3,2,1,1,taiwan_pride_treatment,independence_treatment,3,,,3,,1,
R_4fcLEcJ9w93eXOb,61,1,1,4,1,1,5,3,10,7,8,0,1,1,16,1,5,,1,1,1,1,1,2,3,4,0,0,control,control,,,2,2,2,,1
R_4OITHk15uYPsxOK,53,1,6,3,1,1,6,3,10,9,10,0,1,1,16,0,,3,1,5,1,1,1,1,3,2,0,1,control,independence_treatment,,,2,2,2,1,
R_494hzlTjZsLTyXT,89,1,5,3,1,1,5,1,8,3,10,0,1,2,16,1,5,,1,2,5,1,1,3,3,2,0,1,control,independence_treatment,,,3,3,3,2,
R_4asbIClahABTVSN,65,1,2,2,1,1,3,3,9,9,10,0,1,1,21,1,6,,1,5,2,1,1,3,3,2,1,1,taiwan_pride_treatment,independence_treatment,4,,,4,,2,
R_4rZEH6hbJgBxekz,80,0,1,3,1,1,5,3,7,4,7,0,1,0,19,1,6,,1,1,5,1,1,2,2,2,2,0,china_pride_treatment,control,,2,,,2,,1
R_4QPDSG51BCfszu9,60,0,1,2,1,1,5,3,10,9,10,0,1,2,16,1,6,,1,1,1,1,1,2,2,1,0,1,control,independence_treatment,,,3,3,3,2,
R_4qeyzbDuF3swD17,69,1,6,3,12,1,4,1,10,2,5,1,1,1,18,1,5,,1,1,1,1,1,5,2,1,1,0,taiwan_pride_treatment,control,4,,,4,,,2
R_41Z7WuxnCTh3a7o,79,0,6,4,12,1,4,1,7,2,10,1,1,2,24,1,5,,1,2,1,1,1,3,4,4,1,0,taiwan_pride_treatment,control,4,,,4,,,0
R_4CjnqJvqEfiMArn,87,1,1,4,1,1,3,3,7,5,10,0,0,2,16,1,5,,1,5,5,2,1,1,4,2,0,0,control,control,,,2,2,2,,1
R_4rMwDrIOrlrZJaz,86,0,1,5,3,1,4,1,10,2,7,0,1,0,16,1,5,,1,1,4,2,1,3,3,3,2,0,china_pride_treatment,control,,2,,,2,,3
R_4KTmxFxoMYHEhU4,82,1,21,4,2,1,4,1,6,2,0,1,1,0,16,1,5,,1,1,4,2,1,3,4,1,0,1,control,independence_treatment,,,3,3,3,2,
R_4nloRpT1o9Cp0Gn,82,1,6,4,3,1,2,1,10,1,2,1,1,0,16,1,5,,1,1,1,2,1,3,4,3,0,1,control,independence_treatment,,,3,3,3,3,
R_4CCcQEg8FgnRbkn,74,0,21,4,3,1,4,1,10,0,10,0,1,0,18,1,5,,1,1,4,1,1,3,2,3,2,1,china_pride_treatment,independence_treatment,,0,,,0,1,
R_4rStlQIoKhtyZPf,66,0,2,3,1,1,3,3,8,8,10,0,1,1,15,1,5,,1,1,5,1,1,2,3,2,2,1,china_pride_treatment,independence_treatment,,4,,,4,2,
R_4XbqdJtdqp1Dc1l,70,0,5,4,3,1,4,1,10,0,10,1,1,0,16,1,5,,1,1,1,1,1,3,4,3,2,1,china_pride_treatment,independence_treatment,,3,,,3,3,
R_4Gqa1aZuQ3Mgyu5,63,0,21,3,12,1,5,3,10,7,10,0,2,2,16,1,5,,1,1,1,2,1,5,3,3,1,0,taiwan_pride_treatment,control,0,,,0,,,0
R_4C8YUSo48yIraeE,82,1,8,3,12,1,3,1,7,2,7,1,1,1,9,0,,5,1,2,1,3,0,1,3,4,1,1,taiwan_pride_treatment,independence_treatment,3,,,3,,4,
R_4fEdQJUEdxgPX95,67,1,2,3,12,1,5,3,10,8,10,0,1,1,24,1,5,,1,1,5,2,1,1,3,1,1,1,taiwan_pride_treatment,independence_treatment,4,,,4,,1,
R_4ZVlZLlUPWoKOf8,83,0,2,3,3,1,4,1,10,0,10,1,1,0,16,1,5,,1,1,5,2,1,3,3,3,1,1,taiwan_pride_treatment,independence_treatment,4,,,4,,2,
R_4FhIHUPX64b20Tf,71,0,2,3,2,1,5,1,10,0,8,0,1,0,18,1,5,,1,1,1,2,1,2,3,1,0,0,control,control,,,3,3,3,,1
R_4TFK7wJPIJBxgBz,81,0,21,4,2,1,4,1,10,0,10,1,1,0,18,1,5,,1,1,4,2,1,3,3,1,2,1,china_pride_treatment,independence_treatment,,3,,,3,3,
R_4DwkNBmm1Ulaxej,67,0,3,3,3,1,6,1,7,3,9,0,1,2,16,1,5,,3,2,1,3,1,3,3,4,2,1,china_pride_treatment,independence_treatment,,3,,,3,1,
R_4P7RrMgsHeI54j2,71,0,4,5,3,1,5,1,7,5,10,0,1,1,1,1,1,,1,1,2,1,1,3,3,3,0,0,control,control,,,3,3,3,,2
R_4UpHFwdJh37JeN3,79,1,3,3,12,1,5,1,9,7,8,2,1,0,16,1,4,,1,1,5,2,1,3,3,4,1,0,taiwan_pride_treatment,control,4,,,4,,,1
R_4gGQ0g8NHlmY0Z3,76,1,6,3,11,1,5,1,6,5,6,2,0,0,16,1,5,,2,1,5,1,1,3,3,4,0,1,control,independence_treatment,,,3,3,3,2,
R_4EcPmvTapTRUcIN,92,0,22,4,2,1,4,1,10,0,10,1,1,0,15,1,5,,1,5,5,1,1,3,4,1,0,1,control,independence_treatment,,,2,2,2,2,
R_4wNciEsFkzUorXW,86,1,2,4,1,1,6,1,9,0,9,2,1,0,16,1,5,,1,2,5,1,1,2,3,3,1,0,taiwan_pride_treatment,control,4,,,4,,,2
R_4XoH1ZeDg7wpq13,70,0,5,4,12,1,4,1,10,3,10,2,1,2,9,1,5,,1,1,5,2,1,1,4,4,0,0,control,control,,,2,2,2,,2
R_4cDR8MGAEfYs5yN,63,1,4,3,12,1,5,1,10,0,10,2,0,0,18,1,5,,2,1,1,2,1,3,4,4,1,0,taiwan_pride_treatment,control,0,,,0,,,0
R_4M3AdlsQIubuV11,74,0,2,4,2,1,4,1,10,0,5,1,1,0,16,1,5,,1,2,1,1,1,3,3,1,0,0,control,control,,,1,1,1,,1
R_44ffbztSVvgWjUl,87,1,2,3,3,1,4,1,10,0,10,1,1,0,20,1,5,,1,1,5,2,1,1,3,1,0,0,control,control,,,1,1,1,,1
R_4Q9QPlm3Uiz2NHg,92,0,4,3,1,1,6,1,8,4,5,0,0,0,15,1,5,,1,8,1,3,1,3,3,4,0,0,control,control,,,3,3,3,,3
R_4kRp5vokR8jZAvS,87,0,1,3,3,1,5,1,6,2,7,2,1,0,8,1,5,,1,1,4,1,1,3,3,3,1,0,taiwan_pride_treatment,control,3,,,3,,,1
R_4z7r5wbyUuEzoe1,70,1,1,5,2,1,5,3,8,3,8,2,1,2,15,0,,5,1,1,2,1,1,3,4,4,2,1,china_pride_treatment,independence_treatment,,4,,,4,3,
R_4Ut3LgfSynAzaiR,80,1,16,3,12,1,3,1,6,5,8,2,1,2,22,1,6,,1,1,5,1,1,1,3,4,0,1,control,independence_treatment,,,3,3,3,2,
R_4eKOiFm4i0UzedL,87,0,1,4,3,1,4,1,10,0,10,1,1,2,16,1,1,,1,1,5,1,1,3,5,3,0,1,control,independence_treatment,,,2,2,2,2,
R_4Mo0CYawLbtCBlK,81,1,4,4,12,1,5,1,9,0,9,2,2,0,18,1,1,,1,1,5,2,1,5,4,4,2,1,china_pride_treatment,independence_treatment,,1,,,1,1,
R_4i2TMtQzbLfs97X,55,0,12,4,1,1,3,3,8,9,6,0,1,1,16,0,,3,1,5,5,1,1,3,2,2,2,0,china_pride_treatment,control,,4,,,4,,3
R_4ff7CxNz0HyCtzk,79,1,1,4,3,1,5,1,10,1,10,1,1,0,16,1,5,,1,1,5,1,1,3,3,3,1,0,taiwan_pride_treatment,control,4,,,4,,,2
R_4IypzRgil8pOb9S,67,0,3,3,12,1,6,3,5,6,5,0,2,2,6,0,,5,1,1,5,1,1,3,5,4,1,1,taiwan_pride_treatment,independence_treatment,0,,,0,,0,
R_4JL43y9OifX1KLQ,77,0,4,2,3,1,4,1,9,1,5,1,1,0,12,1,5,,1,1,4,1,1,3,3,3,1,0,taiwan_pride_treatment,control,3,,,3,,,2
R_4gFRZQfGqr2zFd7,74,1,1,3,1,2,6,3,10,0,10,2,1,1,2,1,5,,1,5,1,1,1,1,5,1,1,1,taiwan_pride_treatment,independence_treatment,4,,,4,,2,
R_4maGjZy8NhdIybe,68,1,4,2,12,1,4,1,10,0,10,2,1,0,16,1,5,,1,1,1,1,1,3,4,1,0,1,control,independence_treatment,,,1,1,1,1,
R_4QbldEY0TPqkwcg,70,1,4,2,12,1,5,3,8,7,9,0,1,2,16,1,5,,1,1,1,1,1,3,3,4,1,1,taiwan_pride_treatment,independence_treatment,4,,,4,,0,
R_4Nmn9pqEltBTrq1,92,0,2,4,9,1,4,1,10,3,6,2,1,0,15,0,,2,1,1,5,1,1,3,2,3,1,1,taiwan_pride_treatment,independence_treatment,3,,,3,,3,
R_4JabuGPHT24g7ek,70,1,6,3,12,1,6,1,7,6,6,1,1,0,22,1,5,,1,1,1,1,1,3,3,4,2,0,china_pride_treatment,control,,3,,,3,,3
R_4f8EGg2HwVx38o4,73,1,21,4,3,1,4,3,10,5,10,1,1,1,16,1,5,,1,1,1,2,1,3,4,3,0,1,control,independence_treatment,,,1,1,1,3,
R_4QA4BUoNa2H5Tgv,62,1,4,3,12,1,4,3,10,8,8,1,1,2,14,1,5,,1,1,1,1,1,3,3,2,2,1,china_pride_treatment,independence_treatment,,3,,,3,1,
R_4y1qi2wXm3FvEoV,85,1,6,3,2,1,4,1,10,0,5,1,2,0,16,1,5,,1,1,5,1,1,3,2,1,1,0,taiwan_pride_treatment,control,2,,,2,,,2
R_4hJOuIInT1FF9X2,90,0,8,4,3,1,6,3,10,1,10,0,0,0,18,1,5,,1,1,5,2,1,5,3,4,0,0,control,control,,,3,3,3,,1
R_4cp6ohLZ2yfR3yN,93,1,4,4,1,1,4,1,9,3,8,1,1,0,14,0,,2,1,1,5,2,1,3,3,4,0,0,control,control,,,3,3,3,,1
R_46a8IwVOy2ZcV2H,73,0,2,4,2,1,4,1,10,0,2,1,1,0,15,1,6,,1,1,1,1,1,3,3,1,0,0,control,control,,,2,2,2,,2
R_4YzAMWG951DBnIC,75,1,2,3,2,1,3,3,10,10,10,2,1,2,12,1,5,,1,1,5,2,1,2,3,2,1,1,taiwan_pride_treatment,independence_treatment,3,,,3,,3,
R_431FShk3mD6k6LD,73,0,6,2,1,1,3,3,9,10,10,0,1,1,12,1,5,,1,1,5,2,1,3,4,2,2,0,china_pride_treatment,control,,2,,,2,,2
R_4tJKfLhh3OFtPt7,87,0,1,3,1,1,2,3,9,1,7,1,1,1,18,1,5,,1,2,5,2,1,3,3,2,1,1,taiwan_pride_treatment,independence_treatment,4,,,4,,2,
R_4OUEpT5buoVdM6B,80,0,2,5,3,1,4,1,10,0,10,0,1,0,18,1,5,,1,1,5,1,1,3,4,3,2,0,china_pride_treatment,control,,3,,,3,,2
R_4V3BO18JJmU4sI9,82,1,2,4,3,1,4,1,10,0,10,1,1,0,17,1,5,,1,1,1,1,1,3,4,3,2,1,china_pride_treatment,independence_treatment,,1,,,1,2,
R_4fpvF5X8YUB9yhi,73,1,4,4,2,1,4,1,10,0,9,1,1,0,16,1,5,,1,1,4,2,1,4,3,1,2,1,china_pride_treatment,independence_treatment,,2,,,2,2,
R_4PgX8lMDNXvsBfh,77,1,2,3,3,1,5,1,9,0,10,2,1,0,12,1,5,,1,4,5,1,1,1,4,3,2,0,china_pride_treatment,control,,2,,,2,,0
R_4dEPeKCzqXOqSds,79,0,1,4,2,1,6,1,10,0,5,2,1,0,16,1,5,,1,2,1,1,1,2,2,1,2,1,china_pride_treatment,independence_treatment,,3,,,3,3,
R_4Nf8NfzkYUdBhIz,69,1,1,2,1,1,6,1,10,4,10,0,1,0,12,0,,1,1,5,1,1,1,3,3,2,0,0,control,control,,,2,2,2,,1
R_4Iu9EXgkEIaA83E,76,1,2,3,1,1,5,3,10,7,10,0,1,2,14,1,5,,1,1,5,2,1,3,3,2,2,0,china_pride_treatment,control,,3,,,3,,2
R_4ikdqBAyMSHoJ1W,70,0,2,4,1,1,5,3,10,9,10,0,1,1,21,1,5,,1,4,1,2,0,1,3,2,2,1,china_pride_treatment,independence_treatment,,3,,,3,1,
R_42z4VhCTHl8gFDi,79,1,1,3,12,1,6,3,9,7,7,1,1,1,18,1,4,,2,3,1,2,1,3,3,4,1,1,taiwan_pride_treatment,independence_treatment,4,,,4,,3,
R_4du37KUOryvLzPA,79,0,4,4,3,1,5,3,8,3,9,0,1,1,12,1,5,,1,1,1,2,1,2,2,3,0,0,control,control,,,3,3,3,,0
R_4PZCroDB3sQuXTn,63,0,8,3,1,1,6,3,9,8,9,0,1,1,18,1,6,,3,2,1,1,1,2,3,2,2,0,china_pride_treatment,control,,4,,,4,,1
R_41Bks8MxpUdSIOk,69,0,21,3,3,1,3,3,10,10,10,0,0,1,16,1,5,,2,1,1,2,1,2,3,3,0,0,control,control,,,1,1,1,,3
R_4q8kLHw0VTuDBsy,76,1,3,4,2,1,4,1,10,1,10,2,1,0,18,1,5,,1,1,1,1,1,3,3,1,1,0,taiwan_pride_treatment,control,4,,,4,,,2
R_4dE0mOLFPVEb5xD,86,0,2,3,3,1,4,3,10,6,5,2,1,2,19,0,,2,1,8,4,2,1,1,4,3,2,1,china_pride_treatment,independence_treatment,,3,,,3,4,
R_4xPTwRgbh1LXHWh,75,1,14,3,3,1,6,1,10,2,8,2,1,0,22,1,4,,2,1,5,1,1,1,3,3,0,0,control,control,,,1,1,1,,1
R_4B3ZlQyWQL46iV6,79,1,2,4,12,1,6,3,10,7,9,0,1,2,16,1,5,,1,1,5,1,1,1,3,4,2,1,china_pride_treatment,independence_treatment,,2,,,2,0,
R_4PAb9KuswUrSYtZ,73,1,2,4,3,1,4,1,10,0,10,2,1,0,16,1,5,,1,1,1,1,1,3,4,3,2,0,china_pride_treatment,control,,1,,,1,,1
R_4fZv2o32AFKKieT,86,1,2,3,12,1,4,1,10,0,9,2,1,2,14,1,5,,1,1,5,2,1,3,3,4,1,0,taiwan_pride_treatment,control,3,,,3,,,1
R_40dkwGlvCP8ezrH,69,1,7,3,12,1,5,3,10,10,10,2,1,1,16,1,5,,1,1,1,2,1,3,4,4,1,1,taiwan_pride_treatment,independence_treatment,1,,,1,,1,
R_43wh3gwMX7O5rwv,73,1,6,3,1,1,6,1,8,6,8,0,1,2,12,1,6,,1,1,5,2,1,1,3,2,0,0,control,control,,,1,1,1,,1
R_4po0DjWbWvMZ0EG,80,0,6,3,12,1,4,1,10,0,5,2,1,0,16,1,5,,1,1,1,2,1,3,4,3,0,0,control,control,,,3,3,3,,1
R_4NzSp1csGaSStpf,81,1,4,3,3,1,5,1,10,2,10,1,1,2,18,1,5,,1,1,5,1,1,3,3,4,1,0,taiwan_pride_treatment,control,2,,,2,,,2
R_45XFzDfQ0GBL63n,65,0,4,3,12,1,4,1,10,5,10,1,1,2,16,1,5,,1,5,1,2,1,1,3,1,1,0,taiwan_pride_treatment,control,4,,,4,,,2
R_4PgNx3LHf9onjjr,85,1,2,4,12,1,5,1,10,2,9,2,1,2,16,1,5,,1,5,1,2,1,3,3,4,1,1,taiwan_pride_treatment,independence_treatment,4,,,4,,2,
R_4sZdsEEudd7lN5v,52,1,2,1,2,1,4,1,10,0,10,1,1,0,9,0,,3,2,1,1,2,1,1,2,1,1,0,taiwan_pride_treatment,control,3,,,3,,,2
R_4Lpn9GnadXslzZz,59,0,4,3,12,1,5,3,5,5,5,2,1,1,12,1,1,,1,1,1,1,1,5,3,4,0,1,control,independence_treatment,,,3,3,3,3,
R_4tbpd4xuAOzFomO,82,1,13,5,2,1,4,1,10,0,10,1,1,0,16,1,5,,1,1,5,1,1,1,3,1,1,1,taiwan_pride_treatment,independence_treatment,3,,,3,,2,
R_4fVMX9fbti6LnIh,64,1,5,1,12,1,1,1,1,7,1,0,1,0,12,1,6,,1,2,5,1,1,1,3,2,0,0,control,control,,,3,3,3,,3
R_4wPdCPGx9rUNXlD,53,0,20,2,1,1,1,2,3,7,10,0,0,1,17,1,6,,1,4,3,2,1,4,4,4,0,0,control,control,,,3,3,3,,3
R_4KiMhQpm3yjRcyi,92,1,6,5,2,1,4,1,9,0,10,2,1,2,14,0,,2,1,1,5,1,1,3,3,1,1,1,taiwan_pride_treatment,independence_treatment,3,,,3,,2,
R_4449QabVF4qXnxv,67,1,6,3,12,1,6,3,9,8,6,2,2,2,12,0,,1,1,1,1,1,1,1,5,4,0,1,control,independence_treatment,,,1,1,1,3,
R_4rTYgnqXNRVXZSW,82,0,3,4,3,1,4,1,10,0,10,0,1,0,16,1,5,,2,1,5,2,1,3,3,3,2,0,china_pride_treatment,control,,3,,,3,,1
R_4QHxQHF1U15PBsd,65,1,6,3,12,1,5,1,8,8,7,1,1,0,12,1,5,,2,1,5,2,1,3,3,4,0,1,control,independence_treatment,,,3,3,3,3,
R_4FsKSSEV3I4gO38,86,0,5,4,5,1,4,1,6,0,5,1,1,0,16,0,,5,1,3,5,2,1,3,3,4,2,1,china_pride_treatment,independence_treatment,,3,,,3,2,
R_4EEJw09Pfd0WzmN,88,1,9,4,3,1,4,1,10,0,10,2,0,0,15,0,,5,1,1,5,1,1,3,3,3,1,0,taiwan_pride_treatment,control,2,,,2,,,1
R_4aJfx2Yl0vkfgK4,72,0,2,4,2,1,5,1,8,5,8,2,1,2,13,1,5,,1,5,1,2,1,1,3,1,0,1,control,independence_treatment,,,2,2,2,2,
R_4wp5Xa4NDN1fOx3,71,0,6,3,3,1,6,3,4,4,5,0,1,0,4,1,6,,1,1,1,2,1,5,4,4,2,1,china_pride_treatment,independence_treatment,,3,,,3,1,
R_4qCqekJT5UMBhAa,63,0,2,4,5,1,4,1,10,5,10,1,1,1,17,1,5,,1,1,1,1,1,3,3,3,2,1,china_pride_treatment,independence_treatment,,4,,,4,2,
R_4GvLEfRqsN4dnPE,79,0,3,4,3,1,6,1,10,0,1,1,1,0,16,1,5,,1,1,1,2,1,3,3,3,0,0,control,control,,,3,3,3,,1
R_4xJo1TQF9apOUDv,69,0,6,3,1,1,6,1,10,0,10,0,1,0,14,1,4,,1,1,1,2,1,3,3,2,2,1,china_pride_treatment,independence_treatment,,1,,,1,3,
R_4haoKAPsZktmgO8,85,1,2,5,3,1,4,1,10,0,10,2,1,0,16,1,5,,1,1,5,2,1,3,3,3,0,0,control,control,,,3,3,3,,1
R_40uSOoPSK74iyXy,87,1,4,5,2,1,4,1,10,0,4,1,1,0,13,1,5,,1,1,5,2,1,1,3,1,0,0,control,control,,,1,1,1,,0
R_4rIMiNfTCPzU2q1,87,1,2,3,1,1,5,1,8,3,10,2,1,2,19,1,5,,1,2,5,1,1,2,3,2,1,0,taiwan_pride_treatment,control,1,,,1,,,1
R_4b14kodNPwtTkwp,85,1,2,4,2,1,4,1,10,8,10,2,1,1,12,1,5,,1,1,1,1,1,3,3,1,2,0,china_pride_treatment,control,,3,,,3,,2
R_4131heg9W0yRMhH,87,1,1,4,12,1,4,1,10,0,5,2,1,0,16,1,5,,1,1,4,1,1,1,3,1,0,0,control,control,,,2,2,2,,2
R_4Ejbq0LrnckAB69,50,0,1,5,1,1,3,3,8,7,6,0,1,1,19,1,6,,1,5,1,2,0,5,2,4,0,1,control,independence_treatment,,,2,2,2,2,
R_48YSUSo05z4uL6C,64,1,2,4,2,1,5,1,9,5,9,0,1,2,16,1,1,,1,1,1,1,1,1,2,1,2,0,china_pride_treatment,control,,3,,,3,,2
R_464KBRRAxYPmhDs,70,0,4,2,2,1,4,1,10,0,1,1,1,0,18,1,6,,2,1,5,1,1,3,3,1,2,0,china_pride_treatment,control,,2,,,2,,1
R_4eeoYBi9jR9F6Ao,77,1,5,3,1,1,5,1,10,4,4,0,1,0,12,1,5,,1,5,5,1,1,1,5,2,0,1,control,independence_treatment,,,2,2,2,1,
R_4rN8ScYbWKKorck,77,1,9,3,1,1,6,1,9,2,9,0,1,0,16,1,5,,1,1,1,2,1,3,4,2,0,1,control,independence_treatment,,,0,0,0,1,
R_4Sk5MxcH7nUQlME,61,0,1,4,2,1,4,1,10,0,0,1,1,0,18,1,5,,2,1,1,2,1,2,2,1,0,0,control,control,,,3,3,3,,2
R_42WBcvhM3fRBXIr,47,0,4,5,2,1,2,1,10,0,0,1,1,0,12,1,1,,2,1,1,2,1,5,4,1,2,0,china_pride_treatment,control,,2,,,2,,3
R_40ca8h9sqB7Cgpj,82,0,9,3,1,1,6,3,4,6,5,0,1,1,16,1,5,,2,1,5,2,1,3,4,2,2,0,china_pride_treatment,control,,2,,,2,,3
R_4rzTPPxEZF6S1nr,69,1,4,4,1,1,4,3,10,7,9,2,1,2,12,1,5,,1,1,5,1,1,3,3,4,1,1,taiwan_pride_treatment,independence_treatment,2,,,2,,2,
R_4vdmwyb4EtZAXSQ,92,0,3,4,12,1,6,1,9,1,10,1,1,0,16,1,5,,1,5,5,2,1,5,2,4,1,0,taiwan_pride_treatment,control,4,,,4,,,2
R_4JKrIEdG6eg1FQ5,64,1,2,3,1,1,6,3,10,9,10,0,1,1,16,1,5,,1,5,1,1,1,3,2,2,0,0,control,control,,,3,3,3,,2
R_4M4BCnBG4G7Nyoq,89,1,2,4,3,1,6,3,10,5,10,0,2,2,16,1,5,,1,1,5,1,1,3,3,4,0,0,control,control,,,2,2,2,,1
R_4Vj70iu9Ax6IBDr,73,1,14,4,12,1,5,1,9,1,9,2,1,2,14,1,5,,1,1,2,2,1,5,5,4,1,1,taiwan_pride_treatment,independence_treatment,3,,,3,,1,
R_4qeTrxUFlIlIP6d,63,0,4,5,3,1,3,3,10,10,10,0,1,1,16,0,,3,1,2,2,2,1,3,3,3,2,0,china_pride_treatment,control,,4,,,4,,3
R_4KqEDfPzqPN0oG8,67,0,1,5,2,1,4,1,10,0,1,1,1,0,16,1,5,,2,1,1,1,1,2,3,1,0,0,control,control,,,3,3,3,,2
R_2BWwuSFimO6ENPN,83,1,4,4,1,1,4,1,6,5,4,1,1,0,17,1,5,,1,1,5,2,1,3,3,2,2,1,china_pride_treatment,independence_treatment,,3,,,3,3,
R_4Hzv1LzNow7BNEg,60,1,2,5,3,1,5,3,10,5,7,2,1,2,17,1,5,,1,4,1,1,1,3,3,3,0,1,control,independence_treatment,,,2,2,2,2,
R_45ELxhawoiuAh0k,62,0,7,5,1,1,5,3,10,10,10,0,1,1,19,1,5,,1,4,1,2,1,1,3,2,1,0,taiwan_pride_treatment,control,4,,,4,,,2
R_4FacplyO804KQ7a,71,1,1,3,5,1,5,1,10,1,10,1,1,0,16,1,5,,1,1,1,1,1,5,3,1,1,1,taiwan_pride_treatment,independence_treatment,4,,,4,,1,
R_4JJxQORwa1Bo8Fk,66,1,2,3,12,1,6,3,10,6,10,2,1,1,17,1,5,,1,1,5,1,1,3,3,4,0,1,control,independence_treatment,,,3,3,3,0,
R_4VO2doSyxoDdubQ,94,1,18,3,12,1,6,1,5,5,5,2,1,2,12,1,5,,1,2,5,1,1,1,4,4,2,1,china_pride_treatment,independence_treatment,,2,,,2,4,
R_4OCAENrdUq41ghb,82,1,20,4,12,1,6,4,7,4,10,2,2,2,16,1,5,,1,1,5,2,1,3,3,3,2,1,china_pride_treatment,independence_treatment,,2,,,2,0,
R_4C5wmlZQxr3fenv,82,1,1,3,3,1,5,1,8,6,7,1,0,0,22,1,4,,1,1,1,1,1,3,2,3,1,0,taiwan_pride_treatment,control,1,,,1,,,1
R_4QFc9WvSrkASSaD,93,1,2,5,12,1,4,1,8,0,7,1,1,2,13,0,,2,1,1,5,2,1,3,3,4,2,0,china_pride_treatment,control,,2,,,2,,0
R_4Cjge9mEnHPaT2v,59,0,2,3,1,1,3,3,10,10,10,0,1,1,16,1,5,,2,1,1,1,1,3,4,2,0,1,control,independence_treatment,,,3,3,3,2,
R_4fDVaVHL992OM1K,67,0,2,4,11,1,3,3,10,10,9,0,1,1,16,1,5,,1,1,1,2,1,2,3,3,1,0,taiwan_pride_treatment,control,3,,,3,,,3
R_4K3kqNAeATaQv3n,59,0,1,2,1,1,3,1,7,7,7,1,1,2,9,1,5,,2,1,1,1,1,1,4,2,1,1,taiwan_pride_treatment,independence_treatment,4,,,4,,4,
R_6v7ZZn0orl7axCa,89,0,1,4,1,1,5,2,10,10,10,2,1,1,15,1,5,,1,1,5,2,1,3,4,4,1,0,taiwan_pride_treatment,control,2,,,2,,,1
R_4NweZcrG8c8N1I7,76,1,2,3,12,1,5,1,8,2,5,2,1,2,8,0,,1,2,1,4,4,1,3,4,4,1,1,taiwan_pride_treatment,independence_treatment,2,,,2,,1,
R_4gOtM5Npb5WrasK,76,0,3,3,2,1,1,1,10,10,5,1,1,1,9,1,5,,1,1,5,1,0,5,5,1,0,1,control,independence_treatment,,,3,3,3,4,
R_4R1gs1n7OOpXmMh,80,1,1,4,1,1,4,1,8,0,4,1,1,0,12,1,1,,1,1,5,3,1,1,3,2,0,0,control,control,,,2,2,2,,1
R_4jcFV2DfYrJDRy0,75,1,4,3,1,1,6,1,10,6,10,1,1,1,12,1,1,,1,1,5,2,1,1,4,4,2,1,china_pride_treatment,independence_treatment,,3,,,3,2,
R_4U5ZaobD4vj4pnG,60,1,4,3,2,1,4,1,0,10,5,1,1,0,16,1,5,,1,2,5,2,1,3,3,1,0,1,control,independence_treatment,,,3,3,3,3,
R_4asN83qgoOdQAPv,79,0,1,3,3,1,6,3,8,4,9,0,1,2,16,1,6,,1,1,1,2,1,3,3,3,2,1,china_pride_treatment,independence_treatment,,4,,,4,1,
R_4JIodAE8Y5384UG,60,0,2,5,2,1,3,3,10,5,10,0,1,1,18,1,5,,2,1,1,1,1,5,2,1,0,0,control,control,,,1,1,1,,2
R_46nhVnhEctg1ReU,89,0,1,4,3,1,4,1,9,1,8,1,1,0,18,1,5,,1,1,1,1,1,2,3,3,2,1,china_pride_treatment,independence_treatment,,2,,,2,2,
R_4SrDxRfbs5iqkz8,68,0,21,4,11,1,5,3,7,6,8,0,0,1,19,1,5,,1,1,1,1,1,3,3,3,0,1,control,independence_treatment,,,1,1,1,0,
R_4BtOaTbmcNhkJLr,79,0,1,4,1,1,3,3,9,7,9,0,1,1,16,1,5,,1,1,1,1,1,3,3,2,1,0,taiwan_pride_treatment,control,4,,,4,,,2
R_4XilxNbfuw12TlV,75,1,1,4,2,1,4,1,10,0,5,1,1,0,12,1,5,,1,1,1,1,1,3,4,1,0,1,control,independence_treatment,,,3,3,3,2,
R_4whFFKfckLnurRw,49,1,4,3,2,1,4,3,10,10,10,1,1,1,16,1,5,,1,4,1,2,1,3,2,1,2,0,china_pride_treatment,control,,3,,,3,,1
R_4NcaFL7VqHNfkRz,71,1,13,3,12,2,3,2,4,7,8,2,0,0,18,1,1,,7,4,1,2,1,2,3,3,1,0,taiwan_pride_treatment,control,3,,,3,,,2
R_4fWtrcThxjPa4St,59,1,3,3,12,1,5,1,10,0,0,1,1,0,12,1,5,,1,1,1,4,0,1,3,4,1,0,taiwan_pride_treatment,control,2,,,2,,,2
R_4TNO4En3FRzXG5H,68,0,9,3,12,1,6,1,10,10,10,1,1,1,3,0,,5,1,1,5,2,1,1,1,1,2,1,china_pride_treatment,independence_treatment,,3,,,3,3,
R_4PMMvoEyoB3DG6G,87,0,3,4,3,1,6,3,10,7,10,0,1,1,19,0,,2,1,1,5,2,1,2,2,3,1,1,taiwan_pride_treatment,independence_treatment,3,,,3,,1,
R_47qC8wo17f38vd7,88,0,5,3,1,1,3,3,10,10,10,0,0,1,16,1,5,,2,1,1,2,1,3,3,2,0,1,control,independence_treatment,,,3,3,3,2,
R_4fj12AweGghBqnY,80,0,20,3,12,1,3,1,10,3,3,2,2,2,12,1,5,,1,2,1,1,1,1,3,4,0,1,control,independence_treatment,,,1,1,1,1,
R_4uEZrwON088gimv,95,1,3,3,2,1,6,3,7,0,2,2,1,2,6,0,,2,7,8,5,3,1,1,3,1,2,1,china_pride_treatment,independence_treatment,,4,,,4,4,
R_4DJj9kPjYA96gN3,60,1,4,2,2,1,6,1,10,5,10,0,1,0,16,1,6,,1,1,5,2,1,1,3,1,0,1,control,independence_treatment,,,2,2,2,2,
R_4kRHUYaMt6iZCrv,56,0,2,3,9,1,4,1,10,0,2,0,1,0,16,0,,3,1,1,1,2,1,1,3,1,2,1,china_pride_treatment,independence_treatment,,2,,,2,2,
R_4m2UHifc9paFkfn,85,0,2,3,1,1,5,1,10,1,10,1,1,0,13,1,4,,1,1,4,1,1,3,3,1,1,0,taiwan_pride_treatment,control,4,,,4,,,2
R_47ARwlmgzaEPIid,70,0,4,5,2,1,5,1,10,0,10,2,1,0,12,1,5,,1,1,5,1,0,3,4,1,0,0,control,control,,,3,3,3,,3
R_4R3BMpiOUoO3KQd,59,0,6,4,12,1,6,1,10,0,7,1,1,0,17,1,1,,1,5,5,2,1,3,1,1,2,0,china_pride_treatment,control,,3,,,3,,2
R_4w6RViRFcMzl2pK,66,0,5,3,12,1,6,1,10,1,8,0,1,0,16,1,5,,1,1,1,2,0,1,3,4,1,0,taiwan_pride_treatment,control,3,,,3,,,1
R_40Hl5KJBLav5beF,81,0,6,4,1,1,4,1,10,3,6,1,1,0,16,1,5,,2,1,1,2,1,3,3,2,2,1,china_pride_treatment,independence_treatment,,3,,,3,2,
R_4Kp5aTmTM7scDB4,83,0,4,3,3,1,6,1,10,2,10,2,1,0,18,1,5,,1,1,5,2,1,1,4,3,0,1,control,independence_treatment,,,3,3,3,2,
R_4pY9GKDw0Qnq9f3,87,0,2,3,3,1,5,3,10,8,10,2,1,1,18,1,5,,1,1,5,1,1,3,3,3,2,1,china_pride_treatment,independence_treatment,,4,,,4,2,
R_4Cjk7U0bqFG7pXc,80,1,1,4,2,1,4,3,10,8,9,2,1,2,17,1,5,,1,2,5,1,1,3,3,1,1,0,taiwan_pride_treatment,control,2,,,2,,,1
R_4XWp2Gg1kYGBmI9,55,0,14,4,3,1,5,3,5,8,8,0,0,1,14,0,,3,1,4,5,2,1,1,3,3,2,0,china_pride_treatment,control,,3,,,3,,1
R_4OcSjG639fwLXzj,65,0,7,4,1,1,6,3,10,10,10,0,1,1,17,1,6,,1,2,1,2,1,3,3,3,1,1,taiwan_pride_treatment,independence_treatment,4,,,4,,1,
R_4S6Ku2PdfgZ0zP3,81,1,1,4,3,1,4,1,10,0,10,1,1,0,19,1,5,,1,1,1,1,1,3,2,3,2,1,china_pride_treatment,independence_treatment,,1,,,1,2,
R_4orHmWHjgJFmL4d,76,1,5,4,3,1,5,1,8,0,10,1,0,0,16,1,5,,1,1,1,1,1,5,3,3,2,1,china_pride_treatment,independence_treatment,,2,,,2,1,
R_467dnKirhd1N9Id,69,1,6,3,1,1,5,1,9,4,9,2,1,2,23,1,1,,2,1,5,1,1,2,2,2,1,1,taiwan_pride_treatment,independence_treatment,3,,,3,,1,
R_4K6xs64oRWtVFtC,74,1,1,3,12,1,4,1,10,0,10,1,2,0,16,1,5,,1,4,5,1,1,3,4,4,0,1,control,independence_treatment,,,1,1,1,2,
R_4zr2oEaiCO2h4NH,78,0,4,3,3,1,5,1,10,5,10,0,1,0,15,1,5,,2,1,5,2,1,3,4,3,2,0,china_pride_treatment,control,,3,,,3,,2
R_4oCOAJZnxqBRWLf,76,0,4,5,2,1,6,1,10,0,10,1,1,0,15,1,5,,2,1,5,2,1,1,4,4,1,0,taiwan_pride_treatment,control,2,,,2,,,1
R_4R7VMd42WRDD21E,75,1,6,4,3,1,6,1,10,1,8,2,1,2,18,0,,6,2,1,5,1,1,3,4,3,2,1,china_pride_treatment,independence_treatment,,3,,,3,2,
R_49tDSm7SRmw5R8E,69,1,4,3,12,1,5,3,10,5,10,2,0,2,12,0,,5,1,5,4,2,1,3,5,4,1,1,taiwan_pride_treatment,independence_treatment,0,,,0,,0,
R_4dLwKK89Dh0xqt8,74,1,3,4,1,1,3,3,10,10,10,0,1,1,22,1,5,,1,5,5,2,0,1,3,2,0,0,control,control,,,3,3,3,,3
R_4y94UpIDm86Pld2,82,0,1,4,2,1,6,1,10,3,7,0,0,0,22,1,6,,1,1,5,2,1,1,4,4,0,0,control,control,,,3,3,3,,2
R_4nTOLWXWU6Y9PZz,80,0,1,2,1,1,6,1,9,9,10,1,1,0,15,1,5,,1,1,1,2,1,3,2,2,0,0,control,control,,,2,2,2,,1
R_4zi58v5QegGMNRy,90,1,6,4,1,1,5,1,10,0,10,2,1,0,16,1,5,,1,5,5,1,1,1,3,3,1,0,taiwan_pride_treatment,control,3,,,3,,,1
R_4LZJCVeDH0Xt5Xr,79,0,1,3,12,1,4,1,8,2,9,2,1,2,16,1,5,,1,5,1,1,1,3,2,4,2,1,china_pride_treatment,independence_treatment,,3,,,3,2,
R_4dsWzpkA1a7DDdw,58,0,11,3,12,1,5,3,5,10,9,2,2,2,12,0,,3,2,1,1,2,1,3,3,4,1,0,taiwan_pride_treatment,control,2,,,2,,,2
R_41yteeW6CXr15Ul,78,1,6,3,1,1,5,3,10,5,10,2,0,2,16,1,5,,1,1,5,2,1,2,3,2,1,0,taiwan_pride_treatment,control,3,,,3,,,1
R_43e7g7sDJN85NI1,65,0,3,4,1,1,3,1,8,2,9,0,1,0,18,1,5,,1,1,1,1,1,5,3,2,0,0,control,control,,,2,2,2,,1
